OnProlog triggered - registering handlers:
Array
(
    [time] => 2026-03-06 12:13:58
)


Lists handlers registered (3 variants):
Array
(
    [time] => 2026-03-06 12:13:58
)


OnProlog triggered - registering handlers:
Array
(
    [time] => 2026-03-06 12:13:58
)


Lists handlers registered (3 variants):
Array
(
    [time] => 2026-03-06 12:13:58
)


OnProlog triggered - registering handlers:
Array
(
    [time] => 2026-03-06 12:14:01
)


Lists handlers registered (3 variants):
Array
(
    [time] => 2026-03-06 12:14:01
)


OnProlog triggered - registering handlers:
Array
(
    [time] => 2026-03-06 12:14:02
)


Lists handlers registered (3 variants):
Array
(
    [time] => 2026-03-06 12:14:02
)


OnProlog triggered - registering handlers:
Array
(
    [time] => 2026-03-06 12:14:02
)


Lists handlers registered (3 variants):
Array
(
    [time] => 2026-03-06 12:14:02
)


OnProlog triggered - registering handlers:
Array
(
    [time] => 2026-03-06 12:14:03
)


Lists handlers registered (3 variants):
Array
(
    [time] => 2026-03-06 12:14:03
)


OnProlog triggered - registering handlers:
Array
(
    [time] => 2026-03-06 12:14:04
)


Lists handlers registered (3 variants):
Array
(
    [time] => 2026-03-06 12:14:04
)


OnProlog triggered - registering handlers:
Array
(
    [time] => 2026-03-06 12:14:04
)


Lists handlers registered (3 variants):
Array
(
    [time] => 2026-03-06 12:14:04
)


OnProlog triggered - registering handlers:
Array
(
    [time] => 2026-03-06 12:14:04
)


Lists handlers registered (3 variants):
Array
(
    [time] => 2026-03-06 12:14:04
)


OnProlog triggered - registering handlers:
Array
(
    [time] => 2026-03-06 12:14:06
)


Lists handlers registered (3 variants):
Array
(
    [time] => 2026-03-06 12:14:06
)


OnProlog triggered - registering handlers:
Array
(
    [time] => 2026-03-06 12:14:07
)


Lists handlers registered (3 variants):
Array
(
    [time] => 2026-03-06 12:14:07
)


OnProlog triggered - registering handlers:
Array
(
    [time] => 2026-03-06 12:14:07
)


Lists handlers registered (3 variants):
Array
(
    [time] => 2026-03-06 12:14:07
)


OnProlog triggered - registering handlers:
Array
(
    [time] => 2026-03-06 12:14:13
)


Lists handlers registered (3 variants):
Array
(
    [time] => 2026-03-06 12:14:13
)


OnProlog triggered - registering handlers:
Array
(
    [time] => 2026-03-06 12:14:14
)


Lists handlers registered (3 variants):
Array
(
    [time] => 2026-03-06 12:14:14
)


OnProlog triggered - registering handlers:
Array
(
    [time] => 2026-03-06 12:14:14
)


Lists handlers registered (3 variants):
Array
(
    [time] => 2026-03-06 12:14:14
)


OnProlog triggered - registering handlers:
Array
(
    [time] => 2026-03-06 12:14:14
)


Lists handlers registered (3 variants):
Array
(
    [time] => 2026-03-06 12:14:14
)


OnProlog triggered - registering handlers:
Array
(
    [time] => 2026-03-06 12:14:17
)


Lists handlers registered (3 variants):
Array
(
    [time] => 2026-03-06 12:14:17
)


OnProlog triggered - registering handlers:
Array
(
    [time] => 2026-03-06 12:14:17
)


Lists handlers registered (3 variants):
Array
(
    [time] => 2026-03-06 12:14:17
)


OnProlog triggered - registering handlers:
Array
(
    [time] => 2026-03-06 12:14:18
)


Lists handlers registered (3 variants):
Array
(
    [time] => 2026-03-06 12:14:18
)


OnProlog triggered - registering handlers:
Array
(
    [time] => 2026-03-06 12:14:19
)


Lists handlers registered (3 variants):
Array
(
    [time] => 2026-03-06 12:14:19
)


OnProlog triggered - registering handlers:
Array
(
    [time] => 2026-03-06 12:14:19
)


Lists handlers registered (3 variants):
Array
(
    [time] => 2026-03-06 12:14:19
)


OnProlog triggered - registering handlers:
Array
(
    [time] => 2026-03-06 12:14:20
)


Lists handlers registered (3 variants):
Array
(
    [time] => 2026-03-06 12:14:20
)


OnProlog triggered - registering handlers:
Array
(
    [time] => 2026-03-06 12:14:23
)


Lists handlers registered (3 variants):
Array
(
    [time] => 2026-03-06 12:14:23
)


OnProlog triggered - registering handlers:
Array
(
    [time] => 2026-03-06 12:14:23
)


Lists handlers registered (3 variants):
Array
(
    [time] => 2026-03-06 12:14:23
)


OnProlog triggered - registering handlers:
Array
(
    [time] => 2026-03-06 12:14:24
)


Lists handlers registered (3 variants):
Array
(
    [time] => 2026-03-06 12:14:24
)


OnProlog triggered - registering handlers:
Array
(
    [time] => 2026-03-06 12:14:26
)


Lists handlers registered (3 variants):
Array
(
    [time] => 2026-03-06 12:14:26
)


OnProlog triggered - registering handlers:
Array
(
    [time] => 2026-03-06 12:14:26
)


Lists handlers registered (3 variants):
Array
(
    [time] => 2026-03-06 12:14:26
)


OnProlog triggered - registering handlers:
Array
(
    [time] => 2026-03-06 12:14:28
)


Lists handlers registered (3 variants):
Array
(
    [time] => 2026-03-06 12:14:28
)


OnProlog triggered - registering handlers:
Array
(
    [time] => 2026-03-06 12:14:29
)


Lists handlers registered (3 variants):
Array
(
    [time] => 2026-03-06 12:14:29
)


OnProlog triggered - registering handlers:
Array
(
    [time] => 2026-03-06 12:14:29
)


Lists handlers registered (3 variants):
Array
(
    [time] => 2026-03-06 12:14:29
)


OnProlog triggered - registering handlers:
Array
(
    [time] => 2026-03-06 12:14:37
)


Lists handlers registered (3 variants):
Array
(
    [time] => 2026-03-06 12:14:37
)


OnProlog triggered - registering handlers:
Array
(
    [time] => 2026-03-06 12:14:37
)


Lists handlers registered (3 variants):
Array
(
    [time] => 2026-03-06 12:14:37
)


OnProlog triggered - registering handlers:
Array
(
    [time] => 2026-03-06 12:14:41
)


Lists handlers registered (3 variants):
Array
(
    [time] => 2026-03-06 12:14:41
)


OnProlog triggered - registering handlers:
Array
(
    [time] => 2026-03-06 12:14:42
)


Lists handlers registered (3 variants):
Array
(
    [time] => 2026-03-06 12:14:42
)


OnProlog triggered - registering handlers:
Array
(
    [time] => 2026-03-06 12:14:42
)


Lists handlers registered (3 variants):
Array
(
    [time] => 2026-03-06 12:14:42
)


OnProlog triggered - registering handlers:
Array
(
    [time] => 2026-03-06 12:14:44
)


Lists handlers registered (3 variants):
Array
(
    [time] => 2026-03-06 12:14:44
)


OnProlog triggered - registering handlers:
Array
(
    [time] => 2026-03-06 12:14:45
)


Lists handlers registered (3 variants):
Array
(
    [time] => 2026-03-06 12:14:45
)


OnProlog triggered - registering handlers:
Array
(
    [time] => 2026-03-06 12:14:46
)


Lists handlers registered (3 variants):
Array
(
    [time] => 2026-03-06 12:14:46
)


OnProlog triggered - registering handlers:
Array
(
    [time] => 2026-03-06 12:14:46
)


Lists handlers registered (3 variants):
Array
(
    [time] => 2026-03-06 12:14:46
)


OnProlog triggered - registering handlers:
Array
(
    [time] => 2026-03-06 12:14:48
)


Lists handlers registered (3 variants):
Array
(
    [time] => 2026-03-06 12:14:48
)


OnProlog triggered - registering handlers:
Array
(
    [time] => 2026-03-06 12:14:49
)


Lists handlers registered (3 variants):
Array
(
    [time] => 2026-03-06 12:14:49
)


OnProlog triggered - registering handlers:
Array
(
    [time] => 2026-03-06 12:14:49
)


Lists handlers registered (3 variants):
Array
(
    [time] => 2026-03-06 12:14:49
)


OnProlog triggered - registering handlers:
Array
(
    [time] => 2026-03-06 12:14:50
)


Lists handlers registered (3 variants):
Array
(
    [time] => 2026-03-06 12:14:50
)


OnProlog triggered - registering handlers:
Array
(
    [time] => 2026-03-06 12:14:51
)


Lists handlers registered (3 variants):
Array
(
    [time] => 2026-03-06 12:14:51
)


OnProlog triggered - registering handlers:
Array
(
    [time] => 2026-03-06 12:14:52
)


Lists handlers registered (3 variants):
Array
(
    [time] => 2026-03-06 12:14:52
)


OnProlog triggered - registering handlers:
Array
(
    [time] => 2026-03-06 12:14:53
)


Lists handlers registered (3 variants):
Array
(
    [time] => 2026-03-06 12:14:53
)


OnProlog triggered - registering handlers:
Array
(
    [time] => 2026-03-06 12:14:54
)


Lists handlers registered (3 variants):
Array
(
    [time] => 2026-03-06 12:14:54
)


OnProlog triggered - registering handlers:
Array
(
    [time] => 2026-03-06 12:14:54
)


Lists handlers registered (3 variants):
Array
(
    [time] => 2026-03-06 12:14:54
)


OnProlog triggered - registering handlers:
Array
(
    [time] => 2026-03-06 12:15:02
)


Lists handlers registered (3 variants):
Array
(
    [time] => 2026-03-06 12:15:02
)


OnProlog triggered - registering handlers:
Array
(
    [time] => 2026-03-06 12:15:05
)


Lists handlers registered (3 variants):
Array
(
    [time] => 2026-03-06 12:15:05
)


OnProlog triggered - registering handlers:
Array
(
    [time] => 2026-03-06 12:15:13
)


Lists handlers registered (3 variants):
Array
(
    [time] => 2026-03-06 12:15:13
)


OnProlog triggered - registering handlers:
Array
(
    [time] => 2026-03-06 12:15:15
)


Lists handlers registered (3 variants):
Array
(
    [time] => 2026-03-06 12:15:15
)


OnProlog triggered - registering handlers:
Array
(
    [time] => 2026-03-06 12:15:18
)


Lists handlers registered (3 variants):
Array
(
    [time] => 2026-03-06 12:15:18
)


OnProlog triggered - registering handlers:
Array
(
    [time] => 2026-03-06 12:15:20
)


Lists handlers registered (3 variants):
Array
(
    [time] => 2026-03-06 12:15:20
)


OnProlog triggered - registering handlers:
Array
(
    [time] => 2026-03-06 12:15:39
)


Lists handlers registered (3 variants):
Array
(
    [time] => 2026-03-06 12:15:39
)


OnProlog triggered - registering handlers:
Array
(
    [time] => 2026-03-06 12:15:39
)


Lists handlers registered (3 variants):
Array
(
    [time] => 2026-03-06 12:15:39
)


OnProlog triggered - registering handlers:
Array
(
    [time] => 2026-03-06 12:15:46
)


Lists handlers registered (3 variants):
Array
(
    [time] => 2026-03-06 12:15:46
)


OnProlog triggered - registering handlers:
Array
(
    [time] => 2026-03-06 12:15:54
)


Lists handlers registered (3 variants):
Array
(
    [time] => 2026-03-06 12:15:54
)


OnProlog triggered - registering handlers:
Array
(
    [time] => 2026-03-06 12:15:55
)


Lists handlers registered (3 variants):
Array
(
    [time] => 2026-03-06 12:15:55
)


OnProlog triggered - registering handlers:
Array
(
    [time] => 2026-03-06 12:15:55
)


Lists handlers registered (3 variants):
Array
(
    [time] => 2026-03-06 12:15:55
)


OnProlog triggered - registering handlers:
Array
(
    [time] => 2026-03-06 12:16:01
)


Lists handlers registered (3 variants):
Array
(
    [time] => 2026-03-06 12:16:01
)


OnProlog triggered - registering handlers:
Array
(
    [time] => 2026-03-06 12:16:02
)


Lists handlers registered (3 variants):
Array
(
    [time] => 2026-03-06 12:16:02
)


OnProlog triggered - registering handlers:
Array
(
    [time] => 2026-03-06 12:16:02
)


Lists handlers registered (3 variants):
Array
(
    [time] => 2026-03-06 12:16:02
)


OnProlog triggered - registering handlers:
Array
(
    [time] => 2026-03-06 12:16:05
)


Lists handlers registered (3 variants):
Array
(
    [time] => 2026-03-06 12:16:05
)


OnProlog triggered - registering handlers:
Array
(
    [time] => 2026-03-06 12:16:56
)


Lists handlers registered (3 variants):
Array
(
    [time] => 2026-03-06 12:16:56
)


OnProlog triggered - registering handlers:
Array
(
    [time] => 2026-03-06 12:17:02
)


Lists handlers registered (3 variants):
Array
(
    [time] => 2026-03-06 12:17:02
)


OnProlog triggered - registering handlers:
Array
(
    [time] => 2026-03-06 12:19:40
)


Lists handlers registered (3 variants):
Array
(
    [time] => 2026-03-06 12:19:40
)


OnProlog triggered - registering handlers:
Array
(
    [time] => 2026-03-06 12:19:59
)


Lists handlers registered (3 variants):
Array
(
    [time] => 2026-03-06 12:19:59
)


OnProlog triggered - registering handlers:
Array
(
    [time] => 2026-03-06 12:20:19
)


Lists handlers registered (3 variants):
Array
(
    [time] => 2026-03-06 12:20:19
)


OnProlog triggered - registering handlers:
Array
(
    [time] => 2026-03-06 12:21:02
)


Lists handlers registered (3 variants):
Array
(
    [time] => 2026-03-06 12:21:02
)


OnProlog triggered - registering handlers:
Array
(
    [time] => 2026-03-06 12:21:56
)


Lists handlers registered (3 variants):
Array
(
    [time] => 2026-03-06 12:21:56
)


OnProlog triggered - registering handlers:
Array
(
    [time] => 2026-03-06 12:23:02
)


Lists handlers registered (3 variants):
Array
(
    [time] => 2026-03-06 12:23:02
)


OnProlog triggered - registering handlers:
Array
(
    [time] => 2026-03-06 12:38:22
)


Lists handlers registered (3 variants):
Array
(
    [time] => 2026-03-06 12:38:22
)


OnProlog triggered - registering handlers:
Array
(
    [time] => 2026-03-06 12:38:40
)


Lists handlers registered (3 variants):
Array
(
    [time] => 2026-03-06 12:38:40
)


OnProlog triggered - registering handlers:
Array
(
    [time] => 2026-03-06 12:38:41
)


Lists handlers registered (3 variants):
Array
(
    [time] => 2026-03-06 12:38:41
)


OnProlog triggered - registering handlers:
Array
(
    [time] => 2026-03-06 12:38:42
)


Lists handlers registered (3 variants):
Array
(
    [time] => 2026-03-06 12:38:42
)


OnProlog triggered - registering handlers:
Array
(
    [time] => 2026-03-06 12:38:42
)


Lists handlers registered (3 variants):
Array
(
    [time] => 2026-03-06 12:38:42
)


OnProlog triggered - registering handlers:
Array
(
    [time] => 2026-03-06 12:38:42
)


Lists handlers registered (3 variants):
Array
(
    [time] => 2026-03-06 12:38:42
)


OnProlog triggered - registering handlers:
Array
(
    [time] => 2026-03-06 12:39:18
)


Lists handlers registered (3 variants):
Array
(
    [time] => 2026-03-06 12:39:18
)


OnProlog triggered - registering handlers:
Array
(
    [time] => 2026-03-06 12:39:20
)


Lists handlers registered (3 variants):
Array
(
    [time] => 2026-03-06 12:39:20
)


OnProlog triggered - registering handlers:
Array
(
    [time] => 2026-03-06 12:39:21
)


Lists handlers registered (3 variants):
Array
(
    [time] => 2026-03-06 12:39:21
)


OnProlog triggered - registering handlers:
Array
(
    [time] => 2026-03-06 12:39:25
)


Lists handlers registered (3 variants):
Array
(
    [time] => 2026-03-06 12:39:25
)


OnProlog triggered - registering handlers:
Array
(
    [time] => 2026-03-06 12:39:29
)


Lists handlers registered (3 variants):
Array
(
    [time] => 2026-03-06 12:39:29
)


OnProlog triggered - registering handlers:
Array
(
    [time] => 2026-03-06 12:39:36
)


Lists handlers registered (3 variants):
Array
(
    [time] => 2026-03-06 12:39:36
)


OnProlog triggered - registering handlers:
Array
(
    [time] => 2026-03-06 12:39:59
)


Lists handlers registered (3 variants):
Array
(
    [time] => 2026-03-06 12:39:59
)


OnProlog triggered - registering handlers:
Array
(
    [time] => 2026-03-06 12:40:00
)


Lists handlers registered (3 variants):
Array
(
    [time] => 2026-03-06 12:40:00
)


OnProlog triggered - registering handlers:
Array
(
    [time] => 2026-03-06 12:40:07
)


Lists handlers registered (3 variants):
Array
(
    [time] => 2026-03-06 12:40:07
)


OnProlog triggered - registering handlers:
Array
(
    [time] => 2026-03-06 12:40:19
)


Lists handlers registered (3 variants):
Array
(
    [time] => 2026-03-06 12:40:19
)


OnProlog triggered - registering handlers:
Array
(
    [time] => 2026-03-06 12:40:24
)


Lists handlers registered (3 variants):
Array
(
    [time] => 2026-03-06 12:40:24
)


OnProlog triggered - registering handlers:
Array
(
    [time] => 2026-03-06 12:40:32
)


Lists handlers registered (3 variants):
Array
(
    [time] => 2026-03-06 12:40:32
)


OnProlog triggered - registering handlers:
Array
(
    [time] => 2026-03-06 12:40:37
)


Lists handlers registered (3 variants):
Array
(
    [time] => 2026-03-06 12:40:37
)


OnProlog triggered - registering handlers:
Array
(
    [time] => 2026-03-06 12:40:43
)


Lists handlers registered (3 variants):
Array
(
    [time] => 2026-03-06 12:40:43
)


OnProlog triggered - registering handlers:
Array
(
    [time] => 2026-03-06 12:40:51
)


Lists handlers registered (3 variants):
Array
(
    [time] => 2026-03-06 12:40:51
)


OnProlog triggered - registering handlers:
Array
(
    [time] => 2026-03-06 12:41:19
)


Lists handlers registered (3 variants):
Array
(
    [time] => 2026-03-06 12:41:19
)


OnProlog triggered - registering handlers:
Array
(
    [time] => 2026-03-06 12:41:30
)


Lists handlers registered (3 variants):
Array
(
    [time] => 2026-03-06 12:41:30
)


OnProlog triggered - registering handlers:
Array
(
    [time] => 2026-03-06 12:41:50
)


Lists handlers registered (3 variants):
Array
(
    [time] => 2026-03-06 12:41:50
)


OnProlog triggered - registering handlers:
Array
(
    [time] => 2026-03-06 12:41:52
)


Lists handlers registered (3 variants):
Array
(
    [time] => 2026-03-06 12:41:52
)


OnProlog triggered - registering handlers:
Array
(
    [time] => 2026-03-06 12:42:14
)


Lists handlers registered (3 variants):
Array
(
    [time] => 2026-03-06 12:42:14
)


OnProlog triggered - registering handlers:
Array
(
    [time] => 2026-03-06 12:42:36
)


Lists handlers registered (3 variants):
Array
(
    [time] => 2026-03-06 12:42:36
)


OnProlog triggered - registering handlers:
Array
(
    [time] => 2026-03-06 12:42:58
)


Lists handlers registered (3 variants):
Array
(
    [time] => 2026-03-06 12:42:58
)


OnProlog triggered - registering handlers:
Array
(
    [time] => 2026-03-06 12:43:20
)


Lists handlers registered (3 variants):
Array
(
    [time] => 2026-03-06 12:43:20
)


OnProlog triggered - registering handlers:
Array
(
    [time] => 2026-03-06 12:43:40
)


Lists handlers registered (3 variants):
Array
(
    [time] => 2026-03-06 12:43:40
)


OnProlog triggered - registering handlers:
Array
(
    [time] => 2026-03-06 12:43:42
)


Lists handlers registered (3 variants):
Array
(
    [time] => 2026-03-06 12:43:42
)


OnProlog triggered - registering handlers:
Array
(
    [time] => 2026-03-06 12:44:02
)


Lists handlers registered (3 variants):
Array
(
    [time] => 2026-03-06 12:44:02
)


OnProlog triggered - registering handlers:
Array
(
    [time] => 2026-03-06 12:44:23
)


Lists handlers registered (3 variants):
Array
(
    [time] => 2026-03-06 12:44:23
)


OnProlog triggered - registering handlers:
Array
(
    [time] => 2026-03-06 12:44:45
)


Lists handlers registered (3 variants):
Array
(
    [time] => 2026-03-06 12:44:45
)


OnProlog triggered - registering handlers:
Array
(
    [time] => 2026-03-06 12:45:06
)


Lists handlers registered (3 variants):
Array
(
    [time] => 2026-03-06 12:45:06
)


OnProlog triggered - registering handlers:
Array
(
    [time] => 2026-03-06 12:45:27
)


Lists handlers registered (3 variants):
Array
(
    [time] => 2026-03-06 12:45:27
)


OnProlog triggered - registering handlers:
Array
(
    [time] => 2026-03-06 12:45:48
)


Lists handlers registered (3 variants):
Array
(
    [time] => 2026-03-06 12:45:48
)


OnProlog triggered - registering handlers:
Array
(
    [time] => 2026-03-06 12:46:09
)


Lists handlers registered (3 variants):
Array
(
    [time] => 2026-03-06 12:46:09
)


OnProlog triggered - registering handlers:
Array
(
    [time] => 2026-03-06 13:01:41
)


Lists handlers registered (3 variants):
Array
(
    [time] => 2026-03-06 13:01:41
)


OnProlog triggered - registering handlers:
Array
(
    [time] => 2026-03-06 13:04:20
)


Lists handlers registered (3 variants):
Array
(
    [time] => 2026-03-06 13:04:20
)


OnProlog triggered - registering handlers:
Array
(
    [time] => 2026-03-06 13:12:08
)


Lists handlers registered (3 variants):
Array
(
    [time] => 2026-03-06 13:12:08
)


OnProlog triggered - registering handlers:
Array
(
    [time] => 2026-03-06 13:12:38
)


Lists handlers registered (3 variants):
Array
(
    [time] => 2026-03-06 13:12:38
)


OnProlog triggered - registering handlers:
Array
(
    [time] => 2026-03-06 13:12:41
)


Lists handlers registered (3 variants):
Array
(
    [time] => 2026-03-06 13:12:41
)


OnProlog triggered - registering handlers:
Array
(
    [time] => 2026-03-06 13:12:41
)


Lists handlers registered (3 variants):
Array
(
    [time] => 2026-03-06 13:12:41
)


OnProlog triggered - registering handlers:
Array
(
    [time] => 2026-03-06 13:12:41
)


Lists handlers registered (3 variants):
Array
(
    [time] => 2026-03-06 13:12:41
)


OnProlog triggered - registering handlers:
Array
(
    [time] => 2026-03-06 13:12:42
)


Lists handlers registered (3 variants):
Array
(
    [time] => 2026-03-06 13:12:42
)


OnProlog triggered - registering handlers:
Array
(
    [time] => 2026-03-06 13:12:44
)


Lists handlers registered (3 variants):
Array
(
    [time] => 2026-03-06 13:12:44
)


OnProlog triggered - registering handlers:
Array
(
    [time] => 2026-03-06 13:12:44
)


Lists handlers registered (3 variants):
Array
(
    [time] => 2026-03-06 13:12:44
)


OnProlog triggered - registering handlers:
Array
(
    [time] => 2026-03-06 13:12:47
)


Lists handlers registered (3 variants):
Array
(
    [time] => 2026-03-06 13:12:47
)


OnProlog triggered - registering handlers:
Array
(
    [time] => 2026-03-06 13:12:47
)


Lists handlers registered (3 variants):
Array
(
    [time] => 2026-03-06 13:12:47
)


OnProlog triggered - registering handlers:
Array
(
    [time] => 2026-03-06 13:12:50
)


Lists handlers registered (3 variants):
Array
(
    [time] => 2026-03-06 13:12:50
)


OnProlog triggered - registering handlers:
Array
(
    [time] => 2026-03-06 13:12:51
)


Lists handlers registered (3 variants):
Array
(
    [time] => 2026-03-06 13:12:51
)


OnProlog triggered - registering handlers:
Array
(
    [time] => 2026-03-06 13:12:51
)


Lists handlers registered (3 variants):
Array
(
    [time] => 2026-03-06 13:12:51
)


OnProlog triggered - registering handlers:
Array
(
    [time] => 2026-03-06 13:13:04
)


Lists handlers registered (3 variants):
Array
(
    [time] => 2026-03-06 13:13:04
)


OnProlog triggered - registering handlers:
Array
(
    [time] => 2026-03-06 13:13:05
)


Lists handlers registered (3 variants):
Array
(
    [time] => 2026-03-06 13:13:05
)


OnProlog triggered - registering handlers:
Array
(
    [time] => 2026-03-06 13:13:06
)


Lists handlers registered (3 variants):
Array
(
    [time] => 2026-03-06 13:13:06
)


OnProlog triggered - registering handlers:
Array
(
    [time] => 2026-03-06 13:14:06
)


Lists handlers registered (3 variants):
Array
(
    [time] => 2026-03-06 13:14:06
)


OnProlog triggered - registering handlers:
Array
(
    [time] => 2026-03-06 13:15:07
)


Lists handlers registered (3 variants):
Array
(
    [time] => 2026-03-06 13:15:07
)


OnProlog triggered - registering handlers:
Array
(
    [time] => 2026-03-06 13:21:40
)


Lists handlers registered (3 variants):
Array
(
    [time] => 2026-03-06 13:21:40
)


OnProlog triggered - registering handlers:
Array
(
    [time] => 2026-03-06 13:23:06
)


Lists handlers registered (3 variants):
Array
(
    [time] => 2026-03-06 13:23:06
)


OnProlog triggered - registering handlers:
Array
(
    [time] => 2026-03-06 13:23:54
)


Lists handlers registered (3 variants):
Array
(
    [time] => 2026-03-06 13:23:54
)


OnProlog triggered - registering handlers:
Array
(
    [time] => 2026-03-06 13:23:55
)


Lists handlers registered (3 variants):
Array
(
    [time] => 2026-03-06 13:23:55
)


OnProlog triggered - registering handlers:
Array
(
    [time] => 2026-03-06 13:23:56
)


Lists handlers registered (3 variants):
Array
(
    [time] => 2026-03-06 13:23:56
)


OnProlog triggered - registering handlers:
Array
(
    [time] => 2026-03-06 13:23:59
)


Lists handlers registered (3 variants):
Array
(
    [time] => 2026-03-06 13:23:59
)


OnProlog triggered - registering handlers:
Array
(
    [time] => 2026-03-06 13:24:00
)


Lists handlers registered (3 variants):
Array
(
    [time] => 2026-03-06 13:24:00
)


OnProlog triggered - registering handlers:
Array
(
    [time] => 2026-03-06 13:24:00
)


Lists handlers registered (3 variants):
Array
(
    [time] => 2026-03-06 13:24:00
)


OnProlog triggered - registering handlers:
Array
(
    [time] => 2026-03-06 13:24:11
)


Lists handlers registered (3 variants):
Array
(
    [time] => 2026-03-06 13:24:11
)


OnProlog triggered - registering handlers:
Array
(
    [time] => 2026-03-06 13:24:11
)


Lists handlers registered (3 variants):
Array
(
    [time] => 2026-03-06 13:24:11
)


OnProlog triggered - registering handlers:
Array
(
    [time] => 2026-03-06 13:24:12
)


Lists handlers registered (3 variants):
Array
(
    [time] => 2026-03-06 13:24:12
)


OnProlog triggered - registering handlers:
Array
(
    [time] => 2026-03-06 13:24:15
)


Lists handlers registered (3 variants):
Array
(
    [time] => 2026-03-06 13:24:15
)


OnProlog triggered - registering handlers:
Array
(
    [time] => 2026-03-06 13:24:16
)


Lists handlers registered (3 variants):
Array
(
    [time] => 2026-03-06 13:24:16
)


OnProlog triggered - registering handlers:
Array
(
    [time] => 2026-03-06 13:24:17
)


Lists handlers registered (3 variants):
Array
(
    [time] => 2026-03-06 13:24:17
)


OnProlog triggered - registering handlers:
Array
(
    [time] => 2026-03-06 13:24:41
)


Lists handlers registered (3 variants):
Array
(
    [time] => 2026-03-06 13:24:41
)


OnProlog triggered - registering handlers:
Array
(
    [time] => 2026-03-06 13:24:42
)


Lists handlers registered (3 variants):
Array
(
    [time] => 2026-03-06 13:24:42
)


OnProlog triggered - registering handlers:
Array
(
    [time] => 2026-03-06 13:24:42
)


Lists handlers registered (3 variants):
Array
(
    [time] => 2026-03-06 13:24:42
)


OnProlog triggered - registering handlers:
Array
(
    [time] => 2026-03-06 13:24:52
)


Lists handlers registered (3 variants):
Array
(
    [time] => 2026-03-06 13:24:52
)


OnProlog triggered - registering handlers:
Array
(
    [time] => 2026-03-06 13:24:53
)


Lists handlers registered (3 variants):
Array
(
    [time] => 2026-03-06 13:24:53
)


OnProlog triggered - registering handlers:
Array
(
    [time] => 2026-03-06 13:24:53
)


Lists handlers registered (3 variants):
Array
(
    [time] => 2026-03-06 13:24:53
)


OnProlog triggered - registering handlers:
Array
(
    [time] => 2026-03-06 13:24:56
)


Lists handlers registered (3 variants):
Array
(
    [time] => 2026-03-06 13:24:56
)


OnProlog triggered - registering handlers:
Array
(
    [time] => 2026-03-06 13:24:57
)


Lists handlers registered (3 variants):
Array
(
    [time] => 2026-03-06 13:24:57
)


OnProlog triggered - registering handlers:
Array
(
    [time] => 2026-03-06 13:24:57
)


Lists handlers registered (3 variants):
Array
(
    [time] => 2026-03-06 13:24:57
)


OnProlog triggered - registering handlers:
Array
(
    [time] => 2026-03-06 13:25:01
)


Lists handlers registered (3 variants):
Array
(
    [time] => 2026-03-06 13:25:01
)


OnProlog triggered - registering handlers:
Array
(
    [time] => 2026-03-06 13:25:05
)


Lists handlers registered (3 variants):
Array
(
    [time] => 2026-03-06 13:25:05
)


OnProlog triggered - registering handlers:
Array
(
    [time] => 2026-03-06 13:25:05
)


Lists handlers registered (3 variants):
Array
(
    [time] => 2026-03-06 13:25:05
)


OnProlog triggered - registering handlers:
Array
(
    [time] => 2026-03-06 13:25:13
)


Lists handlers registered (3 variants):
Array
(
    [time] => 2026-03-06 13:25:13
)


OnProlog triggered - registering handlers:
Array
(
    [time] => 2026-03-06 13:25:15
)


Lists handlers registered (3 variants):
Array
(
    [time] => 2026-03-06 13:25:15
)


OnProlog triggered - registering handlers:
Array
(
    [time] => 2026-03-06 13:25:15
)


Lists handlers registered (3 variants):
Array
(
    [time] => 2026-03-06 13:25:15
)


OnProlog triggered - registering handlers:
Array
(
    [time] => 2026-03-06 13:25:15
)


Lists handlers registered (3 variants):
Array
(
    [time] => 2026-03-06 13:25:15
)


OnProlog triggered - registering handlers:
Array
(
    [time] => 2026-03-06 13:25:23
)


Lists handlers registered (3 variants):
Array
(
    [time] => 2026-03-06 13:25:23
)


OnProlog triggered - registering handlers:
Array
(
    [time] => 2026-03-06 13:25:31
)


Lists handlers registered (3 variants):
Array
(
    [time] => 2026-03-06 13:25:31
)


OnProlog triggered - registering handlers:
Array
(
    [time] => 2026-03-06 13:26:15
)


Lists handlers registered (3 variants):
Array
(
    [time] => 2026-03-06 13:26:15
)


OnProlog triggered - registering handlers:
Array
(
    [time] => 2026-03-06 13:27:57
)


Lists handlers registered (3 variants):
Array
(
    [time] => 2026-03-06 13:27:57
)


OnProlog triggered - registering handlers:
Array
(
    [time] => 2026-03-06 13:28:07
)


Lists handlers registered (3 variants):
Array
(
    [time] => 2026-03-06 13:28:07
)


OnProlog triggered - registering handlers:
Array
(
    [time] => 2026-03-06 13:28:17
)


Lists handlers registered (3 variants):
Array
(
    [time] => 2026-03-06 13:28:17
)


OnProlog triggered - registering handlers:
Array
(
    [time] => 2026-03-06 13:28:23
)


Lists handlers registered (3 variants):
Array
(
    [time] => 2026-03-06 13:28:23
)


OnProlog triggered - registering handlers:
Array
(
    [time] => 2026-03-06 13:28:30
)


Lists handlers registered (3 variants):
Array
(
    [time] => 2026-03-06 13:28:30
)


OnProlog triggered - registering handlers:
Array
(
    [time] => 2026-03-06 13:28:42
)


Lists handlers registered (3 variants):
Array
(
    [time] => 2026-03-06 13:28:42
)


OnProlog triggered - registering handlers:
Array
(
    [time] => 2026-03-06 13:28:43
)


Lists handlers registered (3 variants):
Array
(
    [time] => 2026-03-06 13:28:43
)


OnProlog triggered - registering handlers:
Array
(
    [time] => 2026-03-06 13:28:44
)


Lists handlers registered (3 variants):
Array
(
    [time] => 2026-03-06 13:28:44
)


OnProlog triggered - registering handlers:
Array
(
    [time] => 2026-03-06 13:28:49
)


Lists handlers registered (3 variants):
Array
(
    [time] => 2026-03-06 13:28:49
)


OnProlog triggered - registering handlers:
Array
(
    [time] => 2026-03-06 13:28:52
)


Lists handlers registered (3 variants):
Array
(
    [time] => 2026-03-06 13:28:52
)


OnProlog triggered - registering handlers:
Array
(
    [time] => 2026-03-06 13:28:53
)


Lists handlers registered (3 variants):
Array
(
    [time] => 2026-03-06 13:28:53
)


OnProlog triggered - registering handlers:
Array
(
    [time] => 2026-03-06 13:29:15
)


Lists handlers registered (3 variants):
Array
(
    [time] => 2026-03-06 13:29:15
)


OnProlog triggered - registering handlers:
Array
(
    [time] => 2026-03-06 13:29:57
)


Lists handlers registered (3 variants):
Array
(
    [time] => 2026-03-06 13:29:57
)


OnProlog triggered - registering handlers:
Array
(
    [time] => 2026-03-06 13:29:57
)


Lists handlers registered (3 variants):
Array
(
    [time] => 2026-03-06 13:29:57
)


OnProlog triggered - registering handlers:
Array
(
    [time] => 2026-03-06 13:29:57
)


Lists handlers registered (3 variants):
Array
(
    [time] => 2026-03-06 13:29:57
)


OnProlog triggered - registering handlers:
Array
(
    [time] => 2026-03-06 13:30:15
)


Lists handlers registered (3 variants):
Array
(
    [time] => 2026-03-06 13:30:15
)


OnProlog triggered - registering handlers:
Array
(
    [time] => 2026-03-06 13:31:03
)


Lists handlers registered (3 variants):
Array
(
    [time] => 2026-03-06 13:31:03
)


OnProlog triggered - registering handlers:
Array
(
    [time] => 2026-03-06 13:31:15
)


Lists handlers registered (3 variants):
Array
(
    [time] => 2026-03-06 13:31:15
)


OnProlog triggered - registering handlers:
Array
(
    [time] => 2026-03-06 13:31:47
)


Lists handlers registered (3 variants):
Array
(
    [time] => 2026-03-06 13:31:47
)


OnProlog triggered - registering handlers:
Array
(
    [time] => 2026-03-06 13:31:48
)


Lists handlers registered (3 variants):
Array
(
    [time] => 2026-03-06 13:31:48
)


OnProlog triggered - registering handlers:
Array
(
    [time] => 2026-03-06 13:31:50
)


Lists handlers registered (3 variants):
Array
(
    [time] => 2026-03-06 13:31:50
)


OnProlog triggered - registering handlers:
Array
(
    [time] => 2026-03-06 13:31:51
)


Lists handlers registered (3 variants):
Array
(
    [time] => 2026-03-06 13:31:51
)


OnProlog triggered - registering handlers:
Array
(
    [time] => 2026-03-06 13:31:57
)


Lists handlers registered (3 variants):
Array
(
    [time] => 2026-03-06 13:31:57
)


OnProlog triggered - registering handlers:
Array
(
    [time] => 2026-03-06 13:31:58
)


Lists handlers registered (3 variants):
Array
(
    [time] => 2026-03-06 13:31:58
)


OnProlog triggered - registering handlers:
Array
(
    [time] => 2026-03-06 13:31:59
)


Lists handlers registered (3 variants):
Array
(
    [time] => 2026-03-06 13:31:59
)


OnProlog triggered - registering handlers:
Array
(
    [time] => 2026-03-06 13:32:02
)


Lists handlers registered (3 variants):
Array
(
    [time] => 2026-03-06 13:32:02
)


OnProlog triggered - registering handlers:
Array
(
    [time] => 2026-03-06 13:32:04
)


Lists handlers registered (3 variants):
Array
(
    [time] => 2026-03-06 13:32:04
)


OnProlog triggered - registering handlers:
Array
(
    [time] => 2026-03-06 13:32:04
)


Lists handlers registered (3 variants):
Array
(
    [time] => 2026-03-06 13:32:04
)


OnProlog triggered - registering handlers:
Array
(
    [time] => 2026-03-06 13:32:59
)


Lists handlers registered (3 variants):
Array
(
    [time] => 2026-03-06 13:32:59
)


OnProlog triggered - registering handlers:
Array
(
    [time] => 2026-03-06 13:37:36
)


Lists handlers registered (3 variants):
Array
(
    [time] => 2026-03-06 13:37:36
)


OnProlog triggered - registering handlers:
Array
(
    [time] => 2026-03-06 13:37:51
)


Lists handlers registered (3 variants):
Array
(
    [time] => 2026-03-06 13:37:51
)


OnProlog triggered - registering handlers:
Array
(
    [time] => 2026-03-06 13:37:51
)


Lists handlers registered (3 variants):
Array
(
    [time] => 2026-03-06 13:37:51
)


OnProlog triggered - registering handlers:
Array
(
    [time] => 2026-03-06 13:39:03
)


Lists handlers registered (3 variants):
Array
(
    [time] => 2026-03-06 13:39:03
)


OnProlog triggered - registering handlers:
Array
(
    [time] => 2026-03-06 13:40:46
)


Lists handlers registered (3 variants):
Array
(
    [time] => 2026-03-06 13:40:46
)


OnProlog triggered - registering handlers:
Array
(
    [time] => 2026-03-06 13:42:03
)


Lists handlers registered (3 variants):
Array
(
    [time] => 2026-03-06 13:42:03
)


OnProlog triggered - registering handlers:
Array
(
    [time] => 2026-03-06 13:45:59
)


Lists handlers registered (3 variants):
Array
(
    [time] => 2026-03-06 13:45:59
)


OnProlog triggered - registering handlers:
Array
(
    [time] => 2026-03-06 13:48:00
)


Lists handlers registered (3 variants):
Array
(
    [time] => 2026-03-06 13:48:00
)


OnProlog triggered - registering handlers:
Array
(
    [time] => 2026-03-06 13:48:07
)


Lists handlers registered (3 variants):
Array
(
    [time] => 2026-03-06 13:48:07
)


OnProlog triggered - registering handlers:
Array
(
    [time] => 2026-03-06 13:48:08
)


Lists handlers registered (3 variants):
Array
(
    [time] => 2026-03-06 13:48:08
)


OnProlog triggered - registering handlers:
Array
(
    [time] => 2026-03-06 13:48:08
)


Lists handlers registered (3 variants):
Array
(
    [time] => 2026-03-06 13:48:08
)


OnProlog triggered - registering handlers:
Array
(
    [time] => 2026-03-06 13:48:12
)


Lists handlers registered (3 variants):
Array
(
    [time] => 2026-03-06 13:48:12
)


OnProlog triggered - registering handlers:
Array
(
    [time] => 2026-03-06 13:48:13
)


Lists handlers registered (3 variants):
Array
(
    [time] => 2026-03-06 13:48:13
)


OnProlog triggered - registering handlers:
Array
(
    [time] => 2026-03-06 13:48:13
)


Lists handlers registered (3 variants):
Array
(
    [time] => 2026-03-06 13:48:13
)


OnProlog triggered - registering handlers:
Array
(
    [time] => 2026-03-06 13:48:13
)


Lists handlers registered (3 variants):
Array
(
    [time] => 2026-03-06 13:48:13
)


OnProlog triggered - registering handlers:
Array
(
    [time] => 2026-03-06 13:49:13
)


Lists handlers registered (3 variants):
Array
(
    [time] => 2026-03-06 13:49:13
)


OnProlog triggered - registering handlers:
Array
(
    [time] => 2026-03-06 13:53:40
)


Lists handlers registered (3 variants):
Array
(
    [time] => 2026-03-06 13:53:40
)


OnProlog triggered - registering handlers:
Array
(
    [time] => 2026-03-06 13:55:13
)


Lists handlers registered (3 variants):
Array
(
    [time] => 2026-03-06 13:55:13
)


OnProlog triggered - registering handlers:
Array
(
    [time] => 2026-03-06 14:02:13
)


Lists handlers registered (3 variants):
Array
(
    [time] => 2026-03-06 14:02:13
)


OnProlog triggered - registering handlers:
Array
(
    [time] => 2026-03-06 14:16:13
)


Lists handlers registered (3 variants):
Array
(
    [time] => 2026-03-06 14:16:13
)


OnProlog triggered - registering handlers:
Array
(
    [time] => 2026-03-06 14:30:14
)


Lists handlers registered (3 variants):
Array
(
    [time] => 2026-03-06 14:30:14
)


OnProlog triggered - registering handlers:
Array
(
    [time] => 2026-03-06 14:43:23
)


Lists handlers registered (3 variants):
Array
(
    [time] => 2026-03-06 14:43:23
)


OnProlog triggered - registering handlers:
Array
(
    [time] => 2026-03-06 14:43:26
)


Lists handlers registered (3 variants):
Array
(
    [time] => 2026-03-06 14:43:26
)


OnProlog triggered - registering handlers:
Array
(
    [time] => 2026-03-06 14:43:28
)


Lists handlers registered (3 variants):
Array
(
    [time] => 2026-03-06 14:43:28
)


OnProlog triggered - registering handlers:
Array
(
    [time] => 2026-03-06 14:43:28
)


Lists handlers registered (3 variants):
Array
(
    [time] => 2026-03-06 14:43:28
)


OnProlog triggered - registering handlers:
Array
(
    [time] => 2026-03-06 14:43:28
)


Lists handlers registered (3 variants):
Array
(
    [time] => 2026-03-06 14:43:28
)


OnProlog triggered - registering handlers:
Array
(
    [time] => 2026-03-06 14:43:31
)


Lists handlers registered (3 variants):
Array
(
    [time] => 2026-03-06 14:43:31
)


OnProlog triggered - registering handlers:
Array
(
    [time] => 2026-03-06 14:43:32
)


Lists handlers registered (3 variants):
Array
(
    [time] => 2026-03-06 14:43:32
)


OnProlog triggered - registering handlers:
Array
(
    [time] => 2026-03-06 14:43:32
)


Lists handlers registered (3 variants):
Array
(
    [time] => 2026-03-06 14:43:32
)


OnProlog triggered - registering handlers:
Array
(
    [time] => 2026-03-06 14:43:35
)


Lists handlers registered (3 variants):
Array
(
    [time] => 2026-03-06 14:43:35
)


OnProlog triggered - registering handlers:
Array
(
    [time] => 2026-03-06 14:43:36
)


Lists handlers registered (3 variants):
Array
(
    [time] => 2026-03-06 14:43:36
)


OnProlog triggered - registering handlers:
Array
(
    [time] => 2026-03-06 14:43:37
)


Lists handlers registered (3 variants):
Array
(
    [time] => 2026-03-06 14:43:37
)


OnProlog triggered - registering handlers:
Array
(
    [time] => 2026-03-06 14:43:43
)


Lists handlers registered (3 variants):
Array
(
    [time] => 2026-03-06 14:43:43
)


OnProlog triggered - registering handlers:
Array
(
    [time] => 2026-03-06 14:43:44
)


Lists handlers registered (3 variants):
Array
(
    [time] => 2026-03-06 14:43:44
)


OnProlog triggered - registering handlers:
Array
(
    [time] => 2026-03-06 14:43:44
)


Lists handlers registered (3 variants):
Array
(
    [time] => 2026-03-06 14:43:44
)


OnProlog triggered - registering handlers:
Array
(
    [time] => 2026-03-06 14:43:52
)


Lists handlers registered (3 variants):
Array
(
    [time] => 2026-03-06 14:43:52
)


OnProlog triggered - registering handlers:
Array
(
    [time] => 2026-03-06 14:43:53
)


Lists handlers registered (3 variants):
Array
(
    [time] => 2026-03-06 14:43:53
)


OnProlog triggered - registering handlers:
Array
(
    [time] => 2026-03-06 14:43:54
)


Lists handlers registered (3 variants):
Array
(
    [time] => 2026-03-06 14:43:54
)


OnProlog triggered - registering handlers:
Array
(
    [time] => 2026-03-06 14:43:54
)


Lists handlers registered (3 variants):
Array
(
    [time] => 2026-03-06 14:43:54
)


OnProlog triggered - registering handlers:
Array
(
    [time] => 2026-03-06 14:44:14
)


Lists handlers registered (3 variants):
Array
(
    [time] => 2026-03-06 14:44:14
)


OnProlog triggered - registering handlers:
Array
(
    [time] => 2026-03-06 14:44:15
)


Lists handlers registered (3 variants):
Array
(
    [time] => 2026-03-06 14:44:15
)


OnProlog triggered - registering handlers:
Array
(
    [time] => 2026-03-06 14:44:15
)


Lists handlers registered (3 variants):
Array
(
    [time] => 2026-03-06 14:44:15
)


OnProlog triggered - registering handlers:
Array
(
    [time] => 2026-03-06 14:44:25
)


Lists handlers registered (3 variants):
Array
(
    [time] => 2026-03-06 14:44:25
)


OnProlog triggered - registering handlers:
Array
(
    [time] => 2026-03-06 14:44:26
)


Lists handlers registered (3 variants):
Array
(
    [time] => 2026-03-06 14:44:26
)


OnProlog triggered - registering handlers:
Array
(
    [time] => 2026-03-06 14:44:27
)


Lists handlers registered (3 variants):
Array
(
    [time] => 2026-03-06 14:44:27
)


OnProlog triggered - registering handlers:
Array
(
    [time] => 2026-03-06 14:44:27
)


Lists handlers registered (3 variants):
Array
(
    [time] => 2026-03-06 14:44:27
)


OnProlog triggered - registering handlers:
Array
(
    [time] => 2026-03-06 14:47:24
)


Lists handlers registered (3 variants):
Array
(
    [time] => 2026-03-06 14:47:24
)


OnProlog triggered - registering handlers:
Array
(
    [time] => 2026-03-06 14:48:28
)


Lists handlers registered (3 variants):
Array
(
    [time] => 2026-03-06 14:48:28
)


OnProlog triggered - registering handlers:
Array
(
    [time] => 2026-03-06 14:50:50
)


Lists handlers registered (3 variants):
Array
(
    [time] => 2026-03-06 14:50:50
)


OnProlog triggered - registering handlers:
Array
(
    [time] => 2026-03-06 14:52:02
)


Lists handlers registered (3 variants):
Array
(
    [time] => 2026-03-06 14:52:02
)


OnProlog triggered - registering handlers:
Array
(
    [time] => 2026-03-06 14:53:27
)


Lists handlers registered (3 variants):
Array
(
    [time] => 2026-03-06 14:53:27
)


OnProlog triggered - registering handlers:
Array
(
    [time] => 2026-03-06 14:54:27
)


Lists handlers registered (3 variants):
Array
(
    [time] => 2026-03-06 14:54:27
)


OnProlog triggered - registering handlers:
Array
(
    [time] => 2026-03-06 14:58:27
)


Lists handlers registered (3 variants):
Array
(
    [time] => 2026-03-06 14:58:27
)


OnProlog triggered - registering handlers:
Array
(
    [time] => 2026-03-09 23:11:14
)


Lists handlers registered (3 variants):
Array
(
    [time] => 2026-03-09 23:11:14
)


OnProlog triggered - registering handlers:
Array
(
    [time] => 2026-03-11 08:35:24
)


Lists handlers registered (3 variants):
Array
(
    [time] => 2026-03-11 08:35:24
)


OnProlog triggered - registering handlers:
Array
(
    [time] => 2026-03-11 08:35:25
)


Lists handlers registered (3 variants):
Array
(
    [time] => 2026-03-11 08:35:25
)


OnProlog triggered - registering handlers:
Array
(
    [time] => 2026-03-11 08:35:33
)


Lists handlers registered (3 variants):
Array
(
    [time] => 2026-03-11 08:35:33
)


OnProlog triggered - registering handlers:
Array
(
    [time] => 2026-03-11 08:35:39
)


Lists handlers registered (3 variants):
Array
(
    [time] => 2026-03-11 08:35:39
)


OnProlog triggered - registering handlers:
Array
(
    [time] => 2026-03-11 08:35:39
)


Lists handlers registered (3 variants):
Array
(
    [time] => 2026-03-11 08:35:39
)


OnProlog triggered - registering handlers:
Array
(
    [time] => 2026-03-11 08:35:40
)


Lists handlers registered (3 variants):
Array
(
    [time] => 2026-03-11 08:35:40
)


OnProlog triggered - registering handlers:
Array
(
    [time] => 2026-03-11 08:35:40
)


Lists handlers registered (3 variants):
Array
(
    [time] => 2026-03-11 08:35:40
)


OnProlog triggered - registering handlers:
Array
(
    [time] => 2026-03-11 08:35:43
)


Lists handlers registered (3 variants):
Array
(
    [time] => 2026-03-11 08:35:43
)


OnProlog triggered - registering handlers:
Array
(
    [time] => 2026-03-11 08:35:45
)


Lists handlers registered (3 variants):
Array
(
    [time] => 2026-03-11 08:35:45
)


OnProlog triggered - registering handlers:
Array
(
    [time] => 2026-03-11 08:35:45
)


Lists handlers registered (3 variants):
Array
(
    [time] => 2026-03-11 08:35:45
)


OnProlog triggered - registering handlers:
Array
(
    [time] => 2026-03-11 08:35:45
)


Lists handlers registered (3 variants):
Array
(
    [time] => 2026-03-11 08:35:45
)


OnProlog triggered - registering handlers:
Array
(
    [time] => 2026-03-11 08:35:48
)


Lists handlers registered (3 variants):
Array
(
    [time] => 2026-03-11 08:35:48
)


OnProlog triggered - registering handlers:
Array
(
    [time] => 2026-03-11 08:35:49
)


Lists handlers registered (3 variants):
Array
(
    [time] => 2026-03-11 08:35:49
)


OnProlog triggered - registering handlers:
Array
(
    [time] => 2026-03-11 08:35:49
)


Lists handlers registered (3 variants):
Array
(
    [time] => 2026-03-11 08:35:49
)


OnProlog triggered - registering handlers:
Array
(
    [time] => 2026-03-11 08:35:50
)


Lists handlers registered (3 variants):
Array
(
    [time] => 2026-03-11 08:35:50
)


OnProlog triggered - registering handlers:
Array
(
    [time] => 2026-03-11 08:35:51
)


Lists handlers registered (3 variants):
Array
(
    [time] => 2026-03-11 08:35:51
)


OnProlog triggered - registering handlers:
Array
(
    [time] => 2026-03-11 08:35:51
)


Lists handlers registered (3 variants):
Array
(
    [time] => 2026-03-11 08:35:51
)


OnProlog triggered - registering handlers:
Array
(
    [time] => 2026-03-11 08:35:56
)


Lists handlers registered (3 variants):
Array
(
    [time] => 2026-03-11 08:35:56
)


OnProlog triggered - registering handlers:
Array
(
    [time] => 2026-03-11 08:35:57
)


Lists handlers registered (3 variants):
Array
(
    [time] => 2026-03-11 08:35:57
)


OnProlog triggered - registering handlers:
Array
(
    [time] => 2026-03-11 08:35:57
)


Lists handlers registered (3 variants):
Array
(
    [time] => 2026-03-11 08:35:57
)


OnProlog triggered - registering handlers:
Array
(
    [time] => 2026-03-11 08:35:58
)


Lists handlers registered (3 variants):
Array
(
    [time] => 2026-03-11 08:35:58
)


OnProlog triggered - registering handlers:
Array
(
    [time] => 2026-03-11 08:35:59
)


Lists handlers registered (3 variants):
Array
(
    [time] => 2026-03-11 08:35:59
)


OnProlog triggered - registering handlers:
Array
(
    [time] => 2026-03-11 08:35:59
)


Lists handlers registered (3 variants):
Array
(
    [time] => 2026-03-11 08:35:59
)


OnProlog triggered - registering handlers:
Array
(
    [time] => 2026-03-11 08:36:02
)


Lists handlers registered (3 variants):
Array
(
    [time] => 2026-03-11 08:36:02
)


OnProlog triggered - registering handlers:
Array
(
    [time] => 2026-03-11 08:36:03
)


Lists handlers registered (3 variants):
Array
(
    [time] => 2026-03-11 08:36:03
)


OnProlog triggered - registering handlers:
Array
(
    [time] => 2026-03-11 08:36:03
)


Lists handlers registered (3 variants):
Array
(
    [time] => 2026-03-11 08:36:03
)


OnProlog triggered - registering handlers:
Array
(
    [time] => 2026-03-11 08:36:05
)


Lists handlers registered (3 variants):
Array
(
    [time] => 2026-03-11 08:36:05
)


OnProlog triggered - registering handlers:
Array
(
    [time] => 2026-03-11 08:36:35
)


Lists handlers registered (3 variants):
Array
(
    [time] => 2026-03-11 08:36:35
)


OnProlog triggered - registering handlers:
Array
(
    [time] => 2026-03-11 08:36:36
)


Lists handlers registered (3 variants):
Array
(
    [time] => 2026-03-11 08:36:36
)


OnProlog triggered - registering handlers:
Array
(
    [time] => 2026-03-11 08:36:37
)


Lists handlers registered (3 variants):
Array
(
    [time] => 2026-03-11 08:36:37
)


OnProlog triggered - registering handlers:
Array
(
    [time] => 2026-03-11 08:36:42
)


Lists handlers registered (3 variants):
Array
(
    [time] => 2026-03-11 08:36:42
)


OnProlog triggered - registering handlers:
Array
(
    [time] => 2026-03-11 08:36:43
)


Lists handlers registered (3 variants):
Array
(
    [time] => 2026-03-11 08:36:43
)


OnProlog triggered - registering handlers:
Array
(
    [time] => 2026-03-11 08:36:43
)


Lists handlers registered (3 variants):
Array
(
    [time] => 2026-03-11 08:36:43
)


OnProlog triggered - registering handlers:
Array
(
    [time] => 2026-03-11 08:36:46
)


Lists handlers registered (3 variants):
Array
(
    [time] => 2026-03-11 08:36:46
)


OnProlog triggered - registering handlers:
Array
(
    [time] => 2026-03-11 08:36:47
)


Lists handlers registered (3 variants):
Array
(
    [time] => 2026-03-11 08:36:47
)


OnProlog triggered - registering handlers:
Array
(
    [time] => 2026-03-11 08:36:48
)


Lists handlers registered (3 variants):
Array
(
    [time] => 2026-03-11 08:36:48
)


OnProlog triggered - registering handlers:
Array
(
    [time] => 2026-03-11 08:36:48
)


Lists handlers registered (3 variants):
Array
(
    [time] => 2026-03-11 08:36:48
)


OnProlog triggered - registering handlers:
Array
(
    [time] => 2026-03-11 08:37:27
)


Lists handlers registered (3 variants):
Array
(
    [time] => 2026-03-11 08:37:27
)


OnProlog triggered - registering handlers:
Array
(
    [time] => 2026-03-11 08:37:31
)


Lists handlers registered (3 variants):
Array
(
    [time] => 2026-03-11 08:37:31
)


OnProlog triggered - registering handlers:
Array
(
    [time] => 2026-03-11 08:37:31
)


Lists handlers registered (3 variants):
Array
(
    [time] => 2026-03-11 08:37:31
)


OnProlog triggered - registering handlers:
Array
(
    [time] => 2026-03-11 08:37:32
)


Lists handlers registered (3 variants):
Array
(
    [time] => 2026-03-11 08:37:32
)


OnProlog triggered - registering handlers:
Array
(
    [time] => 2026-03-11 08:37:32
)


Lists handlers registered (3 variants):
Array
(
    [time] => 2026-03-11 08:37:32
)


OnProlog triggered - registering handlers:
Array
(
    [time] => 2026-03-11 08:37:37
)


Lists handlers registered (3 variants):
Array
(
    [time] => 2026-03-11 08:37:37
)


OnProlog triggered - registering handlers:
Array
(
    [time] => 2026-03-11 08:37:38
)


Lists handlers registered (3 variants):
Array
(
    [time] => 2026-03-11 08:37:38
)


OnProlog triggered - registering handlers:
Array
(
    [time] => 2026-03-11 08:37:38
)


Lists handlers registered (3 variants):
Array
(
    [time] => 2026-03-11 08:37:38
)


OnProlog triggered - registering handlers:
Array
(
    [time] => 2026-03-11 08:37:41
)


Lists handlers registered (3 variants):
Array
(
    [time] => 2026-03-11 08:37:41
)


OnProlog triggered - registering handlers:
Array
(
    [time] => 2026-03-11 08:37:42
)


Lists handlers registered (3 variants):
Array
(
    [time] => 2026-03-11 08:37:42
)


OnProlog triggered - registering handlers:
Array
(
    [time] => 2026-03-11 08:37:42
)


Lists handlers registered (3 variants):
Array
(
    [time] => 2026-03-11 08:37:42
)


OnProlog triggered - registering handlers:
Array
(
    [time] => 2026-03-11 08:37:45
)


Lists handlers registered (3 variants):
Array
(
    [time] => 2026-03-11 08:37:45
)


OnProlog triggered - registering handlers:
Array
(
    [time] => 2026-03-11 08:37:51
)


Lists handlers registered (3 variants):
Array
(
    [time] => 2026-03-11 08:37:51
)


OnProlog triggered - registering handlers:
Array
(
    [time] => 2026-03-11 08:38:35
)


Lists handlers registered (3 variants):
Array
(
    [time] => 2026-03-11 08:38:35
)


OnProlog triggered - registering handlers:
Array
(
    [time] => 2026-03-11 08:38:37
)


Lists handlers registered (3 variants):
Array
(
    [time] => 2026-03-11 08:38:37
)


OnProlog triggered - registering handlers:
Array
(
    [time] => 2026-03-11 08:38:37
)


Lists handlers registered (3 variants):
Array
(
    [time] => 2026-03-11 08:38:37
)


OnProlog triggered - registering handlers:
Array
(
    [time] => 2026-03-11 08:38:39
)


Lists handlers registered (3 variants):
Array
(
    [time] => 2026-03-11 08:38:39
)


OnProlog triggered - registering handlers:
Array
(
    [time] => 2026-03-11 08:38:39
)


Lists handlers registered (3 variants):
Array
(
    [time] => 2026-03-11 08:38:39
)


OnProlog triggered - registering handlers:
Array
(
    [time] => 2026-03-11 08:38:42
)


Lists handlers registered (3 variants):
Array
(
    [time] => 2026-03-11 08:38:42
)


OnProlog triggered - registering handlers:
Array
(
    [time] => 2026-03-11 08:38:43
)


Lists handlers registered (3 variants):
Array
(
    [time] => 2026-03-11 08:38:43
)


OnProlog triggered - registering handlers:
Array
(
    [time] => 2026-03-11 08:38:45
)


Lists handlers registered (3 variants):
Array
(
    [time] => 2026-03-11 08:38:45
)


OnProlog triggered - registering handlers:
Array
(
    [time] => 2026-03-11 08:38:46
)


Lists handlers registered (3 variants):
Array
(
    [time] => 2026-03-11 08:38:46
)


OnProlog triggered - registering handlers:
Array
(
    [time] => 2026-03-11 08:38:46
)


Lists handlers registered (3 variants):
Array
(
    [time] => 2026-03-11 08:38:46
)


OnProlog triggered - registering handlers:
Array
(
    [time] => 2026-03-11 08:38:52
)


Lists handlers registered (3 variants):
Array
(
    [time] => 2026-03-11 08:38:52
)


OnProlog triggered - registering handlers:
Array
(
    [time] => 2026-03-11 08:38:53
)


Lists handlers registered (3 variants):
Array
(
    [time] => 2026-03-11 08:38:53
)


OnProlog triggered - registering handlers:
Array
(
    [time] => 2026-03-11 08:38:53
)


Lists handlers registered (3 variants):
Array
(
    [time] => 2026-03-11 08:38:53
)


OnProlog triggered - registering handlers:
Array
(
    [time] => 2026-03-11 08:39:53
)


Lists handlers registered (3 variants):
Array
(
    [time] => 2026-03-11 08:39:53
)


OnProlog triggered - registering handlers:
Array
(
    [time] => 2026-03-11 08:40:53
)


Lists handlers registered (3 variants):
Array
(
    [time] => 2026-03-11 08:40:53
)


OnProlog triggered - registering handlers:
Array
(
    [time] => 2026-03-11 08:42:28
)


Lists handlers registered (3 variants):
Array
(
    [time] => 2026-03-11 08:42:28
)


OnProlog triggered - registering handlers:
Array
(
    [time] => 2026-03-11 08:43:43
)


Lists handlers registered (3 variants):
Array
(
    [time] => 2026-03-11 08:43:43
)


OnProlog triggered - registering handlers:
Array
(
    [time] => 2026-03-11 08:44:53
)


Lists handlers registered (3 variants):
Array
(
    [time] => 2026-03-11 08:44:53
)


OnProlog triggered - registering handlers:
Array
(
    [time] => 2026-03-11 08:49:09
)


Lists handlers registered (3 variants):
Array
(
    [time] => 2026-03-11 08:49:09
)


OnProlog triggered - registering handlers:
Array
(
    [time] => 2026-03-11 08:52:53
)


Lists handlers registered (3 variants):
Array
(
    [time] => 2026-03-11 08:52:53
)


OnProlog triggered - registering handlers:
Array
(
    [time] => 2026-03-11 08:53:12
)


Lists handlers registered (3 variants):
Array
(
    [time] => 2026-03-11 08:53:12
)


OnProlog triggered - registering handlers:
Array
(
    [time] => 2026-03-11 08:54:53
)


Lists handlers registered (3 variants):
Array
(
    [time] => 2026-03-11 08:54:53
)


OnProlog triggered - registering handlers:
Array
(
    [time] => 2026-03-11 08:56:14
)


Lists handlers registered (3 variants):
Array
(
    [time] => 2026-03-11 08:56:14
)


OnProlog triggered - registering handlers:
Array
(
    [time] => 2026-03-11 08:58:30
)


Lists handlers registered (3 variants):
Array
(
    [time] => 2026-03-11 08:58:30
)


OnProlog triggered - registering handlers:
Array
(
    [time] => 2026-03-11 08:59:38
)


Lists handlers registered (3 variants):
Array
(
    [time] => 2026-03-11 08:59:38
)


OnProlog triggered - registering handlers:
Array
(
    [time] => 2026-03-11 09:00:54
)


Lists handlers registered (3 variants):
Array
(
    [time] => 2026-03-11 09:00:54
)


OnProlog triggered - registering handlers:
Array
(
    [time] => 2026-03-11 09:06:53
)


Lists handlers registered (3 variants):
Array
(
    [time] => 2026-03-11 09:06:53
)


OnProlog triggered - registering handlers:
Array
(
    [time] => 2026-03-11 09:20:53
)


Lists handlers registered (3 variants):
Array
(
    [time] => 2026-03-11 09:20:53
)


OnProlog triggered - registering handlers:
Array
(
    [time] => 2026-03-11 09:34:53
)


Lists handlers registered (3 variants):
Array
(
    [time] => 2026-03-11 09:34:53
)


OnProlog triggered - registering handlers:
Array
(
    [time] => 2026-03-11 09:48:53
)


Lists handlers registered (3 variants):
Array
(
    [time] => 2026-03-11 09:48:53
)


OnProlog triggered - registering handlers:
Array
(
    [time] => 2026-03-11 10:01:30
)


Lists handlers registered (3 variants):
Array
(
    [time] => 2026-03-11 10:01:30
)


OnProlog triggered - registering handlers:
Array
(
    [time] => 2026-03-11 10:01:34
)


Lists handlers registered (3 variants):
Array
(
    [time] => 2026-03-11 10:01:34
)


OnProlog triggered - registering handlers:
Array
(
    [time] => 2026-03-11 10:01:36
)


Lists handlers registered (3 variants):
Array
(
    [time] => 2026-03-11 10:01:36
)


OnProlog triggered - registering handlers:
Array
(
    [time] => 2026-03-11 10:01:36
)


Lists handlers registered (3 variants):
Array
(
    [time] => 2026-03-11 10:01:36
)


OnProlog triggered - registering handlers:
Array
(
    [time] => 2026-03-11 10:01:36
)


Lists handlers registered (3 variants):
Array
(
    [time] => 2026-03-11 10:01:36
)


OnProlog triggered - registering handlers:
Array
(
    [time] => 2026-03-11 10:01:40
)


Lists handlers registered (3 variants):
Array
(
    [time] => 2026-03-11 10:01:40
)


OnProlog triggered - registering handlers:
Array
(
    [time] => 2026-03-11 10:01:41
)


Lists handlers registered (3 variants):
Array
(
    [time] => 2026-03-11 10:01:41
)


OnProlog triggered - registering handlers:
Array
(
    [time] => 2026-03-11 10:01:42
)


Lists handlers registered (3 variants):
Array
(
    [time] => 2026-03-11 10:01:42
)


OnProlog triggered - registering handlers:
Array
(
    [time] => 2026-03-11 10:01:44
)


Lists handlers registered (3 variants):
Array
(
    [time] => 2026-03-11 10:01:44
)


OnProlog triggered - registering handlers:
Array
(
    [time] => 2026-03-11 10:01:45
)


Lists handlers registered (3 variants):
Array
(
    [time] => 2026-03-11 10:01:45
)


OnProlog triggered - registering handlers:
Array
(
    [time] => 2026-03-11 10:01:46
)


Lists handlers registered (3 variants):
Array
(
    [time] => 2026-03-11 10:01:46
)


OnProlog triggered - registering handlers:
Array
(
    [time] => 2026-03-11 10:01:47
)


Lists handlers registered (3 variants):
Array
(
    [time] => 2026-03-11 10:01:47
)


OnProlog triggered - registering handlers:
Array
(
    [time] => 2026-03-11 10:01:48
)


Lists handlers registered (3 variants):
Array
(
    [time] => 2026-03-11 10:01:48
)


OnProlog triggered - registering handlers:
Array
(
    [time] => 2026-03-11 10:01:48
)


Lists handlers registered (3 variants):
Array
(
    [time] => 2026-03-11 10:01:48
)


OnProlog triggered - registering handlers:
Array
(
    [time] => 2026-03-11 10:01:56
)


Lists handlers registered (3 variants):
Array
(
    [time] => 2026-03-11 10:01:56
)


OnProlog triggered - registering handlers:
Array
(
    [time] => 2026-03-11 10:01:57
)


Lists handlers registered (3 variants):
Array
(
    [time] => 2026-03-11 10:01:57
)


OnProlog triggered - registering handlers:
Array
(
    [time] => 2026-03-11 10:01:58
)


Lists handlers registered (3 variants):
Array
(
    [time] => 2026-03-11 10:01:58
)


OnProlog triggered - registering handlers:
Array
(
    [time] => 2026-03-11 10:02:06
)


Lists handlers registered (3 variants):
Array
(
    [time] => 2026-03-11 10:02:06
)


OnProlog triggered - registering handlers:
Array
(
    [time] => 2026-03-11 10:02:07
)


Lists handlers registered (3 variants):
Array
(
    [time] => 2026-03-11 10:02:07
)


OnProlog triggered - registering handlers:
Array
(
    [time] => 2026-03-11 10:02:08
)


Lists handlers registered (3 variants):
Array
(
    [time] => 2026-03-11 10:02:08
)


OnProlog triggered - registering handlers:
Array
(
    [time] => 2026-03-11 10:02:09
)


Lists handlers registered (3 variants):
Array
(
    [time] => 2026-03-11 10:02:09
)


OnProlog triggered - registering handlers:
Array
(
    [time] => 2026-03-11 10:02:49
)


Lists handlers registered (3 variants):
Array
(
    [time] => 2026-03-11 10:02:49
)


OnProlog triggered - registering handlers:
Array
(
    [time] => 2026-03-11 10:03:07
)


Lists handlers registered (3 variants):
Array
(
    [time] => 2026-03-11 10:03:07
)


OnProlog triggered - registering handlers:
Array
(
    [time] => 2026-03-11 10:03:19
)


Lists handlers registered (3 variants):
Array
(
    [time] => 2026-03-11 10:03:19
)


OnProlog triggered - registering handlers:
Array
(
    [time] => 2026-03-11 10:03:23
)


Lists handlers registered (3 variants):
Array
(
    [time] => 2026-03-11 10:03:23
)


OnProlog triggered - registering handlers:
Array
(
    [time] => 2026-03-11 10:04:07
)


Lists handlers registered (3 variants):
Array
(
    [time] => 2026-03-11 10:04:07
)


OnProlog triggered - registering handlers:
Array
(
    [time] => 2026-03-11 10:04:22
)


Lists handlers registered (3 variants):
Array
(
    [time] => 2026-03-11 10:04:22
)


OnProlog triggered - registering handlers:
Array
(
    [time] => 2026-03-11 10:04:31
)


Lists handlers registered (3 variants):
Array
(
    [time] => 2026-03-11 10:04:31
)


OnProlog triggered - registering handlers:
Array
(
    [time] => 2026-03-11 10:04:44
)


Lists handlers registered (3 variants):
Array
(
    [time] => 2026-03-11 10:04:44
)


OnProlog triggered - registering handlers:
Array
(
    [time] => 2026-03-11 10:04:45
)


Lists handlers registered (3 variants):
Array
(
    [time] => 2026-03-11 10:04:45
)


OnProlog triggered - registering handlers:
Array
(
    [time] => 2026-03-11 10:04:52
)


Lists handlers registered (3 variants):
Array
(
    [time] => 2026-03-11 10:04:52
)


OnProlog triggered - registering handlers:
Array
(
    [time] => 2026-03-11 10:05:07
)


Lists handlers registered (3 variants):
Array
(
    [time] => 2026-03-11 10:05:07
)


OnProlog triggered - registering handlers:
Array
(
    [time] => 2026-03-11 10:05:33
)


Lists handlers registered (3 variants):
Array
(
    [time] => 2026-03-11 10:05:33
)


OnProlog triggered - registering handlers:
Array
(
    [time] => 2026-03-11 10:06:02
)


Lists handlers registered (3 variants):
Array
(
    [time] => 2026-03-11 10:06:02
)


OnProlog triggered - registering handlers:
Array
(
    [time] => 2026-03-11 10:06:02
)


Lists handlers registered (3 variants):
Array
(
    [time] => 2026-03-11 10:06:02
)


OnProlog triggered - registering handlers:
Array
(
    [time] => 2026-03-11 10:06:07
)


Lists handlers registered (3 variants):
Array
(
    [time] => 2026-03-11 10:06:07
)


OnProlog triggered - registering handlers:
Array
(
    [time] => 2026-03-11 10:06:29
)


Lists handlers registered (3 variants):
Array
(
    [time] => 2026-03-11 10:06:29
)


OnProlog triggered - registering handlers:
Array
(
    [time] => 2026-03-11 10:06:33
)


Lists handlers registered (3 variants):
Array
(
    [time] => 2026-03-11 10:06:33
)


OnProlog triggered - registering handlers:
Array
(
    [time] => 2026-03-11 10:07:07
)


Lists handlers registered (3 variants):
Array
(
    [time] => 2026-03-11 10:07:07
)


OnProlog triggered - registering handlers:
Array
(
    [time] => 2026-03-11 10:07:26
)


Lists handlers registered (3 variants):
Array
(
    [time] => 2026-03-11 10:07:26
)


OnProlog triggered - registering handlers:
Array
(
    [time] => 2026-03-11 10:07:45
)


Lists handlers registered (3 variants):
Array
(
    [time] => 2026-03-11 10:07:45
)


OnProlog triggered - registering handlers:
Array
(
    [time] => 2026-03-11 10:07:56
)


Lists handlers registered (3 variants):
Array
(
    [time] => 2026-03-11 10:07:56
)


OnProlog triggered - registering handlers:
Array
(
    [time] => 2026-03-11 10:08:01
)


Lists handlers registered (3 variants):
Array
(
    [time] => 2026-03-11 10:08:01
)


OnProlog triggered - registering handlers:
Array
(
    [time] => 2026-03-11 10:08:07
)


Lists handlers registered (3 variants):
Array
(
    [time] => 2026-03-11 10:08:07
)


OnProlog triggered - registering handlers:
Array
(
    [time] => 2026-03-11 10:08:26
)


Lists handlers registered (3 variants):
Array
(
    [time] => 2026-03-11 10:08:26
)


OnProlog triggered - registering handlers:
Array
(
    [time] => 2026-03-11 10:08:29
)


Lists handlers registered (3 variants):
Array
(
    [time] => 2026-03-11 10:08:29
)


OnProlog triggered - registering handlers:
Array
(
    [time] => 2026-03-11 10:08:36
)


Lists handlers registered (3 variants):
Array
(
    [time] => 2026-03-11 10:08:36
)


OnProlog triggered - registering handlers:
Array
(
    [time] => 2026-03-11 10:08:48
)


Lists handlers registered (3 variants):
Array
(
    [time] => 2026-03-11 10:08:48
)


OnProlog triggered - registering handlers:
Array
(
    [time] => 2026-03-11 10:08:49
)


Lists handlers registered (3 variants):
Array
(
    [time] => 2026-03-11 10:08:49
)


OnProlog triggered - registering handlers:
Array
(
    [time] => 2026-03-11 10:08:51
)


Lists handlers registered (3 variants):
Array
(
    [time] => 2026-03-11 10:08:51
)


OnProlog triggered - registering handlers:
Array
(
    [time] => 2026-03-11 10:08:52
)


Lists handlers registered (3 variants):
Array
(
    [time] => 2026-03-11 10:08:52
)


OnProlog triggered - registering handlers:
Array
(
    [time] => 2026-03-11 10:08:53
)


Lists handlers registered (3 variants):
Array
(
    [time] => 2026-03-11 10:08:53
)


OnProlog triggered - registering handlers:
Array
(
    [time] => 2026-03-11 10:08:55
)


Lists handlers registered (3 variants):
Array
(
    [time] => 2026-03-11 10:08:55
)


OnProlog triggered - registering handlers:
Array
(
    [time] => 2026-03-11 10:09:02
)


Lists handlers registered (3 variants):
Array
(
    [time] => 2026-03-11 10:09:02
)


OnProlog triggered - registering handlers:
Array
(
    [time] => 2026-03-11 10:09:03
)


Lists handlers registered (3 variants):
Array
(
    [time] => 2026-03-11 10:09:03
)


OnProlog triggered - registering handlers:
Array
(
    [time] => 2026-03-11 10:09:07
)


Lists handlers registered (3 variants):
Array
(
    [time] => 2026-03-11 10:09:07
)


OnProlog triggered - registering handlers:
Array
(
    [time] => 2026-03-11 10:09:23
)


Lists handlers registered (3 variants):
Array
(
    [time] => 2026-03-11 10:09:23
)


OnProlog triggered - registering handlers:
Array
(
    [time] => 2026-03-11 10:09:24
)


Lists handlers registered (3 variants):
Array
(
    [time] => 2026-03-11 10:09:24
)


OnProlog triggered - registering handlers:
Array
(
    [time] => 2026-03-11 10:09:26
)


Lists handlers registered (3 variants):
Array
(
    [time] => 2026-03-11 10:09:26
)


OnProlog triggered - registering handlers:
Array
(
    [time] => 2026-03-11 10:09:41
)


Lists handlers registered (3 variants):
Array
(
    [time] => 2026-03-11 10:09:41
)


OnProlog triggered - registering handlers:
Array
(
    [time] => 2026-03-11 10:09:43
)


Lists handlers registered (3 variants):
Array
(
    [time] => 2026-03-11 10:09:43
)


OnProlog triggered - registering handlers:
Array
(
    [time] => 2026-03-11 10:09:48
)


Lists handlers registered (3 variants):
Array
(
    [time] => 2026-03-11 10:09:48
)


OnProlog triggered - registering handlers:
Array
(
    [time] => 2026-03-11 10:09:55
)


Lists handlers registered (3 variants):
Array
(
    [time] => 2026-03-11 10:09:55
)


OnProlog triggered - registering handlers:
Array
(
    [time] => 2026-03-11 10:10:03
)


Lists handlers registered (3 variants):
Array
(
    [time] => 2026-03-11 10:10:03
)


OnProlog triggered - registering handlers:
Array
(
    [time] => 2026-03-11 10:10:07
)


Lists handlers registered (3 variants):
Array
(
    [time] => 2026-03-11 10:10:07
)


OnProlog triggered - registering handlers:
Array
(
    [time] => 2026-03-11 10:10:19
)


Lists handlers registered (3 variants):
Array
(
    [time] => 2026-03-11 10:10:19
)


OnProlog triggered - registering handlers:
Array
(
    [time] => 2026-03-11 10:10:23
)


Lists handlers registered (3 variants):
Array
(
    [time] => 2026-03-11 10:10:23
)


OnProlog triggered - registering handlers:
Array
(
    [time] => 2026-03-11 10:10:26
)


Lists handlers registered (3 variants):
Array
(
    [time] => 2026-03-11 10:10:26
)


OnProlog triggered - registering handlers:
Array
(
    [time] => 2026-03-11 10:10:26
)


Lists handlers registered (3 variants):
Array
(
    [time] => 2026-03-11 10:10:26
)


OnProlog triggered - registering handlers:
Array
(
    [time] => 2026-03-11 10:10:32
)


Lists handlers registered (3 variants):
Array
(
    [time] => 2026-03-11 10:10:32
)


OnProlog triggered - registering handlers:
Array
(
    [time] => 2026-03-11 10:10:35
)


Lists handlers registered (3 variants):
Array
(
    [time] => 2026-03-11 10:10:35
)


OnProlog triggered - registering handlers:
Array
(
    [time] => 2026-03-11 10:10:50
)


Lists handlers registered (3 variants):
Array
(
    [time] => 2026-03-11 10:10:50
)


OnProlog triggered - registering handlers:
Array
(
    [time] => 2026-03-11 10:10:59
)


Lists handlers registered (3 variants):
Array
(
    [time] => 2026-03-11 10:10:59
)


OnProlog triggered - registering handlers:
Array
(
    [time] => 2026-03-11 10:11:01
)


Lists handlers registered (3 variants):
Array
(
    [time] => 2026-03-11 10:11:01
)


OnProlog triggered - registering handlers:
Array
(
    [time] => 2026-03-11 10:11:07
)


Lists handlers registered (3 variants):
Array
(
    [time] => 2026-03-11 10:11:07
)


OnProlog triggered - registering handlers:
Array
(
    [time] => 2026-03-11 10:11:07
)


Lists handlers registered (3 variants):
Array
(
    [time] => 2026-03-11 10:11:07
)


OnProlog triggered - registering handlers:
Array
(
    [time] => 2026-03-11 10:11:13
)


Lists handlers registered (3 variants):
Array
(
    [time] => 2026-03-11 10:11:13
)


OnProlog triggered - registering handlers:
Array
(
    [time] => 2026-03-11 10:11:13
)


Lists handlers registered (3 variants):
Array
(
    [time] => 2026-03-11 10:11:13
)


OnProlog triggered - registering handlers:
Array
(
    [time] => 2026-03-11 10:11:22
)


Lists handlers registered (3 variants):
Array
(
    [time] => 2026-03-11 10:11:22
)


OnProlog triggered - registering handlers:
Array
(
    [time] => 2026-03-11 10:11:47
)


Lists handlers registered (3 variants):
Array
(
    [time] => 2026-03-11 10:11:47
)


OnProlog triggered - registering handlers:
Array
(
    [time] => 2026-03-11 10:11:51
)


Lists handlers registered (3 variants):
Array
(
    [time] => 2026-03-11 10:11:51
)


OnProlog triggered - registering handlers:
Array
(
    [time] => 2026-03-11 10:12:02
)


Lists handlers registered (3 variants):
Array
(
    [time] => 2026-03-11 10:12:02
)


OnProlog triggered - registering handlers:
Array
(
    [time] => 2026-03-11 10:12:02
)


Lists handlers registered (3 variants):
Array
(
    [time] => 2026-03-11 10:12:02
)


OnProlog triggered - registering handlers:
Array
(
    [time] => 2026-03-11 10:12:03
)


Lists handlers registered (3 variants):
Array
(
    [time] => 2026-03-11 10:12:03
)


OnProlog triggered - registering handlers:
Array
(
    [time] => 2026-03-11 10:12:03
)


Lists handlers registered (3 variants):
Array
(
    [time] => 2026-03-11 10:12:03
)


OnProlog triggered - registering handlers:
Array
(
    [time] => 2026-03-11 10:12:07
)


Lists handlers registered (3 variants):
Array
(
    [time] => 2026-03-11 10:12:07
)


OnProlog triggered - registering handlers:
Array
(
    [time] => 2026-03-11 10:12:08
)


Lists handlers registered (3 variants):
Array
(
    [time] => 2026-03-11 10:12:08
)


OnProlog triggered - registering handlers:
Array
(
    [time] => 2026-03-11 10:12:08
)


Lists handlers registered (3 variants):
Array
(
    [time] => 2026-03-11 10:12:08
)


OnProlog triggered - registering handlers:
Array
(
    [time] => 2026-03-11 10:12:10
)


Lists handlers registered (3 variants):
Array
(
    [time] => 2026-03-11 10:12:10
)


OnProlog triggered - registering handlers:
Array
(
    [time] => 2026-03-11 10:12:10
)


Lists handlers registered (3 variants):
Array
(
    [time] => 2026-03-11 10:12:10
)


OnProlog triggered - registering handlers:
Array
(
    [time] => 2026-03-11 10:12:11
)


Lists handlers registered (3 variants):
Array
(
    [time] => 2026-03-11 10:12:11
)


OnProlog triggered - registering handlers:
Array
(
    [time] => 2026-03-11 10:12:30
)


Lists handlers registered (3 variants):
Array
(
    [time] => 2026-03-11 10:12:30
)


OnProlog triggered - registering handlers:
Array
(
    [time] => 2026-03-11 10:12:43
)


Lists handlers registered (3 variants):
Array
(
    [time] => 2026-03-11 10:12:43
)


OnProlog triggered - registering handlers:
Array
(
    [time] => 2026-03-11 10:12:44
)


Lists handlers registered (3 variants):
Array
(
    [time] => 2026-03-11 10:12:44
)


OnProlog triggered - registering handlers:
Array
(
    [time] => 2026-03-11 10:12:44
)


Lists handlers registered (3 variants):
Array
(
    [time] => 2026-03-11 10:12:44
)


OnProlog triggered - registering handlers:
Array
(
    [time] => 2026-03-11 10:12:46
)


Lists handlers registered (3 variants):
Array
(
    [time] => 2026-03-11 10:12:46
)


OnProlog triggered - registering handlers:
Array
(
    [time] => 2026-03-11 10:12:47
)


Lists handlers registered (3 variants):
Array
(
    [time] => 2026-03-11 10:12:47
)


OnProlog triggered - registering handlers:
Array
(
    [time] => 2026-03-11 10:12:47
)


Lists handlers registered (3 variants):
Array
(
    [time] => 2026-03-11 10:12:47
)


OnProlog triggered - registering handlers:
Array
(
    [time] => 2026-03-11 10:12:49
)


Lists handlers registered (3 variants):
Array
(
    [time] => 2026-03-11 10:12:49
)


OnProlog triggered - registering handlers:
Array
(
    [time] => 2026-03-11 10:12:50
)


Lists handlers registered (3 variants):
Array
(
    [time] => 2026-03-11 10:12:50
)


OnProlog triggered - registering handlers:
Array
(
    [time] => 2026-03-11 10:12:50
)


Lists handlers registered (3 variants):
Array
(
    [time] => 2026-03-11 10:12:50
)


OnProlog triggered - registering handlers:
Array
(
    [time] => 2026-03-11 10:12:53
)


Lists handlers registered (3 variants):
Array
(
    [time] => 2026-03-11 10:12:53
)


OnProlog triggered - registering handlers:
Array
(
    [time] => 2026-03-11 10:12:53
)


Lists handlers registered (3 variants):
Array
(
    [time] => 2026-03-11 10:12:53
)


OnProlog triggered - registering handlers:
Array
(
    [time] => 2026-03-11 10:12:54
)


Lists handlers registered (3 variants):
Array
(
    [time] => 2026-03-11 10:12:54
)


OnProlog triggered - registering handlers:
Array
(
    [time] => 2026-03-11 10:12:54
)


Lists handlers registered (3 variants):
Array
(
    [time] => 2026-03-11 10:12:54
)


OnProlog triggered - registering handlers:
Array
(
    [time] => 2026-03-11 10:13:08
)


Lists handlers registered (3 variants):
Array
(
    [time] => 2026-03-11 10:13:08
)


OnProlog triggered - registering handlers:
Array
(
    [time] => 2026-03-11 10:13:08
)


Lists handlers registered (3 variants):
Array
(
    [time] => 2026-03-11 10:13:08
)


OnProlog triggered - registering handlers:
Array
(
    [time] => 2026-03-11 10:13:09
)


Lists handlers registered (3 variants):
Array
(
    [time] => 2026-03-11 10:13:09
)


OnProlog triggered - registering handlers:
Array
(
    [time] => 2026-03-11 10:13:09
)


Lists handlers registered (3 variants):
Array
(
    [time] => 2026-03-11 10:13:09
)


OnProlog triggered - registering handlers:
Array
(
    [time] => 2026-03-11 10:13:11
)


Lists handlers registered (3 variants):
Array
(
    [time] => 2026-03-11 10:13:11
)


OnProlog triggered - registering handlers:
Array
(
    [time] => 2026-03-11 10:13:12
)


Lists handlers registered (3 variants):
Array
(
    [time] => 2026-03-11 10:13:12
)


OnProlog triggered - registering handlers:
Array
(
    [time] => 2026-03-11 10:13:13
)


Lists handlers registered (3 variants):
Array
(
    [time] => 2026-03-11 10:13:13
)


OnProlog triggered - registering handlers:
Array
(
    [time] => 2026-03-11 10:13:13
)


Lists handlers registered (3 variants):
Array
(
    [time] => 2026-03-11 10:13:13
)


OnProlog triggered - registering handlers:
Array
(
    [time] => 2026-03-11 10:13:14
)


Lists handlers registered (3 variants):
Array
(
    [time] => 2026-03-11 10:13:14
)


OnProlog triggered - registering handlers:
Array
(
    [time] => 2026-03-11 10:13:15
)


Lists handlers registered (3 variants):
Array
(
    [time] => 2026-03-11 10:13:15
)


OnProlog triggered - registering handlers:
Array
(
    [time] => 2026-03-11 10:13:15
)


Lists handlers registered (3 variants):
Array
(
    [time] => 2026-03-11 10:13:15
)


OnProlog triggered - registering handlers:
Array
(
    [time] => 2026-03-11 10:13:18
)


Lists handlers registered (3 variants):
Array
(
    [time] => 2026-03-11 10:13:18
)


OnProlog triggered - registering handlers:
Array
(
    [time] => 2026-03-11 10:13:28
)


Lists handlers registered (3 variants):
Array
(
    [time] => 2026-03-11 10:13:28
)


OnProlog triggered - registering handlers:
Array
(
    [time] => 2026-03-11 10:13:32
)


Lists handlers registered (3 variants):
Array
(
    [time] => 2026-03-11 10:13:32
)


OnProlog triggered - registering handlers:
Array
(
    [time] => 2026-03-11 10:13:33
)


Lists handlers registered (3 variants):
Array
(
    [time] => 2026-03-11 10:13:33
)


OnProlog triggered - registering handlers:
Array
(
    [time] => 2026-03-11 10:13:34
)


Lists handlers registered (3 variants):
Array
(
    [time] => 2026-03-11 10:13:34
)


OnProlog triggered - registering handlers:
Array
(
    [time] => 2026-03-11 10:13:38
)


Lists handlers registered (3 variants):
Array
(
    [time] => 2026-03-11 10:13:38
)


OnProlog triggered - registering handlers:
Array
(
    [time] => 2026-03-11 10:13:39
)


Lists handlers registered (3 variants):
Array
(
    [time] => 2026-03-11 10:13:39
)


OnProlog triggered - registering handlers:
Array
(
    [time] => 2026-03-11 10:13:39
)


Lists handlers registered (3 variants):
Array
(
    [time] => 2026-03-11 10:13:39
)


OnProlog triggered - registering handlers:
Array
(
    [time] => 2026-03-11 10:13:44
)


Lists handlers registered (3 variants):
Array
(
    [time] => 2026-03-11 10:13:44
)


WorkOrderBeforeAdd (iblock):
Array
(
    [iblock_id] => 22
)


WorkOrderAfterAdd (iblock):
Array
(
    [iblock_id] => 22
    [id] => 210
)


Name updated:
Array
(
    [order_id] => 210
)


OnProlog triggered - registering handlers:
Array
(
    [time] => 2026-03-11 10:13:45
)


Lists handlers registered (3 variants):
Array
(
    [time] => 2026-03-11 10:13:45
)


OnProlog triggered - registering handlers:
Array
(
    [time] => 2026-03-11 10:13:46
)


Lists handlers registered (3 variants):
Array
(
    [time] => 2026-03-11 10:13:46
)


OnProlog triggered - registering handlers:
Array
(
    [time] => 2026-03-11 10:13:46
)


Lists handlers registered (3 variants):
Array
(
    [time] => 2026-03-11 10:13:46
)


OnProlog triggered - registering handlers:
Array
(
    [time] => 2026-03-11 10:14:06
)


Lists handlers registered (3 variants):
Array
(
    [time] => 2026-03-11 10:14:06
)


OnProlog triggered - registering handlers:
Array
(
    [time] => 2026-03-11 10:14:16
)


Lists handlers registered (3 variants):
Array
(
    [time] => 2026-03-11 10:14:16
)


OnProlog triggered - registering handlers:
Array
(
    [time] => 2026-03-11 10:14:22
)


Lists handlers registered (3 variants):
Array
(
    [time] => 2026-03-11 10:14:22
)


OnProlog triggered - registering handlers:
Array
(
    [time] => 2026-03-11 10:14:23
)


Lists handlers registered (3 variants):
Array
(
    [time] => 2026-03-11 10:14:23
)


OnProlog triggered - registering handlers:
Array
(
    [time] => 2026-03-11 10:14:24
)


Lists handlers registered (3 variants):
Array
(
    [time] => 2026-03-11 10:14:24
)


OnProlog triggered - registering handlers:
Array
(
    [time] => 2026-03-11 10:14:24
)


Lists handlers registered (3 variants):
Array
(
    [time] => 2026-03-11 10:14:24
)


OnProlog triggered - registering handlers:
Array
(
    [time] => 2026-03-11 10:14:48
)


Lists handlers registered (3 variants):
Array
(
    [time] => 2026-03-11 10:14:48
)


OnProlog triggered - registering handlers:
Array
(
    [time] => 2026-03-11 10:14:50
)


Lists handlers registered (3 variants):
Array
(
    [time] => 2026-03-11 10:14:50
)


OnProlog triggered - registering handlers:
Array
(
    [time] => 2026-03-11 10:14:58
)


Lists handlers registered (3 variants):
Array
(
    [time] => 2026-03-11 10:14:58
)


OnProlog triggered - registering handlers:
Array
(
    [time] => 2026-03-11 10:15:18
)


Lists handlers registered (3 variants):
Array
(
    [time] => 2026-03-11 10:15:18
)


OnProlog triggered - registering handlers:
Array
(
    [time] => 2026-03-11 10:15:19
)


Lists handlers registered (3 variants):
Array
(
    [time] => 2026-03-11 10:15:19
)


OnProlog triggered - registering handlers:
Array
(
    [time] => 2026-03-11 10:15:25
)


Lists handlers registered (3 variants):
Array
(
    [time] => 2026-03-11 10:15:25
)


OnProlog triggered - registering handlers:
Array
(
    [time] => 2026-03-11 10:15:28
)


Lists handlers registered (3 variants):
Array
(
    [time] => 2026-03-11 10:15:28
)


OnProlog triggered - registering handlers:
Array
(
    [time] => 2026-03-11 10:15:28
)


Lists handlers registered (3 variants):
Array
(
    [time] => 2026-03-11 10:15:28
)


OnProlog triggered - registering handlers:
Array
(
    [time] => 2026-03-11 10:15:32
)


Lists handlers registered (3 variants):
Array
(
    [time] => 2026-03-11 10:15:32
)


OnProlog triggered - registering handlers:
Array
(
    [time] => 2026-03-11 10:15:33
)


Lists handlers registered (3 variants):
Array
(
    [time] => 2026-03-11 10:15:33
)


OnProlog triggered - registering handlers:
Array
(
    [time] => 2026-03-11 10:15:33
)


Lists handlers registered (3 variants):
Array
(
    [time] => 2026-03-11 10:15:33
)


OnProlog triggered - registering handlers:
Array
(
    [time] => 2026-03-11 10:15:44
)


Lists handlers registered (3 variants):
Array
(
    [time] => 2026-03-11 10:15:44
)


OnProlog triggered - registering handlers:
Array
(
    [time] => 2026-03-11 10:15:45
)


Lists handlers registered (3 variants):
Array
(
    [time] => 2026-03-11 10:15:45
)


OnProlog triggered - registering handlers:
Array
(
    [time] => 2026-03-11 10:15:46
)


Lists handlers registered (3 variants):
Array
(
    [time] => 2026-03-11 10:15:46
)


OnProlog triggered - registering handlers:
Array
(
    [time] => 2026-03-11 10:16:06
)


Lists handlers registered (3 variants):
Array
(
    [time] => 2026-03-11 10:16:06
)


OnProlog triggered - registering handlers:
Array
(
    [time] => 2026-03-11 10:16:14
)


Lists handlers registered (3 variants):
Array
(
    [time] => 2026-03-11 10:16:14
)


OnProlog triggered - registering handlers:
Array
(
    [time] => 2026-03-11 10:16:33
)


Lists handlers registered (3 variants):
Array
(
    [time] => 2026-03-11 10:16:33
)


OnProlog triggered - registering handlers:
Array
(
    [time] => 2026-03-11 10:16:34
)


Lists handlers registered (3 variants):
Array
(
    [time] => 2026-03-11 10:16:34
)


OnProlog triggered - registering handlers:
Array
(
    [time] => 2026-03-11 10:16:41
)


Lists handlers registered (3 variants):
Array
(
    [time] => 2026-03-11 10:16:41
)


OnProlog triggered - registering handlers:
Array
(
    [time] => 2026-03-11 10:16:47
)


Lists handlers registered (3 variants):
Array
(
    [time] => 2026-03-11 10:16:47
)


OnProlog triggered - registering handlers:
Array
(
    [time] => 2026-03-11 10:16:53
)


Lists handlers registered (3 variants):
Array
(
    [time] => 2026-03-11 10:16:53
)


OnProlog triggered - registering handlers:
Array
(
    [time] => 2026-03-11 10:16:59
)


Lists handlers registered (3 variants):
Array
(
    [time] => 2026-03-11 10:16:59
)


OnProlog triggered - registering handlers:
Array
(
    [time] => 2026-03-11 10:16:59
)


Lists handlers registered (3 variants):
Array
(
    [time] => 2026-03-11 10:16:59
)


OnProlog triggered - registering handlers:
Array
(
    [time] => 2026-03-11 10:18:01
)


Lists handlers registered (3 variants):
Array
(
    [time] => 2026-03-11 10:18:01
)


OnProlog triggered - registering handlers:
Array
(
    [time] => 2026-03-11 10:28:29
)


Lists handlers registered (3 variants):
Array
(
    [time] => 2026-03-11 10:28:29
)


OnProlog triggered - registering handlers:
Array
(
    [time] => 2026-03-11 10:28:32
)


Lists handlers registered (3 variants):
Array
(
    [time] => 2026-03-11 10:28:32
)


OnProlog triggered - registering handlers:
Array
(
    [time] => 2026-03-11 10:28:35
)


Lists handlers registered (3 variants):
Array
(
    [time] => 2026-03-11 10:28:35
)


OnProlog triggered - registering handlers:
Array
(
    [time] => 2026-03-11 10:28:39
)


Lists handlers registered (3 variants):
Array
(
    [time] => 2026-03-11 10:28:39
)


OnProlog triggered - registering handlers:
Array
(
    [time] => 2026-03-11 10:28:47
)


Lists handlers registered (3 variants):
Array
(
    [time] => 2026-03-11 10:28:47
)


OnProlog triggered - registering handlers:
Array
(
    [time] => 2026-03-11 10:28:49
)


Lists handlers registered (3 variants):
Array
(
    [time] => 2026-03-11 10:28:49
)


OnProlog triggered - registering handlers:
Array
(
    [time] => 2026-03-11 10:29:35
)


Lists handlers registered (3 variants):
Array
(
    [time] => 2026-03-11 10:29:35
)


OnProlog triggered - registering handlers:
Array
(
    [time] => 2026-03-11 10:29:45
)


Lists handlers registered (3 variants):
Array
(
    [time] => 2026-03-11 10:29:45
)


OnProlog triggered - registering handlers:
Array
(
    [time] => 2026-03-11 10:30:30
)


Lists handlers registered (3 variants):
Array
(
    [time] => 2026-03-11 10:30:30
)


OnProlog triggered - registering handlers:
Array
(
    [time] => 2026-03-11 10:33:51
)


Lists handlers registered (3 variants):
Array
(
    [time] => 2026-03-11 10:33:51
)


OnProlog triggered - registering handlers:
Array
(
    [time] => 2026-03-11 10:35:30
)


Lists handlers registered (3 variants):
Array
(
    [time] => 2026-03-11 10:35:30
)


OnProlog triggered - registering handlers:
Array
(
    [time] => 2026-03-11 10:38:21
)


Lists handlers registered (3 variants):
Array
(
    [time] => 2026-03-11 10:38:21
)


OnProlog triggered - registering handlers:
Array
(
    [time] => 2026-03-11 10:38:27
)


Lists handlers registered (3 variants):
Array
(
    [time] => 2026-03-11 10:38:27
)


OnProlog triggered - registering handlers:
Array
(
    [time] => 2026-03-11 10:38:27
)


Lists handlers registered (3 variants):
Array
(
    [time] => 2026-03-11 10:38:27
)


OnProlog triggered - registering handlers:
Array
(
    [time] => 2026-03-11 10:38:29
)


Lists handlers registered (3 variants):
Array
(
    [time] => 2026-03-11 10:38:29
)


OnProlog triggered - registering handlers:
Array
(
    [time] => 2026-03-11 10:38:30
)


Lists handlers registered (3 variants):
Array
(
    [time] => 2026-03-11 10:38:30
)


OnProlog triggered - registering handlers:
Array
(
    [time] => 2026-03-11 10:38:32
)


Lists handlers registered (3 variants):
Array
(
    [time] => 2026-03-11 10:38:32
)


OnProlog triggered - registering handlers:
Array
(
    [time] => 2026-03-11 10:38:34
)


Lists handlers registered (3 variants):
Array
(
    [time] => 2026-03-11 10:38:34
)


OnProlog triggered - registering handlers:
Array
(
    [time] => 2026-03-11 10:38:34
)


Lists handlers registered (3 variants):
Array
(
    [time] => 2026-03-11 10:38:34
)


OnProlog triggered - registering handlers:
Array
(
    [time] => 2026-03-11 10:38:36
)


Lists handlers registered (3 variants):
Array
(
    [time] => 2026-03-11 10:38:36
)


OnProlog triggered - registering handlers:
Array
(
    [time] => 2026-03-11 10:38:39
)


Lists handlers registered (3 variants):
Array
(
    [time] => 2026-03-11 10:38:39
)


OnProlog triggered - registering handlers:
Array
(
    [time] => 2026-03-11 10:38:40
)


Lists handlers registered (3 variants):
Array
(
    [time] => 2026-03-11 10:38:40
)


OnProlog triggered - registering handlers:
Array
(
    [time] => 2026-03-11 10:38:41
)


Lists handlers registered (3 variants):
Array
(
    [time] => 2026-03-11 10:38:41
)


OnProlog triggered - registering handlers:
Array
(
    [time] => 2026-03-11 10:38:41
)


Lists handlers registered (3 variants):
Array
(
    [time] => 2026-03-11 10:38:41
)


OnProlog triggered - registering handlers:
Array
(
    [time] => 2026-03-11 10:38:41
)


Lists handlers registered (3 variants):
Array
(
    [time] => 2026-03-11 10:38:41
)


OnProlog triggered - registering handlers:
Array
(
    [time] => 2026-03-11 10:38:54
)


Lists handlers registered (3 variants):
Array
(
    [time] => 2026-03-11 10:38:54
)


OnProlog triggered - registering handlers:
Array
(
    [time] => 2026-03-11 10:39:34
)


Lists handlers registered (3 variants):
Array
(
    [time] => 2026-03-11 10:39:34
)


OnProlog triggered - registering handlers:
Array
(
    [time] => 2026-03-11 10:39:36
)


Lists handlers registered (3 variants):
Array
(
    [time] => 2026-03-11 10:39:36
)


OnProlog triggered - registering handlers:
Array
(
    [time] => 2026-03-11 10:39:36
)


Lists handlers registered (3 variants):
Array
(
    [time] => 2026-03-11 10:39:36
)


OnProlog triggered - registering handlers:
Array
(
    [time] => 2026-03-11 10:39:36
)


Lists handlers registered (3 variants):
Array
(
    [time] => 2026-03-11 10:39:36
)


OnProlog triggered - registering handlers:
Array
(
    [time] => 2026-03-11 10:39:37
)


Lists handlers registered (3 variants):
Array
(
    [time] => 2026-03-11 10:39:37
)


OnProlog triggered - registering handlers:
Array
(
    [time] => 2026-03-11 10:39:51
)


Lists handlers registered (3 variants):
Array
(
    [time] => 2026-03-11 10:39:51
)


OnProlog triggered - registering handlers:
Array
(
    [time] => 2026-03-11 10:40:02
)


Lists handlers registered (3 variants):
Array
(
    [time] => 2026-03-11 10:40:02
)


OnProlog triggered - registering handlers:
Array
(
    [time] => 2026-03-11 10:40:12
)


Lists handlers registered (3 variants):
Array
(
    [time] => 2026-03-11 10:40:12
)


OnProlog triggered - registering handlers:
Array
(
    [time] => 2026-03-11 10:40:13
)


Lists handlers registered (3 variants):
Array
(
    [time] => 2026-03-11 10:40:13
)


OnProlog triggered - registering handlers:
Array
(
    [time] => 2026-03-11 10:40:14
)


Lists handlers registered (3 variants):
Array
(
    [time] => 2026-03-11 10:40:14
)


OnProlog triggered - registering handlers:
Array
(
    [time] => 2026-03-11 10:40:14
)


Lists handlers registered (3 variants):
Array
(
    [time] => 2026-03-11 10:40:14
)


OnProlog triggered - registering handlers:
Array
(
    [time] => 2026-03-11 10:40:14
)


Lists handlers registered (3 variants):
Array
(
    [time] => 2026-03-11 10:40:14
)


OnProlog triggered - registering handlers:
Array
(
    [time] => 2026-03-11 10:40:26
)


Lists handlers registered (3 variants):
Array
(
    [time] => 2026-03-11 10:40:26
)


OnProlog triggered - registering handlers:
Array
(
    [time] => 2026-03-11 10:40:30
)


Lists handlers registered (3 variants):
Array
(
    [time] => 2026-03-11 10:40:30
)


OnProlog triggered - registering handlers:
Array
(
    [time] => 2026-03-11 10:41:35
)


Lists handlers registered (3 variants):
Array
(
    [time] => 2026-03-11 10:41:35
)


OnProlog triggered - registering handlers:
Array
(
    [time] => 2026-03-11 10:50:08
)


Lists handlers registered (3 variants):
Array
(
    [time] => 2026-03-11 10:50:08
)


OnProlog triggered - registering handlers:
Array
(
    [time] => 2026-03-11 10:50:10
)


Lists handlers registered (3 variants):
Array
(
    [time] => 2026-03-11 10:50:10
)


OnProlog triggered - registering handlers:
Array
(
    [time] => 2026-03-11 10:50:17
)


Lists handlers registered (3 variants):
Array
(
    [time] => 2026-03-11 10:50:17
)


OnProlog triggered - registering handlers:
Array
(
    [time] => 2026-03-11 10:51:10
)


Lists handlers registered (3 variants):
Array
(
    [time] => 2026-03-11 10:51:10
)


OnProlog triggered - registering handlers:
Array
(
    [time] => 2026-03-11 10:51:36
)


Lists handlers registered (3 variants):
Array
(
    [time] => 2026-03-11 10:51:36
)


OnProlog triggered - registering handlers:
Array
(
    [time] => 2026-03-11 10:52:10
)


Lists handlers registered (3 variants):
Array
(
    [time] => 2026-03-11 10:52:10
)


OnProlog triggered - registering handlers:
Array
(
    [time] => 2026-03-11 10:52:25
)


Lists handlers registered (3 variants):
Array
(
    [time] => 2026-03-11 10:52:25
)


OnProlog triggered - registering handlers:
Array
(
    [time] => 2026-03-11 10:52:29
)


Lists handlers registered (3 variants):
Array
(
    [time] => 2026-03-11 10:52:29
)


OnProlog triggered - registering handlers:
Array
(
    [time] => 2026-03-11 10:52:34
)


Lists handlers registered (3 variants):
Array
(
    [time] => 2026-03-11 10:52:34
)


OnProlog triggered - registering handlers:
Array
(
    [time] => 2026-03-11 10:52:39
)


Lists handlers registered (3 variants):
Array
(
    [time] => 2026-03-11 10:52:39
)


OnProlog triggered - registering handlers:
Array
(
    [time] => 2026-03-11 10:53:10
)


Lists handlers registered (3 variants):
Array
(
    [time] => 2026-03-11 10:53:10
)


OnProlog triggered - registering handlers:
Array
(
    [time] => 2026-03-11 10:54:10
)


Lists handlers registered (3 variants):
Array
(
    [time] => 2026-03-11 10:54:10
)


OnProlog triggered - registering handlers:
Array
(
    [time] => 2026-03-11 10:55:33
)


Lists handlers registered (3 variants):
Array
(
    [time] => 2026-03-11 10:55:33
)


OnProlog triggered - registering handlers:
Array
(
    [time] => 2026-03-11 10:55:34
)


Lists handlers registered (3 variants):
Array
(
    [time] => 2026-03-11 10:55:34
)


OnProlog triggered - registering handlers:
Array
(
    [time] => 2026-03-11 10:56:35
)


Lists handlers registered (3 variants):
Array
(
    [time] => 2026-03-11 10:56:35
)


OnProlog triggered - registering handlers:
Array
(
    [time] => 2026-03-11 10:56:40
)


Lists handlers registered (3 variants):
Array
(
    [time] => 2026-03-11 10:56:40
)


OnProlog triggered - registering handlers:
Array
(
    [time] => 2026-03-11 10:56:40
)


Lists handlers registered (3 variants):
Array
(
    [time] => 2026-03-11 10:56:40
)


OnProlog triggered - registering handlers:
Array
(
    [time] => 2026-03-11 10:56:42
)


Lists handlers registered (3 variants):
Array
(
    [time] => 2026-03-11 10:56:42
)


OnProlog triggered - registering handlers:
Array
(
    [time] => 2026-03-11 10:56:42
)


Lists handlers registered (3 variants):
Array
(
    [time] => 2026-03-11 10:56:42
)


OnProlog triggered - registering handlers:
Array
(
    [time] => 2026-03-11 10:57:38
)


Lists handlers registered (3 variants):
Array
(
    [time] => 2026-03-11 10:57:38
)


OnProlog triggered - registering handlers:
Array
(
    [time] => 2026-03-11 10:57:41
)


Lists handlers registered (3 variants):
Array
(
    [time] => 2026-03-11 10:57:41
)


OnProlog triggered - registering handlers:
Array
(
    [time] => 2026-03-11 10:57:41
)


Lists handlers registered (3 variants):
Array
(
    [time] => 2026-03-11 10:57:41
)


OnProlog triggered - registering handlers:
Array
(
    [time] => 2026-03-11 10:57:41
)


Lists handlers registered (3 variants):
Array
(
    [time] => 2026-03-11 10:57:41
)


OnProlog triggered - registering handlers:
Array
(
    [time] => 2026-03-11 10:57:42
)


Lists handlers registered (3 variants):
Array
(
    [time] => 2026-03-11 10:57:42
)


OnProlog triggered - registering handlers:
Array
(
    [time] => 2026-03-11 10:57:44
)


Lists handlers registered (3 variants):
Array
(
    [time] => 2026-03-11 10:57:44
)


OnProlog triggered - registering handlers:
Array
(
    [time] => 2026-03-11 10:57:51
)


Lists handlers registered (3 variants):
Array
(
    [time] => 2026-03-11 10:57:51
)


OnProlog triggered - registering handlers:
Array
(
    [time] => 2026-03-11 10:57:53
)


Lists handlers registered (3 variants):
Array
(
    [time] => 2026-03-11 10:57:53
)


OnProlog triggered - registering handlers:
Array
(
    [time] => 2026-03-11 10:57:53
)


Lists handlers registered (3 variants):
Array
(
    [time] => 2026-03-11 10:57:53
)


OnProlog triggered - registering handlers:
Array
(
    [time] => 2026-03-11 10:57:56
)


Lists handlers registered (3 variants):
Array
(
    [time] => 2026-03-11 10:57:56
)


OnProlog triggered - registering handlers:
Array
(
    [time] => 2026-03-11 10:57:58
)


Lists handlers registered (3 variants):
Array
(
    [time] => 2026-03-11 10:57:58
)


OnProlog triggered - registering handlers:
Array
(
    [time] => 2026-03-11 10:57:59
)


Lists handlers registered (3 variants):
Array
(
    [time] => 2026-03-11 10:57:59
)


OnProlog triggered - registering handlers:
Array
(
    [time] => 2026-03-11 10:57:59
)


Lists handlers registered (3 variants):
Array
(
    [time] => 2026-03-11 10:57:59
)


OnProlog triggered - registering handlers:
Array
(
    [time] => 2026-03-11 10:57:59
)


Lists handlers registered (3 variants):
Array
(
    [time] => 2026-03-11 10:57:59
)


OnProlog triggered - registering handlers:
Array
(
    [time] => 2026-03-11 10:58:00
)


Lists handlers registered (3 variants):
Array
(
    [time] => 2026-03-11 10:58:00
)


OnProlog triggered - registering handlers:
Array
(
    [time] => 2026-03-11 10:58:00
)


Lists handlers registered (3 variants):
Array
(
    [time] => 2026-03-11 10:58:00
)


OnProlog triggered - registering handlers:
Array
(
    [time] => 2026-03-11 10:58:20
)


Lists handlers registered (3 variants):
Array
(
    [time] => 2026-03-11 10:58:20
)


OnProlog triggered - registering handlers:
Array
(
    [time] => 2026-03-11 10:58:22
)


Lists handlers registered (3 variants):
Array
(
    [time] => 2026-03-11 10:58:22
)


OnProlog triggered - registering handlers:
Array
(
    [time] => 2026-03-11 10:58:23
)


Lists handlers registered (3 variants):
Array
(
    [time] => 2026-03-11 10:58:23
)


OnProlog triggered - registering handlers:
Array
(
    [time] => 2026-03-11 10:58:37
)


Lists handlers registered (3 variants):
Array
(
    [time] => 2026-03-11 10:58:37
)


OnProlog triggered - registering handlers:
Array
(
    [time] => 2026-03-11 10:58:38
)


Lists handlers registered (3 variants):
Array
(
    [time] => 2026-03-11 10:58:38
)


OnProlog triggered - registering handlers:
Array
(
    [time] => 2026-03-11 10:58:39
)


Lists handlers registered (3 variants):
Array
(
    [time] => 2026-03-11 10:58:39
)


OnProlog triggered - registering handlers:
Array
(
    [time] => 2026-03-11 10:58:39
)


Lists handlers registered (3 variants):
Array
(
    [time] => 2026-03-11 10:58:39
)


OnProlog triggered - registering handlers:
Array
(
    [time] => 2026-03-11 10:58:39
)


Lists handlers registered (3 variants):
Array
(
    [time] => 2026-03-11 10:58:39
)


OnProlog triggered - registering handlers:
Array
(
    [time] => 2026-03-11 10:58:51
)


Lists handlers registered (3 variants):
Array
(
    [time] => 2026-03-11 10:58:51
)


OnProlog triggered - registering handlers:
Array
(
    [time] => 2026-03-11 10:59:03
)


Lists handlers registered (3 variants):
Array
(
    [time] => 2026-03-11 10:59:03
)


OnProlog triggered - registering handlers:
Array
(
    [time] => 2026-03-11 10:59:06
)


Lists handlers registered (3 variants):
Array
(
    [time] => 2026-03-11 10:59:06
)


OnProlog triggered - registering handlers:
Array
(
    [time] => 2026-03-11 10:59:12
)


Lists handlers registered (3 variants):
Array
(
    [time] => 2026-03-11 10:59:12
)


OnProlog triggered - registering handlers:
Array
(
    [time] => 2026-03-11 10:59:22
)


Lists handlers registered (3 variants):
Array
(
    [time] => 2026-03-11 10:59:22
)


OnProlog triggered - registering handlers:
Array
(
    [time] => 2026-03-11 10:59:30
)


Lists handlers registered (3 variants):
Array
(
    [time] => 2026-03-11 10:59:30
)


OnProlog triggered - registering handlers:
Array
(
    [time] => 2026-03-11 11:00:15
)


Lists handlers registered (3 variants):
Array
(
    [time] => 2026-03-11 11:00:15
)


OnProlog triggered - registering handlers:
Array
(
    [time] => 2026-03-11 11:00:22
)


Lists handlers registered (3 variants):
Array
(
    [time] => 2026-03-11 11:00:22
)


OnProlog triggered - registering handlers:
Array
(
    [time] => 2026-03-11 11:00:23
)


Lists handlers registered (3 variants):
Array
(
    [time] => 2026-03-11 11:00:23
)


OnProlog triggered - registering handlers:
Array
(
    [time] => 2026-03-11 11:00:23
)


Lists handlers registered (3 variants):
Array
(
    [time] => 2026-03-11 11:00:23
)


OnProlog triggered - registering handlers:
Array
(
    [time] => 2026-03-11 11:00:23
)


Lists handlers registered (3 variants):
Array
(
    [time] => 2026-03-11 11:00:23
)


OnProlog triggered - registering handlers:
Array
(
    [time] => 2026-03-11 11:00:24
)


Lists handlers registered (3 variants):
Array
(
    [time] => 2026-03-11 11:00:24
)


OnProlog triggered - registering handlers:
Array
(
    [time] => 2026-03-11 11:00:33
)


Lists handlers registered (3 variants):
Array
(
    [time] => 2026-03-11 11:00:33
)


OnProlog triggered - registering handlers:
Array
(
    [time] => 2026-03-11 11:00:37
)


Lists handlers registered (3 variants):
Array
(
    [time] => 2026-03-11 11:00:37
)


OnProlog triggered - registering handlers:
Array
(
    [time] => 2026-03-11 11:00:37
)


Lists handlers registered (3 variants):
Array
(
    [time] => 2026-03-11 11:00:37
)


OnProlog triggered - registering handlers:
Array
(
    [time] => 2026-03-11 11:01:23
)


Lists handlers registered (3 variants):
Array
(
    [time] => 2026-03-11 11:01:23
)


OnProlog triggered - registering handlers:
Array
(
    [time] => 2026-03-11 11:02:01
)


Lists handlers registered (3 variants):
Array
(
    [time] => 2026-03-11 11:02:01
)


OnProlog triggered - registering handlers:
Array
(
    [time] => 2026-03-11 11:02:01
)


Lists handlers registered (3 variants):
Array
(
    [time] => 2026-03-11 11:02:01
)


OnProlog triggered - registering handlers:
Array
(
    [time] => 2026-03-11 11:02:02
)


Lists handlers registered (3 variants):
Array
(
    [time] => 2026-03-11 11:02:02
)


OnProlog triggered - registering handlers:
Array
(
    [time] => 2026-03-11 11:02:03
)


Lists handlers registered (3 variants):
Array
(
    [time] => 2026-03-11 11:02:03
)


OnProlog triggered - registering handlers:
Array
(
    [time] => 2026-03-11 11:02:37
)


Lists handlers registered (3 variants):
Array
(
    [time] => 2026-03-11 11:02:37
)


OnProlog triggered - registering handlers:
Array
(
    [time] => 2026-03-11 11:02:40
)


Lists handlers registered (3 variants):
Array
(
    [time] => 2026-03-11 11:02:40
)


OnProlog triggered - registering handlers:
Array
(
    [time] => 2026-03-11 11:02:42
)


Lists handlers registered (3 variants):
Array
(
    [time] => 2026-03-11 11:02:42
)


OnProlog triggered - registering handlers:
Array
(
    [time] => 2026-03-11 11:02:42
)


Lists handlers registered (3 variants):
Array
(
    [time] => 2026-03-11 11:02:42
)


OnProlog triggered - registering handlers:
Array
(
    [time] => 2026-03-11 11:02:43
)


Lists handlers registered (3 variants):
Array
(
    [time] => 2026-03-11 11:02:43
)


OnProlog triggered - registering handlers:
Array
(
    [time] => 2026-03-11 11:03:04
)


Lists handlers registered (3 variants):
Array
(
    [time] => 2026-03-11 11:03:04
)


OnProlog triggered - registering handlers:
Array
(
    [time] => 2026-03-11 11:03:05
)


Lists handlers registered (3 variants):
Array
(
    [time] => 2026-03-11 11:03:05
)


OnProlog triggered - registering handlers:
Array
(
    [time] => 2026-03-11 11:03:05
)


Lists handlers registered (3 variants):
Array
(
    [time] => 2026-03-11 11:03:05
)


OnProlog triggered - registering handlers:
Array
(
    [time] => 2026-03-11 11:03:05
)


Lists handlers registered (3 variants):
Array
(
    [time] => 2026-03-11 11:03:05
)


OnProlog triggered - registering handlers:
Array
(
    [time] => 2026-03-11 11:03:06
)


Lists handlers registered (3 variants):
Array
(
    [time] => 2026-03-11 11:03:06
)


OnProlog triggered - registering handlers:
Array
(
    [time] => 2026-03-11 11:03:06
)


Lists handlers registered (3 variants):
Array
(
    [time] => 2026-03-11 11:03:06
)


OnProlog triggered - registering handlers:
Array
(
    [time] => 2026-03-11 11:03:06
)


Lists handlers registered (3 variants):
Array
(
    [time] => 2026-03-11 11:03:06
)


OnProlog triggered - registering handlers:
Array
(
    [time] => 2026-03-11 11:03:11
)


Lists handlers registered (3 variants):
Array
(
    [time] => 2026-03-11 11:03:11
)


OnProlog triggered - registering handlers:
Array
(
    [time] => 2026-03-11 11:03:18
)


Lists handlers registered (3 variants):
Array
(
    [time] => 2026-03-11 11:03:18
)


OnProlog triggered - registering handlers:
Array
(
    [time] => 2026-03-11 11:03:19
)


Lists handlers registered (3 variants):
Array
(
    [time] => 2026-03-11 11:03:19
)


OnProlog triggered - registering handlers:
Array
(
    [time] => 2026-03-11 11:03:19
)


Lists handlers registered (3 variants):
Array
(
    [time] => 2026-03-11 11:03:19
)


OnProlog triggered - registering handlers:
Array
(
    [time] => 2026-03-11 11:03:21
)


Lists handlers registered (3 variants):
Array
(
    [time] => 2026-03-11 11:03:21
)


OnProlog triggered - registering handlers:
Array
(
    [time] => 2026-03-11 11:03:21
)


Lists handlers registered (3 variants):
Array
(
    [time] => 2026-03-11 11:03:21
)


OnProlog triggered - registering handlers:
Array
(
    [time] => 2026-03-11 11:03:34
)


Lists handlers registered (3 variants):
Array
(
    [time] => 2026-03-11 11:03:34
)


OnProlog triggered - registering handlers:
Array
(
    [time] => 2026-03-11 11:03:42
)


Lists handlers registered (3 variants):
Array
(
    [time] => 2026-03-11 11:03:42
)


OnProlog triggered - registering handlers:
Array
(
    [time] => 2026-03-11 11:03:43
)


Lists handlers registered (3 variants):
Array
(
    [time] => 2026-03-11 11:03:43
)


OnProlog triggered - registering handlers:
Array
(
    [time] => 2026-03-11 11:03:49
)


Lists handlers registered (3 variants):
Array
(
    [time] => 2026-03-11 11:03:49
)


OnProlog triggered - registering handlers:
Array
(
    [time] => 2026-03-11 11:03:49
)


Lists handlers registered (3 variants):
Array
(
    [time] => 2026-03-11 11:03:49
)


OnProlog triggered - registering handlers:
Array
(
    [time] => 2026-03-11 11:03:57
)


Lists handlers registered (3 variants):
Array
(
    [time] => 2026-03-11 11:03:57
)


OnProlog triggered - registering handlers:
Array
(
    [time] => 2026-03-11 11:03:57
)


Lists handlers registered (3 variants):
Array
(
    [time] => 2026-03-11 11:03:57
)


OnProlog triggered - registering handlers:
Array
(
    [time] => 2026-03-11 11:03:58
)


Lists handlers registered (3 variants):
Array
(
    [time] => 2026-03-11 11:03:58
)


OnProlog triggered - registering handlers:
Array
(
    [time] => 2026-03-11 11:03:58
)


Lists handlers registered (3 variants):
Array
(
    [time] => 2026-03-11 11:03:58
)


OnProlog triggered - registering handlers:
Array
(
    [time] => 2026-03-11 11:04:03
)


Lists handlers registered (3 variants):
Array
(
    [time] => 2026-03-11 11:04:03
)


OnProlog triggered - registering handlers:
Array
(
    [time] => 2026-03-11 11:04:03
)


Lists handlers registered (3 variants):
Array
(
    [time] => 2026-03-11 11:04:03
)


OnProlog triggered - registering handlers:
Array
(
    [time] => 2026-03-11 11:04:16
)


Lists handlers registered (3 variants):
Array
(
    [time] => 2026-03-11 11:04:16
)


OnProlog triggered - registering handlers:
Array
(
    [time] => 2026-03-11 11:04:16
)


Lists handlers registered (3 variants):
Array
(
    [time] => 2026-03-11 11:04:16
)


OnProlog triggered - registering handlers:
Array
(
    [time] => 2026-03-11 11:04:17
)


Lists handlers registered (3 variants):
Array
(
    [time] => 2026-03-11 11:04:17
)


OnProlog triggered - registering handlers:
Array
(
    [time] => 2026-03-11 11:04:20
)


Lists handlers registered (3 variants):
Array
(
    [time] => 2026-03-11 11:04:20
)


OnProlog triggered - registering handlers:
Array
(
    [time] => 2026-03-11 11:05:05
)


Lists handlers registered (3 variants):
Array
(
    [time] => 2026-03-11 11:05:05
)


OnProlog triggered - registering handlers:
Array
(
    [time] => 2026-03-11 11:05:07
)


Lists handlers registered (3 variants):
Array
(
    [time] => 2026-03-11 11:05:07
)


OnProlog triggered - registering handlers:
Array
(
    [time] => 2026-03-11 11:05:21
)


Lists handlers registered (3 variants):
Array
(
    [time] => 2026-03-11 11:05:21
)


OnProlog triggered - registering handlers:
Array
(
    [time] => 2026-03-11 11:05:41
)


Lists handlers registered (3 variants):
Array
(
    [time] => 2026-03-11 11:05:41
)


OnProlog triggered - registering handlers:
Array
(
    [time] => 2026-03-11 11:05:44
)


Lists handlers registered (3 variants):
Array
(
    [time] => 2026-03-11 11:05:44
)


OnProlog triggered - registering handlers:
Array
(
    [time] => 2026-03-11 11:05:44
)


Lists handlers registered (3 variants):
Array
(
    [time] => 2026-03-11 11:05:44
)


OnProlog triggered - registering handlers:
Array
(
    [time] => 2026-03-11 11:05:45
)


Lists handlers registered (3 variants):
Array
(
    [time] => 2026-03-11 11:05:45
)


OnProlog triggered - registering handlers:
Array
(
    [time] => 2026-03-11 11:05:45
)


Lists handlers registered (3 variants):
Array
(
    [time] => 2026-03-11 11:05:45
)


OnProlog triggered - registering handlers:
Array
(
    [time] => 2026-03-11 11:05:49
)


Lists handlers registered (3 variants):
Array
(
    [time] => 2026-03-11 11:05:49
)


OnProlog triggered - registering handlers:
Array
(
    [time] => 2026-03-11 11:05:49
)


Lists handlers registered (3 variants):
Array
(
    [time] => 2026-03-11 11:05:49
)


OnProlog triggered - registering handlers:
Array
(
    [time] => 2026-03-11 11:06:05
)


Lists handlers registered (3 variants):
Array
(
    [time] => 2026-03-11 11:06:05
)


OnProlog triggered - registering handlers:
Array
(
    [time] => 2026-03-11 11:06:33
)


Lists handlers registered (3 variants):
Array
(
    [time] => 2026-03-11 11:06:33
)


OnProlog triggered - registering handlers:
Array
(
    [time] => 2026-03-11 11:07:45
)


Lists handlers registered (3 variants):
Array
(
    [time] => 2026-03-11 11:07:45
)


OnProlog triggered - registering handlers:
Array
(
    [time] => 2026-03-11 11:08:19
)


Lists handlers registered (3 variants):
Array
(
    [time] => 2026-03-11 11:08:19
)


OnProlog triggered - registering handlers:
Array
(
    [time] => 2026-03-11 11:08:24
)


Lists handlers registered (3 variants):
Array
(
    [time] => 2026-03-11 11:08:24
)


OnProlog triggered - registering handlers:
Array
(
    [time] => 2026-03-11 11:08:24
)


Lists handlers registered (3 variants):
Array
(
    [time] => 2026-03-11 11:08:24
)


OnProlog triggered - registering handlers:
Array
(
    [time] => 2026-03-11 11:08:46
)


Lists handlers registered (3 variants):
Array
(
    [time] => 2026-03-11 11:08:46
)


OnProlog triggered - registering handlers:
Array
(
    [time] => 2026-03-11 11:09:32
)


Lists handlers registered (3 variants):
Array
(
    [time] => 2026-03-11 11:09:32
)


OnProlog triggered - registering handlers:
Array
(
    [time] => 2026-03-11 11:09:45
)


Lists handlers registered (3 variants):
Array
(
    [time] => 2026-03-11 11:09:45
)


OnProlog triggered - registering handlers:
Array
(
    [time] => 2026-03-11 11:09:54
)


Lists handlers registered (3 variants):
Array
(
    [time] => 2026-03-11 11:09:54
)


OnProlog triggered - registering handlers:
Array
(
    [time] => 2026-03-11 11:09:57
)


Lists handlers registered (3 variants):
Array
(
    [time] => 2026-03-11 11:09:57
)


OnProlog triggered - registering handlers:
Array
(
    [time] => 2026-03-11 11:09:57
)


Lists handlers registered (3 variants):
Array
(
    [time] => 2026-03-11 11:09:57
)


OnProlog triggered - registering handlers:
Array
(
    [time] => 2026-03-11 11:09:58
)


Lists handlers registered (3 variants):
Array
(
    [time] => 2026-03-11 11:09:58
)


OnProlog triggered - registering handlers:
Array
(
    [time] => 2026-03-11 11:09:59
)


Lists handlers registered (3 variants):
Array
(
    [time] => 2026-03-11 11:09:59
)


OnProlog triggered - registering handlers:
Array
(
    [time] => 2026-03-11 11:10:06
)


Lists handlers registered (3 variants):
Array
(
    [time] => 2026-03-11 11:10:06
)


OnProlog triggered - registering handlers:
Array
(
    [time] => 2026-03-11 11:10:07
)


Lists handlers registered (3 variants):
Array
(
    [time] => 2026-03-11 11:10:07
)


OnProlog triggered - registering handlers:
Array
(
    [time] => 2026-03-11 11:10:41
)


Lists handlers registered (3 variants):
Array
(
    [time] => 2026-03-11 11:10:41
)


OnProlog triggered - registering handlers:
Array
(
    [time] => 2026-03-11 11:10:45
)


Lists handlers registered (3 variants):
Array
(
    [time] => 2026-03-11 11:10:45
)


OnProlog triggered - registering handlers:
Array
(
    [time] => 2026-03-11 11:10:58
)


Lists handlers registered (3 variants):
Array
(
    [time] => 2026-03-11 11:10:58
)


OnProlog triggered - registering handlers:
Array
(
    [time] => 2026-03-11 11:11:00
)


Lists handlers registered (3 variants):
Array
(
    [time] => 2026-03-11 11:11:00
)


OnProlog triggered - registering handlers:
Array
(
    [time] => 2026-03-11 11:11:02
)


Lists handlers registered (3 variants):
Array
(
    [time] => 2026-03-11 11:11:02
)


OnProlog triggered - registering handlers:
Array
(
    [time] => 2026-03-11 11:11:02
)


Lists handlers registered (3 variants):
Array
(
    [time] => 2026-03-11 11:11:02
)


OnProlog triggered - registering handlers:
Array
(
    [time] => 2026-03-11 11:11:03
)


Lists handlers registered (3 variants):
Array
(
    [time] => 2026-03-11 11:11:03
)


OnProlog triggered - registering handlers:
Array
(
    [time] => 2026-03-11 11:11:03
)


Lists handlers registered (3 variants):
Array
(
    [time] => 2026-03-11 11:11:03
)


OnProlog triggered - registering handlers:
Array
(
    [time] => 2026-03-11 11:11:04
)


Lists handlers registered (3 variants):
Array
(
    [time] => 2026-03-11 11:11:04
)


OnProlog triggered - registering handlers:
Array
(
    [time] => 2026-03-11 11:11:05
)


Lists handlers registered (3 variants):
Array
(
    [time] => 2026-03-11 11:11:05
)


OnProlog triggered - registering handlers:
Array
(
    [time] => 2026-03-11 11:11:06
)


Lists handlers registered (3 variants):
Array
(
    [time] => 2026-03-11 11:11:06
)


OnProlog triggered - registering handlers:
Array
(
    [time] => 2026-03-11 11:11:06
)


Lists handlers registered (3 variants):
Array
(
    [time] => 2026-03-11 11:11:06
)


OnProlog triggered - registering handlers:
Array
(
    [time] => 2026-03-11 11:11:08
)


Lists handlers registered (3 variants):
Array
(
    [time] => 2026-03-11 11:11:08
)


OnProlog triggered - registering handlers:
Array
(
    [time] => 2026-03-11 11:11:11
)


Lists handlers registered (3 variants):
Array
(
    [time] => 2026-03-11 11:11:11
)


OnProlog triggered - registering handlers:
Array
(
    [time] => 2026-03-11 11:11:15
)


Lists handlers registered (3 variants):
Array
(
    [time] => 2026-03-11 11:11:15
)


OnProlog triggered - registering handlers:
Array
(
    [time] => 2026-03-11 11:11:16
)


Lists handlers registered (3 variants):
Array
(
    [time] => 2026-03-11 11:11:16
)


OnProlog triggered - registering handlers:
Array
(
    [time] => 2026-03-11 11:11:16
)


Lists handlers registered (3 variants):
Array
(
    [time] => 2026-03-11 11:11:16
)


OnProlog triggered - registering handlers:
Array
(
    [time] => 2026-03-11 11:11:16
)


Lists handlers registered (3 variants):
Array
(
    [time] => 2026-03-11 11:11:16
)


OnProlog triggered - registering handlers:
Array
(
    [time] => 2026-03-11 11:11:17
)


Lists handlers registered (3 variants):
Array
(
    [time] => 2026-03-11 11:11:17
)


OnProlog triggered - registering handlers:
Array
(
    [time] => 2026-03-11 11:11:17
)


Lists handlers registered (3 variants):
Array
(
    [time] => 2026-03-11 11:11:17
)


OnProlog triggered - registering handlers:
Array
(
    [time] => 2026-03-11 11:11:17
)


Lists handlers registered (3 variants):
Array
(
    [time] => 2026-03-11 11:11:17
)


OnProlog triggered - registering handlers:
Array
(
    [time] => 2026-03-11 11:11:17
)


Lists handlers registered (3 variants):
Array
(
    [time] => 2026-03-11 11:11:17
)


OnProlog triggered - registering handlers:
Array
(
    [time] => 2026-03-11 11:11:18
)


Lists handlers registered (3 variants):
Array
(
    [time] => 2026-03-11 11:11:18
)


OnProlog triggered - registering handlers:
Array
(
    [time] => 2026-03-11 11:11:18
)


Lists handlers registered (3 variants):
Array
(
    [time] => 2026-03-11 11:11:18
)


OnProlog triggered - registering handlers:
Array
(
    [time] => 2026-03-11 11:11:18
)


Lists handlers registered (3 variants):
Array
(
    [time] => 2026-03-11 11:11:18
)


OnProlog triggered - registering handlers:
Array
(
    [time] => 2026-03-11 11:11:18
)


Lists handlers registered (3 variants):
Array
(
    [time] => 2026-03-11 11:11:18
)


OnProlog triggered - registering handlers:
Array
(
    [time] => 2026-03-11 11:11:19
)


Lists handlers registered (3 variants):
Array
(
    [time] => 2026-03-11 11:11:19
)


OnProlog triggered - registering handlers:
Array
(
    [time] => 2026-03-11 11:11:19
)


Lists handlers registered (3 variants):
Array
(
    [time] => 2026-03-11 11:11:19
)


OnProlog triggered - registering handlers:
Array
(
    [time] => 2026-03-11 11:11:19
)


Lists handlers registered (3 variants):
Array
(
    [time] => 2026-03-11 11:11:19
)


OnProlog triggered - registering handlers:
Array
(
    [time] => 2026-03-11 11:11:19
)


Lists handlers registered (3 variants):
Array
(
    [time] => 2026-03-11 11:11:19
)


OnProlog triggered - registering handlers:
Array
(
    [time] => 2026-03-11 11:11:20
)


Lists handlers registered (3 variants):
Array
(
    [time] => 2026-03-11 11:11:20
)


OnProlog triggered - registering handlers:
Array
(
    [time] => 2026-03-11 11:11:20
)


Lists handlers registered (3 variants):
Array
(
    [time] => 2026-03-11 11:11:20
)


OnProlog triggered - registering handlers:
Array
(
    [time] => 2026-03-11 11:11:20
)


Lists handlers registered (3 variants):
Array
(
    [time] => 2026-03-11 11:11:20
)


OnProlog triggered - registering handlers:
Array
(
    [time] => 2026-03-11 11:11:20
)


Lists handlers registered (3 variants):
Array
(
    [time] => 2026-03-11 11:11:20
)


OnProlog triggered - registering handlers:
Array
(
    [time] => 2026-03-11 11:11:21
)


Lists handlers registered (3 variants):
Array
(
    [time] => 2026-03-11 11:11:21
)


OnProlog triggered - registering handlers:
Array
(
    [time] => 2026-03-11 11:11:21
)


Lists handlers registered (3 variants):
Array
(
    [time] => 2026-03-11 11:11:21
)


OnProlog triggered - registering handlers:
Array
(
    [time] => 2026-03-11 11:11:21
)


Lists handlers registered (3 variants):
Array
(
    [time] => 2026-03-11 11:11:21
)


OnProlog triggered - registering handlers:
Array
(
    [time] => 2026-03-11 11:11:21
)


Lists handlers registered (3 variants):
Array
(
    [time] => 2026-03-11 11:11:21
)


OnProlog triggered - registering handlers:
Array
(
    [time] => 2026-03-11 11:11:22
)


Lists handlers registered (3 variants):
Array
(
    [time] => 2026-03-11 11:11:22
)


OnProlog triggered - registering handlers:
Array
(
    [time] => 2026-03-11 11:11:22
)


Lists handlers registered (3 variants):
Array
(
    [time] => 2026-03-11 11:11:22
)


OnProlog triggered - registering handlers:
Array
(
    [time] => 2026-03-11 11:11:22
)


Lists handlers registered (3 variants):
Array
(
    [time] => 2026-03-11 11:11:22
)


OnProlog triggered - registering handlers:
Array
(
    [time] => 2026-03-11 11:11:22
)


Lists handlers registered (3 variants):
Array
(
    [time] => 2026-03-11 11:11:22
)


OnProlog triggered - registering handlers:
Array
(
    [time] => 2026-03-11 11:11:23
)


Lists handlers registered (3 variants):
Array
(
    [time] => 2026-03-11 11:11:23
)


OnProlog triggered - registering handlers:
Array
(
    [time] => 2026-03-11 11:11:23
)


Lists handlers registered (3 variants):
Array
(
    [time] => 2026-03-11 11:11:23
)


OnProlog triggered - registering handlers:
Array
(
    [time] => 2026-03-11 11:11:31
)


Lists handlers registered (3 variants):
Array
(
    [time] => 2026-03-11 11:11:31
)


OnProlog triggered - registering handlers:
Array
(
    [time] => 2026-03-11 11:11:32
)


Lists handlers registered (3 variants):
Array
(
    [time] => 2026-03-11 11:11:32
)


OnProlog triggered - registering handlers:
Array
(
    [time] => 2026-03-11 11:11:33
)


Lists handlers registered (3 variants):
Array
(
    [time] => 2026-03-11 11:11:33
)


OnProlog triggered - registering handlers:
Array
(
    [time] => 2026-03-11 11:11:34
)


Lists handlers registered (3 variants):
Array
(
    [time] => 2026-03-11 11:11:34
)


OnProlog triggered - registering handlers:
Array
(
    [time] => 2026-03-11 11:11:35
)


Lists handlers registered (3 variants):
Array
(
    [time] => 2026-03-11 11:11:35
)


OnProlog triggered - registering handlers:
Array
(
    [time] => 2026-03-11 11:11:42
)


Lists handlers registered (3 variants):
Array
(
    [time] => 2026-03-11 11:11:42
)


OnProlog triggered - registering handlers:
Array
(
    [time] => 2026-03-11 11:11:53
)


Lists handlers registered (3 variants):
Array
(
    [time] => 2026-03-11 11:11:53
)


OnProlog triggered - registering handlers:
Array
(
    [time] => 2026-03-11 11:11:53
)


Lists handlers registered (3 variants):
Array
(
    [time] => 2026-03-11 11:11:53
)


OnProlog triggered - registering handlers:
Array
(
    [time] => 2026-03-11 11:12:03
)


Lists handlers registered (3 variants):
Array
(
    [time] => 2026-03-11 11:12:03
)


OnProlog triggered - registering handlers:
Array
(
    [time] => 2026-03-11 11:12:07
)


Lists handlers registered (3 variants):
Array
(
    [time] => 2026-03-11 11:12:07
)


OnProlog triggered - registering handlers:
Array
(
    [time] => 2026-03-11 11:12:07
)


Lists handlers registered (3 variants):
Array
(
    [time] => 2026-03-11 11:12:07
)


OnProlog triggered - registering handlers:
Array
(
    [time] => 2026-03-11 11:12:11
)


Lists handlers registered (3 variants):
Array
(
    [time] => 2026-03-11 11:12:11
)


OnProlog triggered - registering handlers:
Array
(
    [time] => 2026-03-11 11:12:16
)


Lists handlers registered (3 variants):
Array
(
    [time] => 2026-03-11 11:12:16
)


OnProlog triggered - registering handlers:
Array
(
    [time] => 2026-03-11 11:12:18
)


Lists handlers registered (3 variants):
Array
(
    [time] => 2026-03-11 11:12:18
)


OnProlog triggered - registering handlers:
Array
(
    [time] => 2026-03-11 11:12:28
)


Lists handlers registered (3 variants):
Array
(
    [time] => 2026-03-11 11:12:28
)


OnProlog triggered - registering handlers:
Array
(
    [time] => 2026-03-11 11:13:03
)


Lists handlers registered (3 variants):
Array
(
    [time] => 2026-03-11 11:13:03
)


OnProlog triggered - registering handlers:
Array
(
    [time] => 2026-03-11 11:14:37
)


Lists handlers registered (3 variants):
Array
(
    [time] => 2026-03-11 11:14:37
)


OnProlog triggered - registering handlers:
Array
(
    [time] => 2026-03-11 11:14:43
)


Lists handlers registered (3 variants):
Array
(
    [time] => 2026-03-11 11:14:43
)


OnProlog triggered - registering handlers:
Array
(
    [time] => 2026-03-11 11:14:45
)


Lists handlers registered (3 variants):
Array
(
    [time] => 2026-03-11 11:14:45
)


OnProlog triggered - registering handlers:
Array
(
    [time] => 2026-03-11 11:14:46
)


Lists handlers registered (3 variants):
Array
(
    [time] => 2026-03-11 11:14:46
)


OnProlog triggered - registering handlers:
Array
(
    [time] => 2026-03-11 11:14:47
)


Lists handlers registered (3 variants):
Array
(
    [time] => 2026-03-11 11:14:47
)


OnProlog triggered - registering handlers:
Array
(
    [time] => 2026-03-11 11:14:47
)


Lists handlers registered (3 variants):
Array
(
    [time] => 2026-03-11 11:14:47
)


OnProlog triggered - registering handlers:
Array
(
    [time] => 2026-03-11 11:14:54
)


Lists handlers registered (3 variants):
Array
(
    [time] => 2026-03-11 11:14:54
)


OnProlog triggered - registering handlers:
Array
(
    [time] => 2026-03-11 11:14:54
)


Lists handlers registered (3 variants):
Array
(
    [time] => 2026-03-11 11:14:54
)


OnProlog triggered - registering handlers:
Array
(
    [time] => 2026-03-11 11:14:56
)


Lists handlers registered (3 variants):
Array
(
    [time] => 2026-03-11 11:14:56
)


OnProlog triggered - registering handlers:
Array
(
    [time] => 2026-03-11 11:14:56
)


Lists handlers registered (3 variants):
Array
(
    [time] => 2026-03-11 11:14:56
)


OnProlog triggered - registering handlers:
Array
(
    [time] => 2026-03-11 11:14:58
)


Lists handlers registered (3 variants):
Array
(
    [time] => 2026-03-11 11:14:58
)


OnProlog triggered - registering handlers:
Array
(
    [time] => 2026-03-11 11:15:11
)


Lists handlers registered (3 variants):
Array
(
    [time] => 2026-03-11 11:15:11
)


OnProlog triggered - registering handlers:
Array
(
    [time] => 2026-03-11 11:15:31
)


Lists handlers registered (3 variants):
Array
(
    [time] => 2026-03-11 11:15:31
)


OnProlog triggered - registering handlers:
Array
(
    [time] => 2026-03-11 11:15:39
)


Lists handlers registered (3 variants):
Array
(
    [time] => 2026-03-11 11:15:39
)


OnProlog triggered - registering handlers:
Array
(
    [time] => 2026-03-11 11:15:47
)


Lists handlers registered (3 variants):
Array
(
    [time] => 2026-03-11 11:15:47
)


OnProlog triggered - registering handlers:
Array
(
    [time] => 2026-03-11 11:15:53
)


Lists handlers registered (3 variants):
Array
(
    [time] => 2026-03-11 11:15:53
)


OnProlog triggered - registering handlers:
Array
(
    [time] => 2026-03-11 11:16:20
)


Lists handlers registered (3 variants):
Array
(
    [time] => 2026-03-11 11:16:20
)


OnProlog triggered - registering handlers:
Array
(
    [time] => 2026-03-11 11:16:23
)


Lists handlers registered (3 variants):
Array
(
    [time] => 2026-03-11 11:16:23
)


OnProlog triggered - registering handlers:
Array
(
    [time] => 2026-03-11 11:16:33
)


Lists handlers registered (3 variants):
Array
(
    [time] => 2026-03-11 11:16:33
)


OnProlog triggered - registering handlers:
Array
(
    [time] => 2026-03-11 11:16:43
)


Lists handlers registered (3 variants):
Array
(
    [time] => 2026-03-11 11:16:43
)


OnProlog triggered - registering handlers:
Array
(
    [time] => 2026-03-11 11:16:47
)


Lists handlers registered (3 variants):
Array
(
    [time] => 2026-03-11 11:16:47
)


OnProlog triggered - registering handlers:
Array
(
    [time] => 2026-03-11 11:16:53
)


Lists handlers registered (3 variants):
Array
(
    [time] => 2026-03-11 11:16:53
)


OnProlog triggered - registering handlers:
Array
(
    [time] => 2026-03-11 11:16:59
)


Lists handlers registered (3 variants):
Array
(
    [time] => 2026-03-11 11:16:59
)


OnProlog triggered - registering handlers:
Array
(
    [time] => 2026-03-11 11:17:02
)


Lists handlers registered (3 variants):
Array
(
    [time] => 2026-03-11 11:17:02
)


OnProlog triggered - registering handlers:
Array
(
    [time] => 2026-03-11 11:17:02
)


Lists handlers registered (3 variants):
Array
(
    [time] => 2026-03-11 11:17:02
)


OnProlog triggered - registering handlers:
Array
(
    [time] => 2026-03-11 11:17:03
)


Lists handlers registered (3 variants):
Array
(
    [time] => 2026-03-11 11:17:03
)


OnProlog triggered - registering handlers:
Array
(
    [time] => 2026-03-11 11:17:04
)


Lists handlers registered (3 variants):
Array
(
    [time] => 2026-03-11 11:17:04
)


OnProlog triggered - registering handlers:
Array
(
    [time] => 2026-03-11 11:17:13
)


Lists handlers registered (3 variants):
Array
(
    [time] => 2026-03-11 11:17:13
)


OnProlog triggered - registering handlers:
Array
(
    [time] => 2026-03-11 11:17:16
)


Lists handlers registered (3 variants):
Array
(
    [time] => 2026-03-11 11:17:16
)


OnProlog triggered - registering handlers:
Array
(
    [time] => 2026-03-11 11:17:16
)


Lists handlers registered (3 variants):
Array
(
    [time] => 2026-03-11 11:17:16
)


OnProlog triggered - registering handlers:
Array
(
    [time] => 2026-03-11 11:17:17
)


Lists handlers registered (3 variants):
Array
(
    [time] => 2026-03-11 11:17:18
)


OnProlog triggered - registering handlers:
Array
(
    [time] => 2026-03-11 11:17:18
)


Lists handlers registered (3 variants):
Array
(
    [time] => 2026-03-11 11:17:18
)


OnProlog triggered - registering handlers:
Array
(
    [time] => 2026-03-11 11:17:20
)


Lists handlers registered (3 variants):
Array
(
    [time] => 2026-03-11 11:17:20
)


OnProlog triggered - registering handlers:
Array
(
    [time] => 2026-03-11 11:17:22
)


Lists handlers registered (3 variants):
Array
(
    [time] => 2026-03-11 11:17:22
)


OnProlog triggered - registering handlers:
Array
(
    [time] => 2026-03-11 11:17:23
)


Lists handlers registered (3 variants):
Array
(
    [time] => 2026-03-11 11:17:23
)


OnProlog triggered - registering handlers:
Array
(
    [time] => 2026-03-11 11:17:24
)


Lists handlers registered (3 variants):
Array
(
    [time] => 2026-03-11 11:17:24
)


OnProlog triggered - registering handlers:
Array
(
    [time] => 2026-03-11 11:17:34
)


Lists handlers registered (3 variants):
Array
(
    [time] => 2026-03-11 11:17:34
)


OnProlog triggered - registering handlers:
Array
(
    [time] => 2026-03-11 11:17:37
)


Lists handlers registered (3 variants):
Array
(
    [time] => 2026-03-11 11:17:37
)


OnProlog triggered - registering handlers:
Array
(
    [time] => 2026-03-11 11:17:38
)


Lists handlers registered (3 variants):
Array
(
    [time] => 2026-03-11 11:17:38
)


OnProlog triggered - registering handlers:
Array
(
    [time] => 2026-03-11 11:17:48
)


Lists handlers registered (3 variants):
Array
(
    [time] => 2026-03-11 11:17:48
)


OnProlog triggered - registering handlers:
Array
(
    [time] => 2026-03-11 11:17:48
)


Lists handlers registered (3 variants):
Array
(
    [time] => 2026-03-11 11:17:48
)


OnProlog triggered - registering handlers:
Array
(
    [time] => 2026-03-11 11:17:55
)


Lists handlers registered (3 variants):
Array
(
    [time] => 2026-03-11 11:17:55
)


OnProlog triggered - registering handlers:
Array
(
    [time] => 2026-03-11 11:17:57
)


Lists handlers registered (3 variants):
Array
(
    [time] => 2026-03-11 11:17:57
)


OnProlog triggered - registering handlers:
Array
(
    [time] => 2026-03-11 11:18:01
)


Lists handlers registered (3 variants):
Array
(
    [time] => 2026-03-11 11:18:01
)


OnProlog triggered - registering handlers:
Array
(
    [time] => 2026-03-11 11:18:04
)


Lists handlers registered (3 variants):
Array
(
    [time] => 2026-03-11 11:18:04
)


OnProlog triggered - registering handlers:
Array
(
    [time] => 2026-03-11 11:18:12
)


Lists handlers registered (3 variants):
Array
(
    [time] => 2026-03-11 11:18:12
)


OnProlog triggered - registering handlers:
Array
(
    [time] => 2026-03-11 11:19:04
)


Lists handlers registered (3 variants):
Array
(
    [time] => 2026-03-11 11:19:04
)


OnProlog triggered - registering handlers:
Array
(
    [time] => 2026-03-11 11:19:52
)


Lists handlers registered (3 variants):
Array
(
    [time] => 2026-03-11 11:19:52
)


OnProlog triggered - registering handlers:
Array
(
    [time] => 2026-03-11 11:20:04
)


Lists handlers registered (3 variants):
Array
(
    [time] => 2026-03-11 11:20:04
)


OnProlog triggered - registering handlers:
Array
(
    [time] => 2026-03-11 11:21:03
)


Lists handlers registered (3 variants):
Array
(
    [time] => 2026-03-11 11:21:03
)


OnProlog triggered - registering handlers:
Array
(
    [time] => 2026-03-11 11:22:04
)


Lists handlers registered (3 variants):
Array
(
    [time] => 2026-03-11 11:22:04
)


OnProlog triggered - registering handlers:
Array
(
    [time] => 2026-03-11 11:23:03
)


Lists handlers registered (3 variants):
Array
(
    [time] => 2026-03-11 11:23:03
)


OnProlog triggered - registering handlers:
Array
(
    [time] => 2026-03-11 11:24:01
)


Lists handlers registered (3 variants):
Array
(
    [time] => 2026-03-11 11:24:01
)


OnProlog triggered - registering handlers:
Array
(
    [time] => 2026-03-11 11:24:03
)


Lists handlers registered (3 variants):
Array
(
    [time] => 2026-03-11 11:24:03
)


OnProlog triggered - registering handlers:
Array
(
    [time] => 2026-03-11 11:24:04
)


Lists handlers registered (3 variants):
Array
(
    [time] => 2026-03-11 11:24:04
)


OnProlog triggered - registering handlers:
Array
(
    [time] => 2026-03-11 11:24:04
)


Lists handlers registered (3 variants):
Array
(
    [time] => 2026-03-11 11:24:04
)


OnProlog triggered - registering handlers:
Array
(
    [time] => 2026-03-11 11:24:06
)


Lists handlers registered (3 variants):
Array
(
    [time] => 2026-03-11 11:24:06
)


OnProlog triggered - registering handlers:
Array
(
    [time] => 2026-03-11 11:24:07
)


Lists handlers registered (3 variants):
Array
(
    [time] => 2026-03-11 11:24:07
)


OnProlog triggered - registering handlers:
Array
(
    [time] => 2026-03-11 11:24:07
)


Lists handlers registered (3 variants):
Array
(
    [time] => 2026-03-11 11:24:07
)


OnProlog triggered - registering handlers:
Array
(
    [time] => 2026-03-11 11:24:07
)


Lists handlers registered (3 variants):
Array
(
    [time] => 2026-03-11 11:24:07
)


OnProlog triggered - registering handlers:
Array
(
    [time] => 2026-03-11 11:24:08
)


Lists handlers registered (3 variants):
Array
(
    [time] => 2026-03-11 11:24:08
)


OnProlog triggered - registering handlers:
Array
(
    [time] => 2026-03-11 11:24:09
)


Lists handlers registered (3 variants):
Array
(
    [time] => 2026-03-11 11:24:09
)


OnProlog triggered - registering handlers:
Array
(
    [time] => 2026-03-11 11:24:10
)


Lists handlers registered (3 variants):
Array
(
    [time] => 2026-03-11 11:24:10
)


OnProlog triggered - registering handlers:
Array
(
    [time] => 2026-03-11 11:24:11
)


Lists handlers registered (3 variants):
Array
(
    [time] => 2026-03-11 11:24:11
)


OnProlog triggered - registering handlers:
Array
(
    [time] => 2026-03-11 11:24:13
)


Lists handlers registered (3 variants):
Array
(
    [time] => 2026-03-11 11:24:13
)


OnProlog triggered - registering handlers:
Array
(
    [time] => 2026-03-11 11:24:16
)


Lists handlers registered (3 variants):
Array
(
    [time] => 2026-03-11 11:24:16
)


OnProlog triggered - registering handlers:
Array
(
    [time] => 2026-03-11 11:24:17
)


Lists handlers registered (3 variants):
Array
(
    [time] => 2026-03-11 11:24:17
)


OnProlog triggered - registering handlers:
Array
(
    [time] => 2026-03-11 11:24:33
)


Lists handlers registered (3 variants):
Array
(
    [time] => 2026-03-11 11:24:33
)


OnProlog triggered - registering handlers:
Array
(
    [time] => 2026-03-11 11:24:35
)


Lists handlers registered (3 variants):
Array
(
    [time] => 2026-03-11 11:24:35
)


OnProlog triggered - registering handlers:
Array
(
    [time] => 2026-03-11 11:24:35
)


Lists handlers registered (3 variants):
Array
(
    [time] => 2026-03-11 11:24:35
)


OnProlog triggered - registering handlers:
Array
(
    [time] => 2026-03-11 11:24:38
)


Lists handlers registered (3 variants):
Array
(
    [time] => 2026-03-11 11:24:38
)


OnProlog triggered - registering handlers:
Array
(
    [time] => 2026-03-11 11:24:40
)


Lists handlers registered (3 variants):
Array
(
    [time] => 2026-03-11 11:24:40
)


OnProlog triggered - registering handlers:
Array
(
    [time] => 2026-03-11 11:24:44
)


Lists handlers registered (3 variants):
Array
(
    [time] => 2026-03-11 11:24:44
)


OnProlog triggered - registering handlers:
Array
(
    [time] => 2026-03-11 11:24:45
)


Lists handlers registered (3 variants):
Array
(
    [time] => 2026-03-11 11:24:45
)


OnProlog triggered - registering handlers:
Array
(
    [time] => 2026-03-11 11:24:46
)


Lists handlers registered (3 variants):
Array
(
    [time] => 2026-03-11 11:24:46
)


OnProlog triggered - registering handlers:
Array
(
    [time] => 2026-03-11 11:24:47
)


Lists handlers registered (3 variants):
Array
(
    [time] => 2026-03-11 11:24:47
)


OnProlog triggered - registering handlers:
Array
(
    [time] => 2026-03-11 11:24:47
)


Lists handlers registered (3 variants):
Array
(
    [time] => 2026-03-11 11:24:47
)


OnProlog triggered - registering handlers:
Array
(
    [time] => 2026-03-11 11:24:51
)


Lists handlers registered (3 variants):
Array
(
    [time] => 2026-03-11 11:24:51
)


OnProlog triggered - registering handlers:
Array
(
    [time] => 2026-03-11 11:24:51
)


Lists handlers registered (3 variants):
Array
(
    [time] => 2026-03-11 11:24:51
)


OnProlog triggered - registering handlers:
Array
(
    [time] => 2026-03-11 11:24:52
)


Lists handlers registered (3 variants):
Array
(
    [time] => 2026-03-11 11:24:52
)


OnProlog triggered - registering handlers:
Array
(
    [time] => 2026-03-11 11:24:53
)


Lists handlers registered (3 variants):
Array
(
    [time] => 2026-03-11 11:24:53
)


OnProlog triggered - registering handlers:
Array
(
    [time] => 2026-03-11 11:24:53
)


Lists handlers registered (3 variants):
Array
(
    [time] => 2026-03-11 11:24:53
)


OnProlog triggered - registering handlers:
Array
(
    [time] => 2026-03-11 11:24:55
)


Lists handlers registered (3 variants):
Array
(
    [time] => 2026-03-11 11:24:55
)


OnProlog triggered - registering handlers:
Array
(
    [time] => 2026-03-11 11:24:56
)


Lists handlers registered (3 variants):
Array
(
    [time] => 2026-03-11 11:24:56
)


OnProlog triggered - registering handlers:
Array
(
    [time] => 2026-03-11 11:24:56
)


Lists handlers registered (3 variants):
Array
(
    [time] => 2026-03-11 11:24:56
)


OnProlog triggered - registering handlers:
Array
(
    [time] => 2026-03-11 11:24:57
)


Lists handlers registered (3 variants):
Array
(
    [time] => 2026-03-11 11:24:57
)


OnProlog triggered - registering handlers:
Array
(
    [time] => 2026-03-11 11:24:58
)


Lists handlers registered (3 variants):
Array
(
    [time] => 2026-03-11 11:24:58
)


OnProlog triggered - registering handlers:
Array
(
    [time] => 2026-03-11 11:24:59
)


Lists handlers registered (3 variants):
Array
(
    [time] => 2026-03-11 11:24:59
)


OnProlog triggered - registering handlers:
Array
(
    [time] => 2026-03-11 11:25:47
)


Lists handlers registered (3 variants):
Array
(
    [time] => 2026-03-11 11:25:47
)


OnProlog triggered - registering handlers:
Array
(
    [time] => 2026-03-11 11:26:46
)


Lists handlers registered (3 variants):
Array
(
    [time] => 2026-03-11 11:26:46
)


OnProlog triggered - registering handlers:
Array
(
    [time] => 2026-03-11 11:26:53
)


Lists handlers registered (3 variants):
Array
(
    [time] => 2026-03-11 11:26:53
)


OnProlog triggered - registering handlers:
Array
(
    [time] => 2026-03-11 11:27:33
)


Lists handlers registered (3 variants):
Array
(
    [time] => 2026-03-11 11:27:33
)


OnProlog triggered - registering handlers:
Array
(
    [time] => 2026-03-11 11:27:47
)


Lists handlers registered (3 variants):
Array
(
    [time] => 2026-03-11 11:27:47
)


OnProlog triggered - registering handlers:
Array
(
    [time] => 2026-03-11 11:27:52
)


Lists handlers registered (3 variants):
Array
(
    [time] => 2026-03-11 11:27:52
)


OnProlog triggered - registering handlers:
Array
(
    [time] => 2026-03-11 11:27:57
)


Lists handlers registered (3 variants):
Array
(
    [time] => 2026-03-11 11:27:57
)


OnProlog triggered - registering handlers:
Array
(
    [time] => 2026-03-11 11:27:57
)


Lists handlers registered (3 variants):
Array
(
    [time] => 2026-03-11 11:27:57
)


OnProlog triggered - registering handlers:
Array
(
    [time] => 2026-03-11 11:27:58
)


Lists handlers registered (3 variants):
Array
(
    [time] => 2026-03-11 11:27:58
)


OnProlog triggered - registering handlers:
Array
(
    [time] => 2026-03-11 11:27:59
)


Lists handlers registered (3 variants):
Array
(
    [time] => 2026-03-11 11:27:59
)


OnProlog triggered - registering handlers:
Array
(
    [time] => 2026-03-11 11:27:59
)


Lists handlers registered (3 variants):
Array
(
    [time] => 2026-03-11 11:27:59
)


OnProlog triggered - registering handlers:
Array
(
    [time] => 2026-03-11 11:28:01
)


Lists handlers registered (3 variants):
Array
(
    [time] => 2026-03-11 11:28:01
)


OnProlog triggered - registering handlers:
Array
(
    [time] => 2026-03-11 11:28:01
)


Lists handlers registered (3 variants):
Array
(
    [time] => 2026-03-11 11:28:01
)


OnProlog triggered - registering handlers:
Array
(
    [time] => 2026-03-11 11:28:12
)


Lists handlers registered (3 variants):
Array
(
    [time] => 2026-03-11 11:28:12
)


OnProlog triggered - registering handlers:
Array
(
    [time] => 2026-03-11 11:28:13
)


Lists handlers registered (3 variants):
Array
(
    [time] => 2026-03-11 11:28:13
)


OnProlog triggered - registering handlers:
Array
(
    [time] => 2026-03-11 11:28:14
)


Lists handlers registered (3 variants):
Array
(
    [time] => 2026-03-11 11:28:14
)


OnProlog triggered - registering handlers:
Array
(
    [time] => 2026-03-11 11:28:15
)


Lists handlers registered (3 variants):
Array
(
    [time] => 2026-03-11 11:28:15
)


OnProlog triggered - registering handlers:
Array
(
    [time] => 2026-03-11 11:28:16
)


Lists handlers registered (3 variants):
Array
(
    [time] => 2026-03-11 11:28:16
)


OnProlog triggered - registering handlers:
Array
(
    [time] => 2026-03-11 11:28:17
)


Lists handlers registered (3 variants):
Array
(
    [time] => 2026-03-11 11:28:17
)


OnProlog triggered - registering handlers:
Array
(
    [time] => 2026-03-11 11:28:18
)


Lists handlers registered (3 variants):
Array
(
    [time] => 2026-03-11 11:28:18
)


OnProlog triggered - registering handlers:
Array
(
    [time] => 2026-03-11 11:28:19
)


Lists handlers registered (3 variants):
Array
(
    [time] => 2026-03-11 11:28:19
)


OnProlog triggered - registering handlers:
Array
(
    [time] => 2026-03-11 11:28:22
)


Lists handlers registered (3 variants):
Array
(
    [time] => 2026-03-11 11:28:22
)


OnProlog triggered - registering handlers:
Array
(
    [time] => 2026-03-11 11:28:25
)


Lists handlers registered (3 variants):
Array
(
    [time] => 2026-03-11 11:28:25
)


OnProlog triggered - registering handlers:
Array
(
    [time] => 2026-03-11 11:28:25
)


Lists handlers registered (3 variants):
Array
(
    [time] => 2026-03-11 11:28:25
)


OnProlog triggered - registering handlers:
Array
(
    [time] => 2026-03-11 11:28:27
)


Lists handlers registered (3 variants):
Array
(
    [time] => 2026-03-11 11:28:27
)


OnProlog triggered - registering handlers:
Array
(
    [time] => 2026-03-11 11:28:29
)


Lists handlers registered (3 variants):
Array
(
    [time] => 2026-03-11 11:28:29
)


OnProlog triggered - registering handlers:
Array
(
    [time] => 2026-03-11 11:28:29
)


Lists handlers registered (3 variants):
Array
(
    [time] => 2026-03-11 11:28:29
)


OnProlog triggered - registering handlers:
Array
(
    [time] => 2026-03-11 11:29:01
)


Lists handlers registered (3 variants):
Array
(
    [time] => 2026-03-11 11:29:01
)


OnProlog triggered - registering handlers:
Array
(
    [time] => 2026-03-11 11:29:12
)


Lists handlers registered (3 variants):
Array
(
    [time] => 2026-03-11 11:29:12
)


OnProlog triggered - registering handlers:
Array
(
    [time] => 2026-03-11 11:29:13
)


Lists handlers registered (3 variants):
Array
(
    [time] => 2026-03-11 11:29:13
)


OnProlog triggered - registering handlers:
Array
(
    [time] => 2026-03-11 11:29:14
)


Lists handlers registered (3 variants):
Array
(
    [time] => 2026-03-11 11:29:14
)


OnProlog triggered - registering handlers:
Array
(
    [time] => 2026-03-11 11:29:18
)


Lists handlers registered (3 variants):
Array
(
    [time] => 2026-03-11 11:29:18
)


OnProlog triggered - registering handlers:
Array
(
    [time] => 2026-03-11 11:29:19
)


Lists handlers registered (3 variants):
Array
(
    [time] => 2026-03-11 11:29:19
)


OnProlog triggered - registering handlers:
Array
(
    [time] => 2026-03-11 11:29:19
)


Lists handlers registered (3 variants):
Array
(
    [time] => 2026-03-11 11:29:19
)


OnProlog triggered - registering handlers:
Array
(
    [time] => 2026-03-11 11:29:21
)


Lists handlers registered (3 variants):
Array
(
    [time] => 2026-03-11 11:29:21
)


OnProlog triggered - registering handlers:
Array
(
    [time] => 2026-03-11 11:29:22
)


Lists handlers registered (3 variants):
Array
(
    [time] => 2026-03-11 11:29:22
)


OnProlog triggered - registering handlers:
Array
(
    [time] => 2026-03-11 11:29:22
)


Lists handlers registered (3 variants):
Array
(
    [time] => 2026-03-11 11:29:22
)


OnProlog triggered - registering handlers:
Array
(
    [time] => 2026-03-11 11:29:22
)


Lists handlers registered (3 variants):
Array
(
    [time] => 2026-03-11 11:29:22
)


OnProlog triggered - registering handlers:
Array
(
    [time] => 2026-03-11 11:29:37
)


Lists handlers registered (3 variants):
Array
(
    [time] => 2026-03-11 11:29:37
)


OnProlog triggered - registering handlers:
Array
(
    [time] => 2026-03-11 11:29:40
)


Lists handlers registered (3 variants):
Array
(
    [time] => 2026-03-11 11:29:40
)


OnProlog triggered - registering handlers:
Array
(
    [time] => 2026-03-11 11:29:40
)


Lists handlers registered (3 variants):
Array
(
    [time] => 2026-03-11 11:29:40
)


OnProlog triggered - registering handlers:
Array
(
    [time] => 2026-03-11 11:30:09
)


Lists handlers registered (3 variants):
Array
(
    [time] => 2026-03-11 11:30:09
)


OnProlog triggered - registering handlers:
Array
(
    [time] => 2026-03-11 11:30:10
)


Lists handlers registered (3 variants):
Array
(
    [time] => 2026-03-11 11:30:10
)


OnProlog triggered - registering handlers:
Array
(
    [time] => 2026-03-11 11:30:11
)


Lists handlers registered (3 variants):
Array
(
    [time] => 2026-03-11 11:30:11
)


OnProlog triggered - registering handlers:
Array
(
    [time] => 2026-03-11 11:30:12
)


Lists handlers registered (3 variants):
Array
(
    [time] => 2026-03-11 11:30:12
)


OnProlog triggered - registering handlers:
Array
(
    [time] => 2026-03-11 11:30:14
)


Lists handlers registered (3 variants):
Array
(
    [time] => 2026-03-11 11:30:14
)


OnProlog triggered - registering handlers:
Array
(
    [time] => 2026-03-11 11:30:16
)


Lists handlers registered (3 variants):
Array
(
    [time] => 2026-03-11 11:30:16
)


OnProlog triggered - registering handlers:
Array
(
    [time] => 2026-03-11 11:30:53
)


Lists handlers registered (3 variants):
Array
(
    [time] => 2026-03-11 11:30:53
)


OnProlog triggered - registering handlers:
Array
(
    [time] => 2026-03-11 11:30:56
)


Lists handlers registered (3 variants):
Array
(
    [time] => 2026-03-11 11:30:56
)


OnProlog triggered - registering handlers:
Array
(
    [time] => 2026-03-11 11:30:56
)


Lists handlers registered (3 variants):
Array
(
    [time] => 2026-03-11 11:30:56
)


OnProlog triggered - registering handlers:
Array
(
    [time] => 2026-03-11 11:30:57
)


Lists handlers registered (3 variants):
Array
(
    [time] => 2026-03-11 11:30:57
)


OnProlog triggered - registering handlers:
Array
(
    [time] => 2026-03-11 11:30:57
)


Lists handlers registered (3 variants):
Array
(
    [time] => 2026-03-11 11:30:57
)


OnProlog triggered - registering handlers:
Array
(
    [time] => 2026-03-11 11:31:01
)


Lists handlers registered (3 variants):
Array
(
    [time] => 2026-03-11 11:31:01
)


OnProlog triggered - registering handlers:
Array
(
    [time] => 2026-03-11 11:31:03
)


Lists handlers registered (3 variants):
Array
(
    [time] => 2026-03-11 11:31:03
)


OnProlog triggered - registering handlers:
Array
(
    [time] => 2026-03-11 11:31:03
)


Lists handlers registered (3 variants):
Array
(
    [time] => 2026-03-11 11:31:03
)


OnProlog triggered - registering handlers:
Array
(
    [time] => 2026-03-11 11:31:04
)


Lists handlers registered (3 variants):
Array
(
    [time] => 2026-03-11 11:31:04
)


OnProlog triggered - registering handlers:
Array
(
    [time] => 2026-03-11 11:31:05
)


Lists handlers registered (3 variants):
Array
(
    [time] => 2026-03-11 11:31:05
)


OnProlog triggered - registering handlers:
Array
(
    [time] => 2026-03-11 11:31:06
)


Lists handlers registered (3 variants):
Array
(
    [time] => 2026-03-11 11:31:06
)


OnProlog triggered - registering handlers:
Array
(
    [time] => 2026-03-11 11:31:07
)


Lists handlers registered (3 variants):
Array
(
    [time] => 2026-03-11 11:31:07
)


OnProlog triggered - registering handlers:
Array
(
    [time] => 2026-03-11 11:31:08
)


Lists handlers registered (3 variants):
Array
(
    [time] => 2026-03-11 11:31:08
)


OnProlog triggered - registering handlers:
Array
(
    [time] => 2026-03-11 11:31:10
)


Lists handlers registered (3 variants):
Array
(
    [time] => 2026-03-11 11:31:10
)


OnProlog triggered - registering handlers:
Array
(
    [time] => 2026-03-11 11:31:11
)


Lists handlers registered (3 variants):
Array
(
    [time] => 2026-03-11 11:31:11
)


OnProlog triggered - registering handlers:
Array
(
    [time] => 2026-03-11 11:31:22
)


Lists handlers registered (3 variants):
Array
(
    [time] => 2026-03-11 11:31:22
)


OnProlog triggered - registering handlers:
Array
(
    [time] => 2026-03-11 11:31:31
)


Lists handlers registered (3 variants):
Array
(
    [time] => 2026-03-11 11:31:31
)


OnProlog triggered - registering handlers:
Array
(
    [time] => 2026-03-11 11:32:06
)


Lists handlers registered (3 variants):
Array
(
    [time] => 2026-03-11 11:32:06
)


OnProlog triggered - registering handlers:
Array
(
    [time] => 2026-03-11 11:32:06
)


Lists handlers registered (3 variants):
Array
(
    [time] => 2026-03-11 11:32:06
)


OnProlog triggered - registering handlers:
Array
(
    [time] => 2026-03-11 11:32:09
)


Lists handlers registered (3 variants):
Array
(
    [time] => 2026-03-11 11:32:09
)


OnProlog triggered - registering handlers:
Array
(
    [time] => 2026-03-11 11:32:11
)


Lists handlers registered (3 variants):
Array
(
    [time] => 2026-03-11 11:32:11
)


OnProlog triggered - registering handlers:
Array
(
    [time] => 2026-03-11 11:32:18
)


Lists handlers registered (3 variants):
Array
(
    [time] => 2026-03-11 11:32:18
)


OnProlog triggered - registering handlers:
Array
(
    [time] => 2026-03-11 11:32:20
)


Lists handlers registered (3 variants):
Array
(
    [time] => 2026-03-11 11:32:20
)


OnProlog triggered - registering handlers:
Array
(
    [time] => 2026-03-11 11:32:21
)


Lists handlers registered (3 variants):
Array
(
    [time] => 2026-03-11 11:32:21
)


OnProlog triggered - registering handlers:
Array
(
    [time] => 2026-03-11 11:32:22
)


Lists handlers registered (3 variants):
Array
(
    [time] => 2026-03-11 11:32:22
)


OnProlog triggered - registering handlers:
Array
(
    [time] => 2026-03-11 11:32:22
)


Lists handlers registered (3 variants):
Array
(
    [time] => 2026-03-11 11:32:22
)


OnProlog triggered - registering handlers:
Array
(
    [time] => 2026-03-11 11:32:22
)


Lists handlers registered (3 variants):
Array
(
    [time] => 2026-03-11 11:32:22
)


OnProlog triggered - registering handlers:
Array
(
    [time] => 2026-03-11 11:32:24
)


Lists handlers registered (3 variants):
Array
(
    [time] => 2026-03-11 11:32:24
)


OnProlog triggered - registering handlers:
Array
(
    [time] => 2026-03-11 11:32:25
)


Lists handlers registered (3 variants):
Array
(
    [time] => 2026-03-11 11:32:25
)


OnProlog triggered - registering handlers:
Array
(
    [time] => 2026-03-11 11:32:26
)


Lists handlers registered (3 variants):
Array
(
    [time] => 2026-03-11 11:32:26
)


OnProlog triggered - registering handlers:
Array
(
    [time] => 2026-03-11 11:32:26
)


Lists handlers registered (3 variants):
Array
(
    [time] => 2026-03-11 11:32:26
)


OnProlog triggered - registering handlers:
Array
(
    [time] => 2026-03-11 11:32:28
)


Lists handlers registered (3 variants):
Array
(
    [time] => 2026-03-11 11:32:28
)


OnProlog triggered - registering handlers:
Array
(
    [time] => 2026-03-11 11:32:31
)


Lists handlers registered (3 variants):
Array
(
    [time] => 2026-03-11 11:32:31
)


OnProlog triggered - registering handlers:
Array
(
    [time] => 2026-03-11 11:32:32
)


Lists handlers registered (3 variants):
Array
(
    [time] => 2026-03-11 11:32:32
)


OnProlog triggered - registering handlers:
Array
(
    [time] => 2026-03-11 11:32:33
)


Lists handlers registered (3 variants):
Array
(
    [time] => 2026-03-11 11:32:33
)


OnProlog triggered - registering handlers:
Array
(
    [time] => 2026-03-11 11:32:34
)


Lists handlers registered (3 variants):
Array
(
    [time] => 2026-03-11 11:32:34
)


OnProlog triggered - registering handlers:
Array
(
    [time] => 2026-03-11 11:32:35
)


Lists handlers registered (3 variants):
Array
(
    [time] => 2026-03-11 11:32:35
)


OnProlog triggered - registering handlers:
Array
(
    [time] => 2026-03-11 11:32:37
)


Lists handlers registered (3 variants):
Array
(
    [time] => 2026-03-11 11:32:37
)


OnProlog triggered - registering handlers:
Array
(
    [time] => 2026-03-11 11:32:38
)


Lists handlers registered (3 variants):
Array
(
    [time] => 2026-03-11 11:32:38
)


OnProlog triggered - registering handlers:
Array
(
    [time] => 2026-03-11 11:32:39
)


Lists handlers registered (3 variants):
Array
(
    [time] => 2026-03-11 11:32:39
)


OnProlog triggered - registering handlers:
Array
(
    [time] => 2026-03-11 11:32:51
)


Lists handlers registered (3 variants):
Array
(
    [time] => 2026-03-11 11:32:51
)


OnProlog triggered - registering handlers:
Array
(
    [time] => 2026-03-11 11:33:15
)


Lists handlers registered (3 variants):
Array
(
    [time] => 2026-03-11 11:33:15
)


OnProlog triggered - registering handlers:
Array
(
    [time] => 2026-03-11 11:33:22
)


Lists handlers registered (3 variants):
Array
(
    [time] => 2026-03-11 11:33:22
)


OnProlog triggered - registering handlers:
Array
(
    [time] => 2026-03-11 11:34:04
)


Lists handlers registered (3 variants):
Array
(
    [time] => 2026-03-11 11:34:04
)


OnProlog triggered - registering handlers:
Array
(
    [time] => 2026-03-11 11:34:08
)


Lists handlers registered (3 variants):
Array
(
    [time] => 2026-03-11 11:34:08
)


OnProlog triggered - registering handlers:
Array
(
    [time] => 2026-03-11 11:34:12
)


Lists handlers registered (3 variants):
Array
(
    [time] => 2026-03-11 11:34:12
)


OnProlog triggered - registering handlers:
Array
(
    [time] => 2026-03-11 11:34:26
)


Lists handlers registered (3 variants):
Array
(
    [time] => 2026-03-11 11:34:26
)


OnProlog triggered - registering handlers:
Array
(
    [time] => 2026-03-11 11:35:26
)


Lists handlers registered (3 variants):
Array
(
    [time] => 2026-03-11 11:35:26
)


OnProlog triggered - registering handlers:
Array
(
    [time] => 2026-03-11 11:36:47
)


Lists handlers registered (3 variants):
Array
(
    [time] => 2026-03-11 11:36:47
)


OnProlog triggered - registering handlers:
Array
(
    [time] => 2026-03-11 11:36:55
)


Lists handlers registered (3 variants):
Array
(
    [time] => 2026-03-11 11:36:55
)


OnProlog triggered - registering handlers:
Array
(
    [time] => 2026-03-11 11:36:57
)


Lists handlers registered (3 variants):
Array
(
    [time] => 2026-03-11 11:36:57
)


OnProlog triggered - registering handlers:
Array
(
    [time] => 2026-03-11 11:36:58
)


Lists handlers registered (3 variants):
Array
(
    [time] => 2026-03-11 11:36:58
)


OnProlog triggered - registering handlers:
Array
(
    [time] => 2026-03-11 11:36:59
)


Lists handlers registered (3 variants):
Array
(
    [time] => 2026-03-11 11:36:59
)


OnProlog triggered - registering handlers:
Array
(
    [time] => 2026-03-11 11:37:00
)


Lists handlers registered (3 variants):
Array
(
    [time] => 2026-03-11 11:37:00
)


OnProlog triggered - registering handlers:
Array
(
    [time] => 2026-03-11 11:37:03
)


Lists handlers registered (3 variants):
Array
(
    [time] => 2026-03-11 11:37:03
)


OnProlog triggered - registering handlers:
Array
(
    [time] => 2026-03-11 11:37:05
)


Lists handlers registered (3 variants):
Array
(
    [time] => 2026-03-11 11:37:05
)


OnProlog triggered - registering handlers:
Array
(
    [time] => 2026-03-11 11:37:05
)


Lists handlers registered (3 variants):
Array
(
    [time] => 2026-03-11 11:37:05
)


OnProlog triggered - registering handlers:
Array
(
    [time] => 2026-03-11 11:37:07
)


Lists handlers registered (3 variants):
Array
(
    [time] => 2026-03-11 11:37:07
)


OnProlog triggered - registering handlers:
Array
(
    [time] => 2026-03-11 11:37:07
)


Lists handlers registered (3 variants):
Array
(
    [time] => 2026-03-11 11:37:07
)


OnProlog triggered - registering handlers:
Array
(
    [time] => 2026-03-11 11:37:09
)


Lists handlers registered (3 variants):
Array
(
    [time] => 2026-03-11 11:37:09
)


OnProlog triggered - registering handlers:
Array
(
    [time] => 2026-03-11 11:37:10
)


Lists handlers registered (3 variants):
Array
(
    [time] => 2026-03-11 11:37:10
)


OnProlog triggered - registering handlers:
Array
(
    [time] => 2026-03-11 11:37:12
)


Lists handlers registered (3 variants):
Array
(
    [time] => 2026-03-11 11:37:12
)


OnProlog triggered - registering handlers:
Array
(
    [time] => 2026-03-11 11:37:14
)


Lists handlers registered (3 variants):
Array
(
    [time] => 2026-03-11 11:37:14
)


OnProlog triggered - registering handlers:
Array
(
    [time] => 2026-03-11 11:37:35
)


Lists handlers registered (3 variants):
Array
(
    [time] => 2026-03-11 11:37:35
)


OnProlog triggered - registering handlers:
Array
(
    [time] => 2026-03-11 11:37:38
)


Lists handlers registered (3 variants):
Array
(
    [time] => 2026-03-11 11:37:38
)


OnProlog triggered - registering handlers:
Array
(
    [time] => 2026-03-11 11:37:39
)


Lists handlers registered (3 variants):
Array
(
    [time] => 2026-03-11 11:37:39
)


OnProlog triggered - registering handlers:
Array
(
    [time] => 2026-03-11 11:37:59
)


Lists handlers registered (3 variants):
Array
(
    [time] => 2026-03-11 11:37:59
)


OnProlog triggered - registering handlers:
Array
(
    [time] => 2026-03-11 11:38:08
)


Lists handlers registered (3 variants):
Array
(
    [time] => 2026-03-11 11:38:08
)


OnProlog triggered - registering handlers:
Array
(
    [time] => 2026-03-11 11:38:10
)


Lists handlers registered (3 variants):
Array
(
    [time] => 2026-03-11 11:38:10
)


OnProlog triggered - registering handlers:
Array
(
    [time] => 2026-03-11 11:38:10
)


Lists handlers registered (3 variants):
Array
(
    [time] => 2026-03-11 11:38:10
)


OnProlog triggered - registering handlers:
Array
(
    [time] => 2026-03-11 11:38:11
)


Lists handlers registered (3 variants):
Array
(
    [time] => 2026-03-11 11:38:11
)


OnProlog triggered - registering handlers:
Array
(
    [time] => 2026-03-11 11:38:12
)


Lists handlers registered (3 variants):
Array
(
    [time] => 2026-03-11 11:38:12
)


OnProlog triggered - registering handlers:
Array
(
    [time] => 2026-03-11 11:38:18
)


Lists handlers registered (3 variants):
Array
(
    [time] => 2026-03-11 11:38:18
)


OnProlog triggered - registering handlers:
Array
(
    [time] => 2026-03-11 11:38:20
)


Lists handlers registered (3 variants):
Array
(
    [time] => 2026-03-11 11:38:20
)


OnProlog triggered - registering handlers:
Array
(
    [time] => 2026-03-11 11:38:21
)


Lists handlers registered (3 variants):
Array
(
    [time] => 2026-03-11 11:38:21
)


OnProlog triggered - registering handlers:
Array
(
    [time] => 2026-03-11 11:38:22
)


Lists handlers registered (3 variants):
Array
(
    [time] => 2026-03-11 11:38:22
)


OnProlog triggered - registering handlers:
Array
(
    [time] => 2026-03-11 11:38:23
)


Lists handlers registered (3 variants):
Array
(
    [time] => 2026-03-11 11:38:23
)


OnProlog triggered - registering handlers:
Array
(
    [time] => 2026-03-11 11:38:24
)


Lists handlers registered (3 variants):
Array
(
    [time] => 2026-03-11 11:38:24
)


OnProlog triggered - registering handlers:
Array
(
    [time] => 2026-03-11 11:38:26
)


Lists handlers registered (3 variants):
Array
(
    [time] => 2026-03-11 11:38:26
)


OnProlog triggered - registering handlers:
Array
(
    [time] => 2026-03-11 11:38:27
)


Lists handlers registered (3 variants):
Array
(
    [time] => 2026-03-11 11:38:27
)


OnProlog triggered - registering handlers:
Array
(
    [time] => 2026-03-11 11:38:28
)


Lists handlers registered (3 variants):
Array
(
    [time] => 2026-03-11 11:38:28
)


OnProlog triggered - registering handlers:
Array
(
    [time] => 2026-03-11 11:38:37
)


Lists handlers registered (3 variants):
Array
(
    [time] => 2026-03-11 11:38:37
)


OnProlog triggered - registering handlers:
Array
(
    [time] => 2026-03-11 11:38:39
)


Lists handlers registered (3 variants):
Array
(
    [time] => 2026-03-11 11:38:39
)


OnProlog triggered - registering handlers:
Array
(
    [time] => 2026-03-11 11:38:39
)


Lists handlers registered (3 variants):
Array
(
    [time] => 2026-03-11 11:38:39
)


OnProlog triggered - registering handlers:
Array
(
    [time] => 2026-03-11 11:38:39
)


Lists handlers registered (3 variants):
Array
(
    [time] => 2026-03-11 11:38:39
)


OnProlog triggered - registering handlers:
Array
(
    [time] => 2026-03-11 11:39:12
)


Lists handlers registered (3 variants):
Array
(
    [time] => 2026-03-11 11:39:12
)


OnProlog triggered - registering handlers:
Array
(
    [time] => 2026-03-11 11:39:22
)


Lists handlers registered (3 variants):
Array
(
    [time] => 2026-03-11 11:39:22
)


OnProlog triggered - registering handlers:
Array
(
    [time] => 2026-03-11 11:39:40
)


Lists handlers registered (3 variants):
Array
(
    [time] => 2026-03-11 11:39:40
)


OnProlog triggered - registering handlers:
Array
(
    [time] => 2026-03-11 11:40:11
)


Lists handlers registered (3 variants):
Array
(
    [time] => 2026-03-11 11:40:11
)


OnProlog triggered - registering handlers:
Array
(
    [time] => 2026-03-11 11:40:35
)


Lists handlers registered (3 variants):
Array
(
    [time] => 2026-03-11 11:40:35
)


OnProlog triggered - registering handlers:
Array
(
    [time] => 2026-03-11 11:40:35
)


Lists handlers registered (3 variants):
Array
(
    [time] => 2026-03-11 11:40:35
)


OnProlog triggered - registering handlers:
Array
(
    [time] => 2026-03-11 11:40:36
)


Lists handlers registered (3 variants):
Array
(
    [time] => 2026-03-11 11:40:36
)


OnProlog triggered - registering handlers:
Array
(
    [time] => 2026-03-11 11:40:37
)


Lists handlers registered (3 variants):
Array
(
    [time] => 2026-03-11 11:40:37
)


OnProlog triggered - registering handlers:
Array
(
    [time] => 2026-03-11 11:40:42
)


Lists handlers registered (3 variants):
Array
(
    [time] => 2026-03-11 11:40:42
)


OnProlog triggered - registering handlers:
Array
(
    [time] => 2026-03-11 11:40:43
)


Lists handlers registered (3 variants):
Array
(
    [time] => 2026-03-11 11:40:43
)


OnProlog triggered - registering handlers:
Array
(
    [time] => 2026-03-11 11:40:43
)


Lists handlers registered (3 variants):
Array
(
    [time] => 2026-03-11 11:40:43
)


OnProlog triggered - registering handlers:
Array
(
    [time] => 2026-03-11 11:40:45
)


Lists handlers registered (3 variants):
Array
(
    [time] => 2026-03-11 11:40:45
)


OnProlog triggered - registering handlers:
Array
(
    [time] => 2026-03-11 11:41:01
)


Lists handlers registered (3 variants):
Array
(
    [time] => 2026-03-11 11:41:01
)


OnProlog triggered - registering handlers:
Array
(
    [time] => 2026-03-11 11:41:06
)


Lists handlers registered (3 variants):
Array
(
    [time] => 2026-03-11 11:41:06
)


OnProlog triggered - registering handlers:
Array
(
    [time] => 2026-03-11 11:41:06
)


Lists handlers registered (3 variants):
Array
(
    [time] => 2026-03-11 11:41:06
)


OnProlog triggered - registering handlers:
Array
(
    [time] => 2026-03-11 11:41:06
)


Lists handlers registered (3 variants):
Array
(
    [time] => 2026-03-11 11:41:06
)


OnProlog triggered - registering handlers:
Array
(
    [time] => 2026-03-11 11:41:11
)


Lists handlers registered (3 variants):
Array
(
    [time] => 2026-03-11 11:41:11
)


OnProlog triggered - registering handlers:
Array
(
    [time] => 2026-03-11 11:41:24
)


Lists handlers registered (3 variants):
Array
(
    [time] => 2026-03-11 11:41:24
)


OnProlog triggered - registering handlers:
Array
(
    [time] => 2026-03-11 11:41:25
)


Lists handlers registered (3 variants):
Array
(
    [time] => 2026-03-11 11:41:25
)


OnProlog triggered - registering handlers:
Array
(
    [time] => 2026-03-11 11:41:26
)


Lists handlers registered (3 variants):
Array
(
    [time] => 2026-03-11 11:41:26
)


OnProlog triggered - registering handlers:
Array
(
    [time] => 2026-03-11 11:41:26
)


Lists handlers registered (3 variants):
Array
(
    [time] => 2026-03-11 11:41:26
)


OnProlog triggered - registering handlers:
Array
(
    [time] => 2026-03-11 11:42:13
)


Lists handlers registered (3 variants):
Array
(
    [time] => 2026-03-11 11:42:13
)


OnProlog triggered - registering handlers:
Array
(
    [time] => 2026-03-11 11:42:15
)


Lists handlers registered (3 variants):
Array
(
    [time] => 2026-03-11 11:42:15
)


OnProlog triggered - registering handlers:
Array
(
    [time] => 2026-03-11 11:42:15
)


Lists handlers registered (3 variants):
Array
(
    [time] => 2026-03-11 11:42:15
)


OnProlog triggered - registering handlers:
Array
(
    [time] => 2026-03-11 11:42:20
)


Lists handlers registered (3 variants):
Array
(
    [time] => 2026-03-11 11:42:20
)


OnProlog triggered - registering handlers:
Array
(
    [time] => 2026-03-11 11:42:35
)


Lists handlers registered (3 variants):
Array
(
    [time] => 2026-03-11 11:42:35
)


OnProlog triggered - registering handlers:
Array
(
    [time] => 2026-03-11 11:42:51
)


Lists handlers registered (3 variants):
Array
(
    [time] => 2026-03-11 11:42:51
)


OnProlog triggered - registering handlers:
Array
(
    [time] => 2026-03-11 11:43:07
)


Lists handlers registered (3 variants):
Array
(
    [time] => 2026-03-11 11:43:07
)


OnProlog triggered - registering handlers:
Array
(
    [time] => 2026-03-11 11:43:07
)


Lists handlers registered (3 variants):
Array
(
    [time] => 2026-03-11 11:43:07
)


OnProlog triggered - registering handlers:
Array
(
    [time] => 2026-03-11 11:43:08
)


Lists handlers registered (3 variants):
Array
(
    [time] => 2026-03-11 11:43:08
)


OnProlog triggered - registering handlers:
Array
(
    [time] => 2026-03-11 11:43:08
)


Lists handlers registered (3 variants):
Array
(
    [time] => 2026-03-11 11:43:08
)


OnProlog triggered - registering handlers:
Array
(
    [time] => 2026-03-11 11:43:15
)


Lists handlers registered (3 variants):
Array
(
    [time] => 2026-03-11 11:43:15
)


OnProlog triggered - registering handlers:
Array
(
    [time] => 2026-03-11 11:43:16
)


Lists handlers registered (3 variants):
Array
(
    [time] => 2026-03-11 11:43:16
)


OnProlog triggered - registering handlers:
Array
(
    [time] => 2026-03-11 11:43:21
)


Lists handlers registered (3 variants):
Array
(
    [time] => 2026-03-11 11:43:21
)


OnProlog triggered - registering handlers:
Array
(
    [time] => 2026-03-11 11:43:47
)


Lists handlers registered (3 variants):
Array
(
    [time] => 2026-03-11 11:43:47
)


OnProlog triggered - registering handlers:
Array
(
    [time] => 2026-03-11 11:43:47
)


Lists handlers registered (3 variants):
Array
(
    [time] => 2026-03-11 11:43:47
)


OnProlog triggered - registering handlers:
Array
(
    [time] => 2026-03-11 11:43:48
)


Lists handlers registered (3 variants):
Array
(
    [time] => 2026-03-11 11:43:48
)


OnProlog triggered - registering handlers:
Array
(
    [time] => 2026-03-11 11:43:48
)


Lists handlers registered (3 variants):
Array
(
    [time] => 2026-03-11 11:43:48
)


OnProlog triggered - registering handlers:
Array
(
    [time] => 2026-03-11 11:43:53
)


Lists handlers registered (3 variants):
Array
(
    [time] => 2026-03-11 11:43:53
)


OnProlog triggered - registering handlers:
Array
(
    [time] => 2026-03-11 11:43:54
)


Lists handlers registered (3 variants):
Array
(
    [time] => 2026-03-11 11:43:54
)


OnProlog triggered - registering handlers:
Array
(
    [time] => 2026-03-11 11:43:54
)


Lists handlers registered (3 variants):
Array
(
    [time] => 2026-03-11 11:43:54
)


OnProlog triggered - registering handlers:
Array
(
    [time] => 2026-03-11 11:43:54
)


Lists handlers registered (3 variants):
Array
(
    [time] => 2026-03-11 11:43:54
)


OnProlog triggered - registering handlers:
Array
(
    [time] => 2026-03-11 11:44:04
)


Lists handlers registered (3 variants):
Array
(
    [time] => 2026-03-11 11:44:04
)


OnProlog triggered - registering handlers:
Array
(
    [time] => 2026-03-11 11:44:15
)


Lists handlers registered (3 variants):
Array
(
    [time] => 2026-03-11 11:44:15
)


OnProlog triggered - registering handlers:
Array
(
    [time] => 2026-03-11 11:44:26
)


Lists handlers registered (3 variants):
Array
(
    [time] => 2026-03-11 11:44:26
)


OnProlog triggered - registering handlers:
Array
(
    [time] => 2026-03-11 11:44:27
)


Lists handlers registered (3 variants):
Array
(
    [time] => 2026-03-11 11:44:27
)


OnProlog triggered - registering handlers:
Array
(
    [time] => 2026-03-11 11:44:27
)


Lists handlers registered (3 variants):
Array
(
    [time] => 2026-03-11 11:44:27
)


OnProlog triggered - registering handlers:
Array
(
    [time] => 2026-03-11 11:44:27
)


Lists handlers registered (3 variants):
Array
(
    [time] => 2026-03-11 11:44:27
)


OnProlog triggered - registering handlers:
Array
(
    [time] => 2026-03-11 11:44:40
)


Lists handlers registered (3 variants):
Array
(
    [time] => 2026-03-11 11:44:40
)


OnProlog triggered - registering handlers:
Array
(
    [time] => 2026-03-11 11:44:41
)


Lists handlers registered (3 variants):
Array
(
    [time] => 2026-03-11 11:44:41
)


OnProlog triggered - registering handlers:
Array
(
    [time] => 2026-03-11 11:44:41
)


Lists handlers registered (3 variants):
Array
(
    [time] => 2026-03-11 11:44:41
)


OnProlog triggered - registering handlers:
Array
(
    [time] => 2026-03-11 11:44:41
)


Lists handlers registered (3 variants):
Array
(
    [time] => 2026-03-11 11:44:41
)


OnProlog triggered - registering handlers:
Array
(
    [time] => 2026-03-11 11:44:52
)


Lists handlers registered (3 variants):
Array
(
    [time] => 2026-03-11 11:44:52
)


OnProlog triggered - registering handlers:
Array
(
    [time] => 2026-03-11 11:45:01
)


Lists handlers registered (3 variants):
Array
(
    [time] => 2026-03-11 11:45:01
)


OnProlog triggered - registering handlers:
Array
(
    [time] => 2026-03-11 11:45:14
)


Lists handlers registered (3 variants):
Array
(
    [time] => 2026-03-11 11:45:14
)


OnProlog triggered - registering handlers:
Array
(
    [time] => 2026-03-11 11:45:15
)


Lists handlers registered (3 variants):
Array
(
    [time] => 2026-03-11 11:45:15
)


OnProlog triggered - registering handlers:
Array
(
    [time] => 2026-03-11 11:45:27
)


Lists handlers registered (3 variants):
Array
(
    [time] => 2026-03-11 11:45:27
)


OnProlog triggered - registering handlers:
Array
(
    [time] => 2026-03-11 11:45:49
)


Lists handlers registered (3 variants):
Array
(
    [time] => 2026-03-11 11:45:49
)


OnProlog triggered - registering handlers:
Array
(
    [time] => 2026-03-11 11:45:51
)


Lists handlers registered (3 variants):
Array
(
    [time] => 2026-03-11 11:45:51
)


OnProlog triggered - registering handlers:
Array
(
    [time] => 2026-03-11 11:46:08
)


Lists handlers registered (3 variants):
Array
(
    [time] => 2026-03-11 11:46:08
)


OnProlog triggered - registering handlers:
Array
(
    [time] => 2026-03-11 11:46:15
)


Lists handlers registered (3 variants):
Array
(
    [time] => 2026-03-11 11:46:15
)


OnProlog triggered - registering handlers:
Array
(
    [time] => 2026-03-11 11:46:21
)


Lists handlers registered (3 variants):
Array
(
    [time] => 2026-03-11 11:46:21
)


OnProlog triggered - registering handlers:
Array
(
    [time] => 2026-03-11 11:46:22
)


Lists handlers registered (3 variants):
Array
(
    [time] => 2026-03-11 11:46:22
)


OnProlog triggered - registering handlers:
Array
(
    [time] => 2026-03-11 11:46:22
)


Lists handlers registered (3 variants):
Array
(
    [time] => 2026-03-11 11:46:22
)


OnProlog triggered - registering handlers:
Array
(
    [time] => 2026-03-11 11:46:22
)


Lists handlers registered (3 variants):
Array
(
    [time] => 2026-03-11 11:46:22
)


OnProlog triggered - registering handlers:
Array
(
    [time] => 2026-03-11 11:46:22
)


Lists handlers registered (3 variants):
Array
(
    [time] => 2026-03-11 11:46:22
)


OnProlog triggered - registering handlers:
Array
(
    [time] => 2026-03-11 11:46:34
)


Lists handlers registered (3 variants):
Array
(
    [time] => 2026-03-11 11:46:34
)


OnProlog triggered - registering handlers:
Array
(
    [time] => 2026-03-11 11:46:49
)


Lists handlers registered (3 variants):
Array
(
    [time] => 2026-03-11 11:46:49
)


OnProlog triggered - registering handlers:
Array
(
    [time] => 2026-03-11 11:46:49
)


Lists handlers registered (3 variants):
Array
(
    [time] => 2026-03-11 11:46:49
)


OnProlog triggered - registering handlers:
Array
(
    [time] => 2026-03-11 11:46:49
)


Lists handlers registered (3 variants):
Array
(
    [time] => 2026-03-11 11:46:49
)


OnProlog triggered - registering handlers:
Array
(
    [time] => 2026-03-11 11:46:50
)


Lists handlers registered (3 variants):
Array
(
    [time] => 2026-03-11 11:46:50
)


OnProlog triggered - registering handlers:
Array
(
    [time] => 2026-03-11 11:46:58
)


Lists handlers registered (3 variants):
Array
(
    [time] => 2026-03-11 11:46:58
)


OnProlog triggered - registering handlers:
Array
(
    [time] => 2026-03-11 11:47:00
)


Lists handlers registered (3 variants):
Array
(
    [time] => 2026-03-11 11:47:00
)


OnProlog triggered - registering handlers:
Array
(
    [time] => 2026-03-11 11:47:02
)


Lists handlers registered (3 variants):
Array
(
    [time] => 2026-03-11 11:47:02
)


OnProlog triggered - registering handlers:
Array
(
    [time] => 2026-03-11 11:47:07
)


Lists handlers registered (3 variants):
Array
(
    [time] => 2026-03-11 11:47:07
)


OnProlog triggered - registering handlers:
Array
(
    [time] => 2026-03-11 11:47:08
)


Lists handlers registered (3 variants):
Array
(
    [time] => 2026-03-11 11:47:08
)


OnProlog triggered - registering handlers:
Array
(
    [time] => 2026-03-11 11:47:08
)


Lists handlers registered (3 variants):
Array
(
    [time] => 2026-03-11 11:47:08
)


OnProlog triggered - registering handlers:
Array
(
    [time] => 2026-03-11 11:47:08
)


Lists handlers registered (3 variants):
Array
(
    [time] => 2026-03-11 11:47:08
)


OnProlog triggered - registering handlers:
Array
(
    [time] => 2026-03-11 11:47:09
)


Lists handlers registered (3 variants):
Array
(
    [time] => 2026-03-11 11:47:09
)


OnProlog triggered - registering handlers:
Array
(
    [time] => 2026-03-11 11:47:15
)


Lists handlers registered (3 variants):
Array
(
    [time] => 2026-03-11 11:47:15
)


OnProlog triggered - registering handlers:
Array
(
    [time] => 2026-03-11 11:47:53
)


Lists handlers registered (3 variants):
Array
(
    [time] => 2026-03-11 11:47:53
)


OnProlog triggered - registering handlers:
Array
(
    [time] => 2026-03-11 11:47:55
)


Lists handlers registered (3 variants):
Array
(
    [time] => 2026-03-11 11:47:55
)


OnProlog triggered - registering handlers:
Array
(
    [time] => 2026-03-11 11:47:56
)


Lists handlers registered (3 variants):
Array
(
    [time] => 2026-03-11 11:47:56
)


OnProlog triggered - registering handlers:
Array
(
    [time] => 2026-03-11 11:47:56
)


Lists handlers registered (3 variants):
Array
(
    [time] => 2026-03-11 11:47:56
)


OnProlog triggered - registering handlers:
Array
(
    [time] => 2026-03-11 11:47:56
)


Lists handlers registered (3 variants):
Array
(
    [time] => 2026-03-11 11:47:56
)


OnProlog triggered - registering handlers:
Array
(
    [time] => 2026-03-11 11:47:56
)


Lists handlers registered (3 variants):
Array
(
    [time] => 2026-03-11 11:47:56
)


OnProlog triggered - registering handlers:
Array
(
    [time] => 2026-03-11 11:48:15
)


Lists handlers registered (3 variants):
Array
(
    [time] => 2026-03-11 11:48:15
)


OnProlog triggered - registering handlers:
Array
(
    [time] => 2026-03-11 11:48:24
)


Lists handlers registered (3 variants):
Array
(
    [time] => 2026-03-11 11:48:24
)


OnProlog triggered - registering handlers:
Array
(
    [time] => 2026-03-11 11:48:29
)


Lists handlers registered (3 variants):
Array
(
    [time] => 2026-03-11 11:48:29
)


OnProlog triggered - registering handlers:
Array
(
    [time] => 2026-03-11 11:48:29
)


Lists handlers registered (3 variants):
Array
(
    [time] => 2026-03-11 11:48:29
)


OnProlog triggered - registering handlers:
Array
(
    [time] => 2026-03-11 11:48:30
)


Lists handlers registered (3 variants):
Array
(
    [time] => 2026-03-11 11:48:30
)


OnProlog triggered - registering handlers:
Array
(
    [time] => 2026-03-11 11:48:30
)


Lists handlers registered (3 variants):
Array
(
    [time] => 2026-03-11 11:48:30
)


OnProlog triggered - registering handlers:
Array
(
    [time] => 2026-03-11 11:48:30
)


Lists handlers registered (3 variants):
Array
(
    [time] => 2026-03-11 11:48:30
)


OnProlog triggered - registering handlers:
Array
(
    [time] => 2026-03-11 11:48:47
)


Lists handlers registered (3 variants):
Array
(
    [time] => 2026-03-11 11:48:47
)


OnProlog triggered - registering handlers:
Array
(
    [time] => 2026-03-11 11:49:05
)


Lists handlers registered (3 variants):
Array
(
    [time] => 2026-03-11 11:49:05
)


OnProlog triggered - registering handlers:
Array
(
    [time] => 2026-03-11 11:49:15
)


Lists handlers registered (3 variants):
Array
(
    [time] => 2026-03-11 11:49:15
)


OnProlog triggered - registering handlers:
Array
(
    [time] => 2026-03-11 11:49:21
)


Lists handlers registered (3 variants):
Array
(
    [time] => 2026-03-11 11:49:21
)


OnProlog triggered - registering handlers:
Array
(
    [time] => 2026-03-11 11:49:30
)


Lists handlers registered (3 variants):
Array
(
    [time] => 2026-03-11 11:49:30
)


OnProlog triggered - registering handlers:
Array
(
    [time] => 2026-03-11 11:50:15
)


Lists handlers registered (3 variants):
Array
(
    [time] => 2026-03-11 11:50:15
)


OnProlog triggered - registering handlers:
Array
(
    [time] => 2026-03-11 11:50:40
)


Lists handlers registered (3 variants):
Array
(
    [time] => 2026-03-11 11:50:40
)


OnProlog triggered - registering handlers:
Array
(
    [time] => 2026-03-11 11:50:55
)


Lists handlers registered (3 variants):
Array
(
    [time] => 2026-03-11 11:50:55
)


OnProlog triggered - registering handlers:
Array
(
    [time] => 2026-03-11 11:51:12
)


Lists handlers registered (3 variants):
Array
(
    [time] => 2026-03-11 11:51:12
)


OnProlog triggered - registering handlers:
Array
(
    [time] => 2026-03-11 11:51:15
)


Lists handlers registered (3 variants):
Array
(
    [time] => 2026-03-11 11:51:15
)


OnProlog triggered - registering handlers:
Array
(
    [time] => 2026-03-11 11:51:18
)


Lists handlers registered (3 variants):
Array
(
    [time] => 2026-03-11 11:51:18
)


OnProlog triggered - registering handlers:
Array
(
    [time] => 2026-03-11 11:51:19
)


Lists handlers registered (3 variants):
Array
(
    [time] => 2026-03-11 11:51:19
)


OnProlog triggered - registering handlers:
Array
(
    [time] => 2026-03-11 11:51:19
)


Lists handlers registered (3 variants):
Array
(
    [time] => 2026-03-11 11:51:19
)


OnProlog triggered - registering handlers:
Array
(
    [time] => 2026-03-11 11:51:19
)


Lists handlers registered (3 variants):
Array
(
    [time] => 2026-03-11 11:51:19
)


OnProlog triggered - registering handlers:
Array
(
    [time] => 2026-03-11 11:51:31
)


Lists handlers registered (3 variants):
Array
(
    [time] => 2026-03-11 11:51:31
)


OnProlog triggered - registering handlers:
Array
(
    [time] => 2026-03-11 11:51:33
)


Lists handlers registered (3 variants):
Array
(
    [time] => 2026-03-11 11:51:33
)


OnProlog triggered - registering handlers:
Array
(
    [time] => 2026-03-11 11:51:39
)


Lists handlers registered (3 variants):
Array
(
    [time] => 2026-03-11 11:51:39
)


OnProlog triggered - registering handlers:
Array
(
    [time] => 2026-03-11 11:51:50
)


Lists handlers registered (3 variants):
Array
(
    [time] => 2026-03-11 11:51:50
)


OnProlog triggered - registering handlers:
Array
(
    [time] => 2026-03-11 11:52:15
)


Lists handlers registered (3 variants):
Array
(
    [time] => 2026-03-11 11:52:15
)


OnProlog triggered - registering handlers:
Array
(
    [time] => 2026-03-11 11:52:20
)


Lists handlers registered (3 variants):
Array
(
    [time] => 2026-03-11 11:52:20
)


OnProlog triggered - registering handlers:
Array
(
    [time] => 2026-03-11 11:52:23
)


Lists handlers registered (3 variants):
Array
(
    [time] => 2026-03-11 11:52:23
)


OnProlog triggered - registering handlers:
Array
(
    [time] => 2026-03-11 11:52:23
)


Lists handlers registered (3 variants):
Array
(
    [time] => 2026-03-11 11:52:23
)


OnProlog triggered - registering handlers:
Array
(
    [time] => 2026-03-11 11:52:25
)


Lists handlers registered (3 variants):
Array
(
    [time] => 2026-03-11 11:52:25
)


OnProlog triggered - registering handlers:
Array
(
    [time] => 2026-03-11 11:52:25
)


Lists handlers registered (3 variants):
Array
(
    [time] => 2026-03-11 11:52:25
)


OnProlog triggered - registering handlers:
Array
(
    [time] => 2026-03-11 11:52:31
)


Lists handlers registered (3 variants):
Array
(
    [time] => 2026-03-11 11:52:31
)


OnProlog triggered - registering handlers:
Array
(
    [time] => 2026-03-11 11:52:33
)


Lists handlers registered (3 variants):
Array
(
    [time] => 2026-03-11 11:52:33
)


OnProlog triggered - registering handlers:
Array
(
    [time] => 2026-03-11 11:52:38
)


Lists handlers registered (3 variants):
Array
(
    [time] => 2026-03-11 11:52:38
)


OnProlog triggered - registering handlers:
Array
(
    [time] => 2026-03-11 11:52:38
)


Lists handlers registered (3 variants):
Array
(
    [time] => 2026-03-11 11:52:38
)


OnProlog triggered - registering handlers:
Array
(
    [time] => 2026-03-11 11:52:38
)


Lists handlers registered (3 variants):
Array
(
    [time] => 2026-03-11 11:52:38
)


OnProlog triggered - registering handlers:
Array
(
    [time] => 2026-03-11 11:52:40
)


Lists handlers registered (3 variants):
Array
(
    [time] => 2026-03-11 11:52:40
)


OnProlog triggered - registering handlers:
Array
(
    [time] => 2026-03-11 11:52:40
)


Lists handlers registered (3 variants):
Array
(
    [time] => 2026-03-11 11:52:40
)


OnProlog triggered - registering handlers:
Array
(
    [time] => 2026-03-11 11:52:42
)


Lists handlers registered (3 variants):
Array
(
    [time] => 2026-03-11 11:52:42
)


OnProlog triggered - registering handlers:
Array
(
    [time] => 2026-03-11 11:52:43
)


Lists handlers registered (3 variants):
Array
(
    [time] => 2026-03-11 11:52:43
)


OnProlog triggered - registering handlers:
Array
(
    [time] => 2026-03-11 11:52:44
)


Lists handlers registered (3 variants):
Array
(
    [time] => 2026-03-11 11:52:44
)


OnProlog triggered - registering handlers:
Array
(
    [time] => 2026-03-11 11:52:45
)


Lists handlers registered (3 variants):
Array
(
    [time] => 2026-03-11 11:52:45
)


OnProlog triggered - registering handlers:
Array
(
    [time] => 2026-03-11 11:52:57
)


Lists handlers registered (3 variants):
Array
(
    [time] => 2026-03-11 11:52:57
)


OnProlog triggered - registering handlers:
Array
(
    [time] => 2026-03-11 11:53:00
)


Lists handlers registered (3 variants):
Array
(
    [time] => 2026-03-11 11:53:00
)


OnProlog triggered - registering handlers:
Array
(
    [time] => 2026-03-11 11:53:00
)


Lists handlers registered (3 variants):
Array
(
    [time] => 2026-03-11 11:53:00
)


OnProlog triggered - registering handlers:
Array
(
    [time] => 2026-03-11 11:53:01
)


Lists handlers registered (3 variants):
Array
(
    [time] => 2026-03-11 11:53:01
)


OnProlog triggered - registering handlers:
Array
(
    [time] => 2026-03-11 11:53:02
)


Lists handlers registered (3 variants):
Array
(
    [time] => 2026-03-11 11:53:02
)


OnProlog triggered - registering handlers:
Array
(
    [time] => 2026-03-11 11:53:05
)


Lists handlers registered (3 variants):
Array
(
    [time] => 2026-03-11 11:53:05
)


OnProlog triggered - registering handlers:
Array
(
    [time] => 2026-03-11 11:53:06
)


Lists handlers registered (3 variants):
Array
(
    [time] => 2026-03-11 11:53:06
)


OnProlog triggered - registering handlers:
Array
(
    [time] => 2026-03-11 11:53:06
)


Lists handlers registered (3 variants):
Array
(
    [time] => 2026-03-11 11:53:06
)


OnProlog triggered - registering handlers:
Array
(
    [time] => 2026-03-11 11:53:06
)


Lists handlers registered (3 variants):
Array
(
    [time] => 2026-03-11 11:53:06
)


OnProlog triggered - registering handlers:
Array
(
    [time] => 2026-03-11 11:53:10
)


Lists handlers registered (3 variants):
Array
(
    [time] => 2026-03-11 11:53:10
)


OnProlog triggered - registering handlers:
Array
(
    [time] => 2026-03-11 11:53:12
)


Lists handlers registered (3 variants):
Array
(
    [time] => 2026-03-11 11:53:12
)


OnProlog triggered - registering handlers:
Array
(
    [time] => 2026-03-11 11:53:12
)


Lists handlers registered (3 variants):
Array
(
    [time] => 2026-03-11 11:53:12
)


OnProlog triggered - registering handlers:
Array
(
    [time] => 2026-03-11 11:53:13
)


Lists handlers registered (3 variants):
Array
(
    [time] => 2026-03-11 11:53:13
)


OnProlog triggered - registering handlers:
Array
(
    [time] => 2026-03-11 11:53:14
)


Lists handlers registered (3 variants):
Array
(
    [time] => 2026-03-11 11:53:14
)


OnProlog triggered - registering handlers:
Array
(
    [time] => 2026-03-11 11:53:15
)


Lists handlers registered (3 variants):
Array
(
    [time] => 2026-03-11 11:53:15
)


OnProlog triggered - registering handlers:
Array
(
    [time] => 2026-03-11 11:53:16
)


Lists handlers registered (3 variants):
Array
(
    [time] => 2026-03-11 11:53:16
)


OnProlog triggered - registering handlers:
Array
(
    [time] => 2026-03-11 11:53:18
)


Lists handlers registered (3 variants):
Array
(
    [time] => 2026-03-11 11:53:18
)


OnProlog triggered - registering handlers:
Array
(
    [time] => 2026-03-11 11:53:20
)


Lists handlers registered (3 variants):
Array
(
    [time] => 2026-03-11 11:53:20
)


OnProlog triggered - registering handlers:
Array
(
    [time] => 2026-03-11 11:53:20
)


Lists handlers registered (3 variants):
Array
(
    [time] => 2026-03-11 11:53:20
)


OnProlog triggered - registering handlers:
Array
(
    [time] => 2026-03-11 11:53:31
)


Lists handlers registered (3 variants):
Array
(
    [time] => 2026-03-11 11:53:31
)


OnProlog triggered - registering handlers:
Array
(
    [time] => 2026-03-11 11:53:31
)


Lists handlers registered (3 variants):
Array
(
    [time] => 2026-03-11 11:53:31
)


OnProlog triggered - registering handlers:
Array
(
    [time] => 2026-03-11 11:53:32
)


Lists handlers registered (3 variants):
Array
(
    [time] => 2026-03-11 11:53:32
)


OnProlog triggered - registering handlers:
Array
(
    [time] => 2026-03-11 11:53:32
)


Lists handlers registered (3 variants):
Array
(
    [time] => 2026-03-11 11:53:32
)


OnProlog triggered - registering handlers:
Array
(
    [time] => 2026-03-11 11:53:40
)


Lists handlers registered (3 variants):
Array
(
    [time] => 2026-03-11 11:53:40
)


OnProlog triggered - registering handlers:
Array
(
    [time] => 2026-03-11 11:53:42
)


Lists handlers registered (3 variants):
Array
(
    [time] => 2026-03-11 11:53:42
)


OnProlog triggered - registering handlers:
Array
(
    [time] => 2026-03-11 11:53:42
)


Lists handlers registered (3 variants):
Array
(
    [time] => 2026-03-11 11:53:42
)


OnProlog triggered - registering handlers:
Array
(
    [time] => 2026-03-11 11:53:44
)


Lists handlers registered (3 variants):
Array
(
    [time] => 2026-03-11 11:53:44
)


OnProlog triggered - registering handlers:
Array
(
    [time] => 2026-03-11 11:53:44
)


Lists handlers registered (3 variants):
Array
(
    [time] => 2026-03-11 11:53:44
)


OnProlog triggered - registering handlers:
Array
(
    [time] => 2026-03-11 11:53:46
)


Lists handlers registered (3 variants):
Array
(
    [time] => 2026-03-11 11:53:46
)


OnProlog triggered - registering handlers:
Array
(
    [time] => 2026-03-11 11:53:48
)


Lists handlers registered (3 variants):
Array
(
    [time] => 2026-03-11 11:53:48
)


OnProlog triggered - registering handlers:
Array
(
    [time] => 2026-03-11 11:53:50
)


Lists handlers registered (3 variants):
Array
(
    [time] => 2026-03-11 11:53:50
)


OnProlog triggered - registering handlers:
Array
(
    [time] => 2026-03-11 11:53:50
)


Lists handlers registered (3 variants):
Array
(
    [time] => 2026-03-11 11:53:50
)


OnProlog triggered - registering handlers:
Array
(
    [time] => 2026-03-11 11:54:04
)


Lists handlers registered (3 variants):
Array
(
    [time] => 2026-03-11 11:54:04
)


OnProlog triggered - registering handlers:
Array
(
    [time] => 2026-03-11 11:54:05
)


Lists handlers registered (3 variants):
Array
(
    [time] => 2026-03-11 11:54:05
)


OnProlog triggered - registering handlers:
Array
(
    [time] => 2026-03-11 11:54:06
)


Lists handlers registered (3 variants):
Array
(
    [time] => 2026-03-11 11:54:06
)


OnProlog triggered - registering handlers:
Array
(
    [time] => 2026-03-11 11:54:07
)


Lists handlers registered (3 variants):
Array
(
    [time] => 2026-03-11 11:54:07
)


OnProlog triggered - registering handlers:
Array
(
    [time] => 2026-03-11 11:54:16
)


Lists handlers registered (3 variants):
Array
(
    [time] => 2026-03-11 11:54:16
)


OnProlog triggered - registering handlers:
Array
(
    [time] => 2026-03-11 11:54:24
)


Lists handlers registered (3 variants):
Array
(
    [time] => 2026-03-11 11:54:24
)


OnProlog triggered - registering handlers:
Array
(
    [time] => 2026-03-11 11:54:40
)


Lists handlers registered (3 variants):
Array
(
    [time] => 2026-03-11 11:54:40
)


OnProlog triggered - registering handlers:
Array
(
    [time] => 2026-03-11 11:54:40
)


Lists handlers registered (3 variants):
Array
(
    [time] => 2026-03-11 11:54:40
)


OnProlog triggered - registering handlers:
Array
(
    [time] => 2026-03-11 11:54:40
)


Lists handlers registered (3 variants):
Array
(
    [time] => 2026-03-11 11:54:40
)


OnProlog triggered - registering handlers:
Array
(
    [time] => 2026-03-11 11:54:40
)


Lists handlers registered (3 variants):
Array
(
    [time] => 2026-03-11 11:54:40
)


OnProlog triggered - registering handlers:
Array
(
    [time] => 2026-03-11 11:54:41
)


Lists handlers registered (3 variants):
Array
(
    [time] => 2026-03-11 11:54:41
)


OnProlog triggered - registering handlers:
Array
(
    [time] => 2026-03-11 11:54:54
)


Lists handlers registered (3 variants):
Array
(
    [time] => 2026-03-11 11:54:54
)


OnProlog triggered - registering handlers:
Array
(
    [time] => 2026-03-11 11:55:06
)


Lists handlers registered (3 variants):
Array
(
    [time] => 2026-03-11 11:55:06
)


OnProlog triggered - registering handlers:
Array
(
    [time] => 2026-03-11 11:55:06
)


Lists handlers registered (3 variants):
Array
(
    [time] => 2026-03-11 11:55:06
)


OnProlog triggered - registering handlers:
Array
(
    [time] => 2026-03-11 11:55:10
)


Lists handlers registered (3 variants):
Array
(
    [time] => 2026-03-11 11:55:10
)


OnProlog triggered - registering handlers:
Array
(
    [time] => 2026-03-11 11:55:10
)


Lists handlers registered (3 variants):
Array
(
    [time] => 2026-03-11 11:55:10
)


OnProlog triggered - registering handlers:
Array
(
    [time] => 2026-03-11 11:55:11
)


Lists handlers registered (3 variants):
Array
(
    [time] => 2026-03-11 11:55:11
)


OnProlog triggered - registering handlers:
Array
(
    [time] => 2026-03-11 11:55:12
)


Lists handlers registered (3 variants):
Array
(
    [time] => 2026-03-11 11:55:12
)


OnProlog triggered - registering handlers:
Array
(
    [time] => 2026-03-11 11:55:16
)


Lists handlers registered (3 variants):
Array
(
    [time] => 2026-03-11 11:55:16
)


OnProlog triggered - registering handlers:
Array
(
    [time] => 2026-03-11 11:55:18
)


Lists handlers registered (3 variants):
Array
(
    [time] => 2026-03-11 11:55:18
)


OnProlog triggered - registering handlers:
Array
(
    [time] => 2026-03-11 11:55:18
)


Lists handlers registered (3 variants):
Array
(
    [time] => 2026-03-11 11:55:18
)


OnProlog triggered - registering handlers:
Array
(
    [time] => 2026-03-11 11:55:19
)


Lists handlers registered (3 variants):
Array
(
    [time] => 2026-03-11 11:55:19
)


OnProlog triggered - registering handlers:
Array
(
    [time] => 2026-03-11 11:55:20
)


Lists handlers registered (3 variants):
Array
(
    [time] => 2026-03-11 11:55:20
)


OnProlog triggered - registering handlers:
Array
(
    [time] => 2026-03-11 11:55:21
)


Lists handlers registered (3 variants):
Array
(
    [time] => 2026-03-11 11:55:21
)


OnProlog triggered - registering handlers:
Array
(
    [time] => 2026-03-11 11:55:23
)


Lists handlers registered (3 variants):
Array
(
    [time] => 2026-03-11 11:55:23
)


OnProlog triggered - registering handlers:
Array
(
    [time] => 2026-03-11 11:55:25
)


Lists handlers registered (3 variants):
Array
(
    [time] => 2026-03-11 11:55:25
)


OnProlog triggered - registering handlers:
Array
(
    [time] => 2026-03-11 11:55:25
)


Lists handlers registered (3 variants):
Array
(
    [time] => 2026-03-11 11:55:25
)


OnProlog triggered - registering handlers:
Array
(
    [time] => 2026-03-11 11:55:44
)


Lists handlers registered (3 variants):
Array
(
    [time] => 2026-03-11 11:55:44
)


OnProlog triggered - registering handlers:
Array
(
    [time] => 2026-03-11 11:55:45
)


Lists handlers registered (3 variants):
Array
(
    [time] => 2026-03-11 11:55:45
)


OnProlog triggered - registering handlers:
Array
(
    [time] => 2026-03-11 11:55:46
)


Lists handlers registered (3 variants):
Array
(
    [time] => 2026-03-11 11:55:46
)


OnProlog triggered - registering handlers:
Array
(
    [time] => 2026-03-11 11:55:46
)


Lists handlers registered (3 variants):
Array
(
    [time] => 2026-03-11 11:55:46
)


OnProlog triggered - registering handlers:
Array
(
    [time] => 2026-03-11 11:55:46
)


Lists handlers registered (3 variants):
Array
(
    [time] => 2026-03-11 11:55:46
)


OnProlog triggered - registering handlers:
Array
(
    [time] => 2026-03-11 11:55:51
)


Lists handlers registered (3 variants):
Array
(
    [time] => 2026-03-11 11:55:51
)


OnProlog triggered - registering handlers:
Array
(
    [time] => 2026-03-11 11:55:53
)


Lists handlers registered (3 variants):
Array
(
    [time] => 2026-03-11 11:55:53
)


OnProlog triggered - registering handlers:
Array
(
    [time] => 2026-03-11 11:55:54
)


Lists handlers registered (3 variants):
Array
(
    [time] => 2026-03-11 11:55:54
)


OnProlog triggered - registering handlers:
Array
(
    [time] => 2026-03-11 11:55:55
)


Lists handlers registered (3 variants):
Array
(
    [time] => 2026-03-11 11:55:55
)


OnProlog triggered - registering handlers:
Array
(
    [time] => 2026-03-11 11:55:55
)


Lists handlers registered (3 variants):
Array
(
    [time] => 2026-03-11 11:55:55
)


OnProlog triggered - registering handlers:
Array
(
    [time] => 2026-03-11 11:55:57
)


Lists handlers registered (3 variants):
Array
(
    [time] => 2026-03-11 11:55:57
)


OnProlog triggered - registering handlers:
Array
(
    [time] => 2026-03-11 11:55:57
)


Lists handlers registered (3 variants):
Array
(
    [time] => 2026-03-11 11:55:57
)


OnProlog triggered - registering handlers:
Array
(
    [time] => 2026-03-11 11:55:59
)


Lists handlers registered (3 variants):
Array
(
    [time] => 2026-03-11 11:55:59
)


OnProlog triggered - registering handlers:
Array
(
    [time] => 2026-03-11 11:56:03
)


Lists handlers registered (3 variants):
Array
(
    [time] => 2026-03-11 11:56:03
)


OnProlog triggered - registering handlers:
Array
(
    [time] => 2026-03-11 11:56:05
)


Lists handlers registered (3 variants):
Array
(
    [time] => 2026-03-11 11:56:05
)


OnProlog triggered - registering handlers:
Array
(
    [time] => 2026-03-11 11:56:06
)


Lists handlers registered (3 variants):
Array
(
    [time] => 2026-03-11 11:56:06
)


OnProlog triggered - registering handlers:
Array
(
    [time] => 2026-03-11 11:56:12
)


Lists handlers registered (3 variants):
Array
(
    [time] => 2026-03-11 11:56:12
)


OnProlog triggered - registering handlers:
Array
(
    [time] => 2026-03-11 11:56:18
)


Lists handlers registered (3 variants):
Array
(
    [time] => 2026-03-11 11:56:18
)


OnProlog triggered - registering handlers:
Array
(
    [time] => 2026-03-11 11:56:19
)


Lists handlers registered (3 variants):
Array
(
    [time] => 2026-03-11 11:56:19
)


OnProlog triggered - registering handlers:
Array
(
    [time] => 2026-03-11 11:56:19
)


Lists handlers registered (3 variants):
Array
(
    [time] => 2026-03-11 11:56:19
)


OnProlog triggered - registering handlers:
Array
(
    [time] => 2026-03-11 11:56:20
)


Lists handlers registered (3 variants):
Array
(
    [time] => 2026-03-11 11:56:20
)


OnProlog triggered - registering handlers:
Array
(
    [time] => 2026-03-11 11:57:07
)


Lists handlers registered (3 variants):
Array
(
    [time] => 2026-03-11 11:57:07
)


OnProlog triggered - registering handlers:
Array
(
    [time] => 2026-03-11 11:57:08
)


Lists handlers registered (3 variants):
Array
(
    [time] => 2026-03-11 11:57:08
)


OnProlog triggered - registering handlers:
Array
(
    [time] => 2026-03-11 11:57:08
)


Lists handlers registered (3 variants):
Array
(
    [time] => 2026-03-11 11:57:08
)


OnProlog triggered - registering handlers:
Array
(
    [time] => 2026-03-11 11:57:10
)


Lists handlers registered (3 variants):
Array
(
    [time] => 2026-03-11 11:57:10
)


OnProlog triggered - registering handlers:
Array
(
    [time] => 2026-03-11 11:57:10
)


Lists handlers registered (3 variants):
Array
(
    [time] => 2026-03-11 11:57:10
)


OnProlog triggered - registering handlers:
Array
(
    [time] => 2026-03-11 11:57:12
)


Lists handlers registered (3 variants):
Array
(
    [time] => 2026-03-11 11:57:12
)


OnProlog triggered - registering handlers:
Array
(
    [time] => 2026-03-11 11:57:12
)


Lists handlers registered (3 variants):
Array
(
    [time] => 2026-03-11 11:57:12
)


OnProlog triggered - registering handlers:
Array
(
    [time] => 2026-03-11 11:57:13
)


Lists handlers registered (3 variants):
Array
(
    [time] => 2026-03-11 11:57:13
)


OnProlog triggered - registering handlers:
Array
(
    [time] => 2026-03-11 11:57:15
)


Lists handlers registered (3 variants):
Array
(
    [time] => 2026-03-11 11:57:15
)


OnProlog triggered - registering handlers:
Array
(
    [time] => 2026-03-11 11:57:15
)


Lists handlers registered (3 variants):
Array
(
    [time] => 2026-03-11 11:57:15
)


OnProlog triggered - registering handlers:
Array
(
    [time] => 2026-03-11 11:57:26
)


Lists handlers registered (3 variants):
Array
(
    [time] => 2026-03-11 11:57:26
)


OnProlog triggered - registering handlers:
Array
(
    [time] => 2026-03-11 11:57:27
)


Lists handlers registered (3 variants):
Array
(
    [time] => 2026-03-11 11:57:27
)


OnProlog triggered - registering handlers:
Array
(
    [time] => 2026-03-11 11:57:27
)


Lists handlers registered (3 variants):
Array
(
    [time] => 2026-03-11 11:57:27
)


OnProlog triggered - registering handlers:
Array
(
    [time] => 2026-03-11 11:57:28
)


Lists handlers registered (3 variants):
Array
(
    [time] => 2026-03-11 11:57:28
)


OnProlog triggered - registering handlers:
Array
(
    [time] => 2026-03-11 11:57:30
)


Lists handlers registered (3 variants):
Array
(
    [time] => 2026-03-11 11:57:30
)


OnProlog triggered - registering handlers:
Array
(
    [time] => 2026-03-11 11:57:32
)


Lists handlers registered (3 variants):
Array
(
    [time] => 2026-03-11 11:57:32
)


OnProlog triggered - registering handlers:
Array
(
    [time] => 2026-03-11 11:57:33
)


Lists handlers registered (3 variants):
Array
(
    [time] => 2026-03-11 11:57:33
)


OnProlog triggered - registering handlers:
Array
(
    [time] => 2026-03-11 11:57:34
)


Lists handlers registered (3 variants):
Array
(
    [time] => 2026-03-11 11:57:34
)


OnProlog triggered - registering handlers:
Array
(
    [time] => 2026-03-11 11:57:35
)


Lists handlers registered (3 variants):
Array
(
    [time] => 2026-03-11 11:57:35
)


OnProlog triggered - registering handlers:
Array
(
    [time] => 2026-03-11 11:57:35
)


Lists handlers registered (3 variants):
Array
(
    [time] => 2026-03-11 11:57:35
)


OnProlog triggered - registering handlers:
Array
(
    [time] => 2026-03-11 11:57:36
)


Lists handlers registered (3 variants):
Array
(
    [time] => 2026-03-11 11:57:36
)


OnProlog triggered - registering handlers:
Array
(
    [time] => 2026-03-11 11:57:37
)


Lists handlers registered (3 variants):
Array
(
    [time] => 2026-03-11 11:57:37
)


OnProlog triggered - registering handlers:
Array
(
    [time] => 2026-03-11 11:57:38
)


Lists handlers registered (3 variants):
Array
(
    [time] => 2026-03-11 11:57:38
)


OnProlog triggered - registering handlers:
Array
(
    [time] => 2026-03-11 11:57:40
)


Lists handlers registered (3 variants):
Array
(
    [time] => 2026-03-11 11:57:40
)


OnProlog triggered - registering handlers:
Array
(
    [time] => 2026-03-11 11:57:41
)


Lists handlers registered (3 variants):
Array
(
    [time] => 2026-03-11 11:57:41
)


OnProlog triggered - registering handlers:
Array
(
    [time] => 2026-03-11 11:57:41
)


Lists handlers registered (3 variants):
Array
(
    [time] => 2026-03-11 11:57:41
)


OnProlog triggered - registering handlers:
Array
(
    [time] => 2026-03-11 11:58:00
)


Lists handlers registered (3 variants):
Array
(
    [time] => 2026-03-11 11:58:00
)


OnProlog triggered - registering handlers:
Array
(
    [time] => 2026-03-11 11:58:11
)


Lists handlers registered (3 variants):
Array
(
    [time] => 2026-03-11 11:58:11
)


OnProlog triggered - registering handlers:
Array
(
    [time] => 2026-03-11 11:58:31
)


Lists handlers registered (3 variants):
Array
(
    [time] => 2026-03-11 11:58:31
)


OnProlog triggered - registering handlers:
Array
(
    [time] => 2026-03-11 11:59:11
)


Lists handlers registered (3 variants):
Array
(
    [time] => 2026-03-11 11:59:11
)


OnProlog triggered - registering handlers:
Array
(
    [time] => 2026-03-11 12:11:28
)


Lists handlers registered (3 variants):
Array
(
    [time] => 2026-03-11 12:11:28
)


OnProlog triggered - registering handlers:
Array
(
    [time] => 2026-03-11 12:15:13
)


Lists handlers registered (3 variants):
Array
(
    [time] => 2026-03-11 12:15:13
)


OnProlog triggered - registering handlers:
Array
(
    [time] => 2026-03-11 12:15:34
)


Lists handlers registered (3 variants):
Array
(
    [time] => 2026-03-11 12:15:34
)


OnProlog triggered - registering handlers:
Array
(
    [time] => 2026-03-11 12:15:57
)


Lists handlers registered (3 variants):
Array
(
    [time] => 2026-03-11 12:15:57
)


OnProlog triggered - registering handlers:
Array
(
    [time] => 2026-03-11 12:16:22
)


Lists handlers registered (3 variants):
Array
(
    [time] => 2026-03-11 12:16:22
)


OnProlog triggered - registering handlers:
Array
(
    [time] => 2026-03-11 12:17:31
)


Lists handlers registered (3 variants):
Array
(
    [time] => 2026-03-11 12:17:31
)


OnProlog triggered - registering handlers:
Array
(
    [time] => 2026-03-11 12:17:53
)


Lists handlers registered (3 variants):
Array
(
    [time] => 2026-03-11 12:17:53
)


OnProlog triggered - registering handlers:
Array
(
    [time] => 2026-03-11 12:17:55
)


Lists handlers registered (3 variants):
Array
(
    [time] => 2026-03-11 12:17:55
)


OnProlog triggered - registering handlers:
Array
(
    [time] => 2026-03-11 12:18:31
)


Lists handlers registered (3 variants):
Array
(
    [time] => 2026-03-11 12:18:31
)


OnProlog triggered - registering handlers:
Array
(
    [time] => 2026-03-11 12:19:31
)


Lists handlers registered (3 variants):
Array
(
    [time] => 2026-03-11 12:19:31
)


OnProlog triggered - registering handlers:
Array
(
    [time] => 2026-03-11 12:22:36
)


Lists handlers registered (3 variants):
Array
(
    [time] => 2026-03-11 12:22:36
)


OnProlog triggered - registering handlers:
Array
(
    [time] => 2026-03-11 12:23:54
)


Lists handlers registered (3 variants):
Array
(
    [time] => 2026-03-11 12:23:54
)


OnProlog triggered - registering handlers:
Array
(
    [time] => 2026-03-11 12:25:28
)


Lists handlers registered (3 variants):
Array
(
    [time] => 2026-03-11 12:25:28
)


OnProlog triggered - registering handlers:
Array
(
    [time] => 2026-03-11 12:26:04
)


Lists handlers registered (3 variants):
Array
(
    [time] => 2026-03-11 12:26:04
)


OnProlog triggered - registering handlers:
Array
(
    [time] => 2026-03-11 12:26:34
)


Lists handlers registered (3 variants):
Array
(
    [time] => 2026-03-11 12:26:34
)


OnProlog triggered - registering handlers:
Array
(
    [time] => 2026-03-11 12:27:11
)


Lists handlers registered (3 variants):
Array
(
    [time] => 2026-03-11 12:27:11
)


OnProlog triggered - registering handlers:
Array
(
    [time] => 2026-03-11 12:28:26
)


Lists handlers registered (3 variants):
Array
(
    [time] => 2026-03-11 12:28:26
)


OnProlog triggered - registering handlers:
Array
(
    [time] => 2026-03-11 12:28:33
)


Lists handlers registered (3 variants):
Array
(
    [time] => 2026-03-11 12:28:33
)


OnProlog triggered - registering handlers:
Array
(
    [time] => 2026-03-11 12:29:21
)


Lists handlers registered (3 variants):
Array
(
    [time] => 2026-03-11 12:29:21
)


OnProlog triggered - registering handlers:
Array
(
    [time] => 2026-03-11 12:29:22
)


Lists handlers registered (3 variants):
Array
(
    [time] => 2026-03-11 12:29:22
)


OnProlog triggered - registering handlers:
Array
(
    [time] => 2026-03-11 12:29:22
)


Lists handlers registered (3 variants):
Array
(
    [time] => 2026-03-11 12:29:22
)


OnProlog triggered - registering handlers:
Array
(
    [time] => 2026-03-11 12:29:22
)


Lists handlers registered (3 variants):
Array
(
    [time] => 2026-03-11 12:29:22
)


OnProlog triggered - registering handlers:
Array
(
    [time] => 2026-03-11 12:29:24
)


Lists handlers registered (3 variants):
Array
(
    [time] => 2026-03-11 12:29:24
)


OnProlog triggered - registering handlers:
Array
(
    [time] => 2026-03-11 12:29:31
)


Lists handlers registered (3 variants):
Array
(
    [time] => 2026-03-11 12:29:31
)


OnProlog triggered - registering handlers:
Array
(
    [time] => 2026-03-11 12:29:33
)


Lists handlers registered (3 variants):
Array
(
    [time] => 2026-03-11 12:29:33
)


OnProlog triggered - registering handlers:
Array
(
    [time] => 2026-03-11 12:30:31
)


Lists handlers registered (3 variants):
Array
(
    [time] => 2026-03-11 12:30:31
)


OnProlog triggered - registering handlers:
Array
(
    [time] => 2026-03-11 12:35:22
)


Lists handlers registered (3 variants):
Array
(
    [time] => 2026-03-11 12:35:22
)


OnProlog triggered - registering handlers:
Array
(
    [time] => 2026-03-11 12:35:52
)


Lists handlers registered (3 variants):
Array
(
    [time] => 2026-03-11 12:35:52
)


OnProlog triggered - registering handlers:
Array
(
    [time] => 2026-03-11 12:36:22
)


Lists handlers registered (3 variants):
Array
(
    [time] => 2026-03-11 12:36:22
)


OnProlog triggered - registering handlers:
Array
(
    [time] => 2026-03-11 12:36:26
)


Lists handlers registered (3 variants):
Array
(
    [time] => 2026-03-11 12:36:26
)


OnProlog triggered - registering handlers:
Array
(
    [time] => 2026-03-11 12:36:32
)


Lists handlers registered (3 variants):
Array
(
    [time] => 2026-03-11 12:36:32
)


OnProlog triggered - registering handlers:
Array
(
    [time] => 2026-03-11 12:36:38
)


Lists handlers registered (3 variants):
Array
(
    [time] => 2026-03-11 12:36:38
)


OnProlog triggered - registering handlers:
Array
(
    [time] => 2026-03-11 12:36:40
)


Lists handlers registered (3 variants):
Array
(
    [time] => 2026-03-11 12:36:40
)


OnProlog triggered - registering handlers:
Array
(
    [time] => 2026-03-11 12:36:40
)


Lists handlers registered (3 variants):
Array
(
    [time] => 2026-03-11 12:36:40
)


OnProlog triggered - registering handlers:
Array
(
    [time] => 2026-03-11 12:37:07
)


Lists handlers registered (3 variants):
Array
(
    [time] => 2026-03-11 12:37:07
)


OnProlog triggered - registering handlers:
Array
(
    [time] => 2026-03-11 12:37:08
)


Lists handlers registered (3 variants):
Array
(
    [time] => 2026-03-11 12:37:08
)


OnProlog triggered - registering handlers:
Array
(
    [time] => 2026-03-11 12:37:09
)


Lists handlers registered (3 variants):
Array
(
    [time] => 2026-03-11 12:37:09
)


OnProlog triggered - registering handlers:
Array
(
    [time] => 2026-03-11 12:37:09
)


Lists handlers registered (3 variants):
Array
(
    [time] => 2026-03-11 12:37:09
)


OnProlog triggered - registering handlers:
Array
(
    [time] => 2026-03-11 12:37:15
)


Lists handlers registered (3 variants):
Array
(
    [time] => 2026-03-11 12:37:15
)


OnProlog triggered - registering handlers:
Array
(
    [time] => 2026-03-11 12:37:16
)


Lists handlers registered (3 variants):
Array
(
    [time] => 2026-03-11 12:37:16
)


OnProlog triggered - registering handlers:
Array
(
    [time] => 2026-03-11 12:37:17
)


Lists handlers registered (3 variants):
Array
(
    [time] => 2026-03-11 12:37:17
)


OnProlog triggered - registering handlers:
Array
(
    [time] => 2026-03-11 12:37:17
)


Lists handlers registered (3 variants):
Array
(
    [time] => 2026-03-11 12:37:17
)


OnProlog triggered - registering handlers:
Array
(
    [time] => 2026-03-11 12:37:21
)


Lists handlers registered (3 variants):
Array
(
    [time] => 2026-03-11 12:37:21
)


OnProlog triggered - registering handlers:
Array
(
    [time] => 2026-03-11 12:37:21
)


Lists handlers registered (3 variants):
Array
(
    [time] => 2026-03-11 12:37:21
)


OnProlog triggered - registering handlers:
Array
(
    [time] => 2026-03-11 12:37:21
)


Lists handlers registered (3 variants):
Array
(
    [time] => 2026-03-11 12:37:21
)


OnProlog triggered - registering handlers:
Array
(
    [time] => 2026-03-11 12:37:22
)


Lists handlers registered (3 variants):
Array
(
    [time] => 2026-03-11 12:37:22
)


OnProlog triggered - registering handlers:
Array
(
    [time] => 2026-03-11 12:37:23
)


Lists handlers registered (3 variants):
Array
(
    [time] => 2026-03-11 12:37:23
)


OnProlog triggered - registering handlers:
Array
(
    [time] => 2026-03-11 12:37:24
)


Lists handlers registered (3 variants):
Array
(
    [time] => 2026-03-11 12:37:24
)


OnProlog triggered - registering handlers:
Array
(
    [time] => 2026-03-11 12:37:26
)


Lists handlers registered (3 variants):
Array
(
    [time] => 2026-03-11 12:37:26
)


OnProlog triggered - registering handlers:
Array
(
    [time] => 2026-03-11 12:37:28
)


Lists handlers registered (3 variants):
Array
(
    [time] => 2026-03-11 12:37:28
)


OnProlog triggered - registering handlers:
Array
(
    [time] => 2026-03-11 12:37:28
)


Lists handlers registered (3 variants):
Array
(
    [time] => 2026-03-11 12:37:28
)


OnProlog triggered - registering handlers:
Array
(
    [time] => 2026-03-11 12:37:35
)


Lists handlers registered (3 variants):
Array
(
    [time] => 2026-03-11 12:37:35
)


OnProlog triggered - registering handlers:
Array
(
    [time] => 2026-03-11 12:37:36
)


Lists handlers registered (3 variants):
Array
(
    [time] => 2026-03-11 12:37:36
)


OnProlog triggered - registering handlers:
Array
(
    [time] => 2026-03-11 12:37:37
)


Lists handlers registered (3 variants):
Array
(
    [time] => 2026-03-11 12:37:37
)


OnProlog triggered - registering handlers:
Array
(
    [time] => 2026-03-11 12:37:48
)


Lists handlers registered (3 variants):
Array
(
    [time] => 2026-03-11 12:37:48
)


OnProlog triggered - registering handlers:
Array
(
    [time] => 2026-03-11 12:38:09
)


Lists handlers registered (3 variants):
Array
(
    [time] => 2026-03-11 12:38:09
)


OnProlog triggered - registering handlers:
Array
(
    [time] => 2026-03-11 12:38:30
)


Lists handlers registered (3 variants):
Array
(
    [time] => 2026-03-11 12:38:30
)


OnProlog triggered - registering handlers:
Array
(
    [time] => 2026-03-11 12:38:37
)


Lists handlers registered (3 variants):
Array
(
    [time] => 2026-03-11 12:38:37
)


OnProlog triggered - registering handlers:
Array
(
    [time] => 2026-03-11 12:38:48
)


Lists handlers registered (3 variants):
Array
(
    [time] => 2026-03-11 12:38:48
)


OnProlog triggered - registering handlers:
Array
(
    [time] => 2026-03-11 12:38:55
)


Lists handlers registered (3 variants):
Array
(
    [time] => 2026-03-11 12:38:55
)


OnProlog triggered - registering handlers:
Array
(
    [time] => 2026-03-11 12:39:04
)


Lists handlers registered (3 variants):
Array
(
    [time] => 2026-03-11 12:39:04
)


OnProlog triggered - registering handlers:
Array
(
    [time] => 2026-03-11 12:39:09
)


Lists handlers registered (3 variants):
Array
(
    [time] => 2026-03-11 12:39:09
)


OnProlog triggered - registering handlers:
Array
(
    [time] => 2026-03-11 12:39:09
)


Lists handlers registered (3 variants):
Array
(
    [time] => 2026-03-11 12:39:09
)


OnProlog triggered - registering handlers:
Array
(
    [time] => 2026-03-11 12:39:09
)


Lists handlers registered (3 variants):
Array
(
    [time] => 2026-03-11 12:39:09
)


OnProlog triggered - registering handlers:
Array
(
    [time] => 2026-03-11 12:39:10
)


Lists handlers registered (3 variants):
Array
(
    [time] => 2026-03-11 12:39:10
)


OnProlog triggered - registering handlers:
Array
(
    [time] => 2026-03-11 12:39:11
)


Lists handlers registered (3 variants):
Array
(
    [time] => 2026-03-11 12:39:11
)


OnProlog triggered - registering handlers:
Array
(
    [time] => 2026-03-11 12:39:11
)


Lists handlers registered (3 variants):
Array
(
    [time] => 2026-03-11 12:39:11
)


OnProlog triggered - registering handlers:
Array
(
    [time] => 2026-03-11 12:39:13
)


Lists handlers registered (3 variants):
Array
(
    [time] => 2026-03-11 12:39:13
)


OnProlog triggered - registering handlers:
Array
(
    [time] => 2026-03-11 12:39:13
)


Lists handlers registered (3 variants):
Array
(
    [time] => 2026-03-11 12:39:13
)


OnProlog triggered - registering handlers:
Array
(
    [time] => 2026-03-11 12:39:14
)


Lists handlers registered (3 variants):
Array
(
    [time] => 2026-03-11 12:39:14
)


OnProlog triggered - registering handlers:
Array
(
    [time] => 2026-03-11 12:39:16
)


Lists handlers registered (3 variants):
Array
(
    [time] => 2026-03-11 12:39:16
)


OnProlog triggered - registering handlers:
Array
(
    [time] => 2026-03-11 12:39:17
)


Lists handlers registered (3 variants):
Array
(
    [time] => 2026-03-11 12:39:17
)


OnProlog triggered - registering handlers:
Array
(
    [time] => 2026-03-11 12:39:18
)


Lists handlers registered (3 variants):
Array
(
    [time] => 2026-03-11 12:39:18
)


OnProlog triggered - registering handlers:
Array
(
    [time] => 2026-03-11 12:39:25
)


Lists handlers registered (3 variants):
Array
(
    [time] => 2026-03-11 12:39:25
)


OnProlog triggered - registering handlers:
Array
(
    [time] => 2026-03-11 12:39:28
)


Lists handlers registered (3 variants):
Array
(
    [time] => 2026-03-11 12:39:28
)


OnProlog triggered - registering handlers:
Array
(
    [time] => 2026-03-11 12:39:30
)


Lists handlers registered (3 variants):
Array
(
    [time] => 2026-03-11 12:39:30
)


OnProlog triggered - registering handlers:
Array
(
    [time] => 2026-03-11 12:39:30
)


Lists handlers registered (3 variants):
Array
(
    [time] => 2026-03-11 12:39:30
)


OnProlog triggered - registering handlers:
Array
(
    [time] => 2026-03-11 12:39:31
)


Lists handlers registered (3 variants):
Array
(
    [time] => 2026-03-11 12:39:31
)


OnProlog triggered - registering handlers:
Array
(
    [time] => 2026-03-11 12:39:32
)


Lists handlers registered (3 variants):
Array
(
    [time] => 2026-03-11 12:39:32
)


OnProlog triggered - registering handlers:
Array
(
    [time] => 2026-03-11 12:39:32
)


Lists handlers registered (3 variants):
Array
(
    [time] => 2026-03-11 12:39:32
)


OnProlog triggered - registering handlers:
Array
(
    [time] => 2026-03-11 12:39:34
)


Lists handlers registered (3 variants):
Array
(
    [time] => 2026-03-11 12:39:34
)


OnProlog triggered - registering handlers:
Array
(
    [time] => 2026-03-11 12:39:35
)


Lists handlers registered (3 variants):
Array
(
    [time] => 2026-03-11 12:39:35
)


OnProlog triggered - registering handlers:
Array
(
    [time] => 2026-03-11 12:39:36
)


Lists handlers registered (3 variants):
Array
(
    [time] => 2026-03-11 12:39:36
)


OnProlog triggered - registering handlers:
Array
(
    [time] => 2026-03-11 12:39:37
)


Lists handlers registered (3 variants):
Array
(
    [time] => 2026-03-11 12:39:37
)


OnProlog triggered - registering handlers:
Array
(
    [time] => 2026-03-11 12:40:14
)


Lists handlers registered (3 variants):
Array
(
    [time] => 2026-03-11 12:40:14
)


OnProlog triggered - registering handlers:
Array
(
    [time] => 2026-03-11 12:40:33
)


Lists handlers registered (3 variants):
Array
(
    [time] => 2026-03-11 12:40:33
)


OnProlog triggered - registering handlers:
Array
(
    [time] => 2026-03-11 12:41:01
)


Lists handlers registered (3 variants):
Array
(
    [time] => 2026-03-11 12:41:01
)


OnProlog triggered - registering handlers:
Array
(
    [time] => 2026-03-11 12:41:02
)


Lists handlers registered (3 variants):
Array
(
    [time] => 2026-03-11 12:41:02
)


OnProlog triggered - registering handlers:
Array
(
    [time] => 2026-03-11 12:41:02
)


Lists handlers registered (3 variants):
Array
(
    [time] => 2026-03-11 12:41:02
)


OnProlog triggered - registering handlers:
Array
(
    [time] => 2026-03-11 12:41:03
)


Lists handlers registered (3 variants):
Array
(
    [time] => 2026-03-11 12:41:03
)


OnProlog triggered - registering handlers:
Array
(
    [time] => 2026-03-11 12:41:04
)


Lists handlers registered (3 variants):
Array
(
    [time] => 2026-03-11 12:41:04
)


OnProlog triggered - registering handlers:
Array
(
    [time] => 2026-03-11 12:41:13
)


Lists handlers registered (3 variants):
Array
(
    [time] => 2026-03-11 12:41:13
)


OnProlog triggered - registering handlers:
Array
(
    [time] => 2026-03-11 12:41:17
)


Lists handlers registered (3 variants):
Array
(
    [time] => 2026-03-11 12:41:17
)


OnProlog triggered - registering handlers:
Array
(
    [time] => 2026-03-11 12:41:19
)


Lists handlers registered (3 variants):
Array
(
    [time] => 2026-03-11 12:41:19
)


OnProlog triggered - registering handlers:
Array
(
    [time] => 2026-03-11 12:41:21
)


Lists handlers registered (3 variants):
Array
(
    [time] => 2026-03-11 12:41:21
)


OnProlog triggered - registering handlers:
Array
(
    [time] => 2026-03-11 12:41:21
)


Lists handlers registered (3 variants):
Array
(
    [time] => 2026-03-11 12:41:21
)


OnProlog triggered - registering handlers:
Array
(
    [time] => 2026-03-11 12:41:22
)


Lists handlers registered (3 variants):
Array
(
    [time] => 2026-03-11 12:41:22
)


OnProlog triggered - registering handlers:
Array
(
    [time] => 2026-03-11 12:41:24
)


Lists handlers registered (3 variants):
Array
(
    [time] => 2026-03-11 12:41:24
)


OnProlog triggered - registering handlers:
Array
(
    [time] => 2026-03-11 12:41:26
)


Lists handlers registered (3 variants):
Array
(
    [time] => 2026-03-11 12:41:26
)


OnProlog triggered - registering handlers:
Array
(
    [time] => 2026-03-11 12:41:26
)


Lists handlers registered (3 variants):
Array
(
    [time] => 2026-03-11 12:41:26
)


OnProlog triggered - registering handlers:
Array
(
    [time] => 2026-03-11 12:41:29
)


Lists handlers registered (3 variants):
Array
(
    [time] => 2026-03-11 12:41:29
)


OnProlog triggered - registering handlers:
Array
(
    [time] => 2026-03-11 12:41:30
)


Lists handlers registered (3 variants):
Array
(
    [time] => 2026-03-11 12:41:30
)


OnProlog triggered - registering handlers:
Array
(
    [time] => 2026-03-11 12:41:30
)


Lists handlers registered (3 variants):
Array
(
    [time] => 2026-03-11 12:41:30
)


OnProlog triggered - registering handlers:
Array
(
    [time] => 2026-03-11 12:41:31
)


Lists handlers registered (3 variants):
Array
(
    [time] => 2026-03-11 12:41:31
)


OnProlog triggered - registering handlers:
Array
(
    [time] => 2026-03-11 12:41:31
)


Lists handlers registered (3 variants):
Array
(
    [time] => 2026-03-11 12:41:31
)


OnProlog triggered - registering handlers:
Array
(
    [time] => 2026-03-11 12:41:53
)


Lists handlers registered (3 variants):
Array
(
    [time] => 2026-03-11 12:41:53
)


OnProlog triggered - registering handlers:
Array
(
    [time] => 2026-03-11 12:41:59
)


Lists handlers registered (3 variants):
Array
(
    [time] => 2026-03-11 12:41:59
)


OnProlog triggered - registering handlers:
Array
(
    [time] => 2026-03-11 12:42:19
)


Lists handlers registered (3 variants):
Array
(
    [time] => 2026-03-11 12:42:19
)


OnProlog triggered - registering handlers:
Array
(
    [time] => 2026-03-11 12:42:22
)


Lists handlers registered (3 variants):
Array
(
    [time] => 2026-03-11 12:42:22
)


OnProlog triggered - registering handlers:
Array
(
    [time] => 2026-03-11 12:42:23
)


Lists handlers registered (3 variants):
Array
(
    [time] => 2026-03-11 12:42:23
)


OnProlog triggered - registering handlers:
Array
(
    [time] => 2026-03-11 12:42:24
)


Lists handlers registered (3 variants):
Array
(
    [time] => 2026-03-11 12:42:24
)


OnProlog triggered - registering handlers:
Array
(
    [time] => 2026-03-11 12:42:24
)


Lists handlers registered (3 variants):
Array
(
    [time] => 2026-03-11 12:42:24
)


OnProlog triggered - registering handlers:
Array
(
    [time] => 2026-03-11 12:42:26
)


Lists handlers registered (3 variants):
Array
(
    [time] => 2026-03-11 12:42:26
)


OnProlog triggered - registering handlers:
Array
(
    [time] => 2026-03-11 12:42:29
)


Lists handlers registered (3 variants):
Array
(
    [time] => 2026-03-11 12:42:29
)


OnProlog triggered - registering handlers:
Array
(
    [time] => 2026-03-11 12:42:38
)


Lists handlers registered (3 variants):
Array
(
    [time] => 2026-03-11 12:42:38
)


OnProlog triggered - registering handlers:
Array
(
    [time] => 2026-03-11 12:42:40
)


Lists handlers registered (3 variants):
Array
(
    [time] => 2026-03-11 12:42:40
)


OnProlog triggered - registering handlers:
Array
(
    [time] => 2026-03-11 12:42:41
)


Lists handlers registered (3 variants):
Array
(
    [time] => 2026-03-11 12:42:41
)


OnProlog triggered - registering handlers:
Array
(
    [time] => 2026-03-11 12:42:42
)


Lists handlers registered (3 variants):
Array
(
    [time] => 2026-03-11 12:42:42
)


OnProlog triggered - registering handlers:
Array
(
    [time] => 2026-03-11 12:42:42
)


Lists handlers registered (3 variants):
Array
(
    [time] => 2026-03-11 12:42:42
)


OnProlog triggered - registering handlers:
Array
(
    [time] => 2026-03-11 12:42:44
)


Lists handlers registered (3 variants):
Array
(
    [time] => 2026-03-11 12:42:44
)


OnProlog triggered - registering handlers:
Array
(
    [time] => 2026-03-11 12:42:51
)


Lists handlers registered (3 variants):
Array
(
    [time] => 2026-03-11 12:42:51
)


OnProlog triggered - registering handlers:
Array
(
    [time] => 2026-03-11 12:42:53
)


Lists handlers registered (3 variants):
Array
(
    [time] => 2026-03-11 12:42:53
)


OnProlog triggered - registering handlers:
Array
(
    [time] => 2026-03-11 12:42:53
)


Lists handlers registered (3 variants):
Array
(
    [time] => 2026-03-11 12:42:53
)


OnProlog triggered - registering handlers:
Array
(
    [time] => 2026-03-11 12:43:09
)


Lists handlers registered (3 variants):
Array
(
    [time] => 2026-03-11 12:43:09
)


OnProlog triggered - registering handlers:
Array
(
    [time] => 2026-03-11 12:43:24
)


Lists handlers registered (3 variants):
Array
(
    [time] => 2026-03-11 12:43:24
)


OnProlog triggered - registering handlers:
Array
(
    [time] => 2026-03-11 12:43:26
)


Lists handlers registered (3 variants):
Array
(
    [time] => 2026-03-11 12:43:26
)


OnProlog triggered - registering handlers:
Array
(
    [time] => 2026-03-11 12:43:38
)


Lists handlers registered (3 variants):
Array
(
    [time] => 2026-03-11 12:43:38
)


OnProlog triggered - registering handlers:
Array
(
    [time] => 2026-03-11 12:43:42
)


Lists handlers registered (3 variants):
Array
(
    [time] => 2026-03-11 12:43:42
)


OnProlog triggered - registering handlers:
Array
(
    [time] => 2026-03-11 12:43:43
)


Lists handlers registered (3 variants):
Array
(
    [time] => 2026-03-11 12:43:43
)


OnProlog triggered - registering handlers:
Array
(
    [time] => 2026-03-11 12:43:44
)


Lists handlers registered (3 variants):
Array
(
    [time] => 2026-03-11 12:43:44
)


OnProlog triggered - registering handlers:
Array
(
    [time] => 2026-03-11 12:43:44
)


Lists handlers registered (3 variants):
Array
(
    [time] => 2026-03-11 12:43:44
)


OnProlog triggered - registering handlers:
Array
(
    [time] => 2026-03-11 12:43:49
)


Lists handlers registered (3 variants):
Array
(
    [time] => 2026-03-11 12:43:49
)


OnProlog triggered - registering handlers:
Array
(
    [time] => 2026-03-11 12:43:50
)


Lists handlers registered (3 variants):
Array
(
    [time] => 2026-03-11 12:43:50
)


OnProlog triggered - registering handlers:
Array
(
    [time] => 2026-03-11 12:43:51
)


Lists handlers registered (3 variants):
Array
(
    [time] => 2026-03-11 12:43:51
)


OnProlog triggered - registering handlers:
Array
(
    [time] => 2026-03-11 12:43:52
)


Lists handlers registered (3 variants):
Array
(
    [time] => 2026-03-11 12:43:52
)


OnProlog triggered - registering handlers:
Array
(
    [time] => 2026-03-11 12:43:52
)


Lists handlers registered (3 variants):
Array
(
    [time] => 2026-03-11 12:43:52
)


OnProlog triggered - registering handlers:
Array
(
    [time] => 2026-03-11 12:43:54
)


Lists handlers registered (3 variants):
Array
(
    [time] => 2026-03-11 12:43:54
)


OnProlog triggered - registering handlers:
Array
(
    [time] => 2026-03-11 12:43:56
)


Lists handlers registered (3 variants):
Array
(
    [time] => 2026-03-11 12:43:56
)


OnProlog triggered - registering handlers:
Array
(
    [time] => 2026-03-11 12:43:58
)


Lists handlers registered (3 variants):
Array
(
    [time] => 2026-03-11 12:43:58
)


OnProlog triggered - registering handlers:
Array
(
    [time] => 2026-03-11 12:43:58
)


Lists handlers registered (3 variants):
Array
(
    [time] => 2026-03-11 12:43:58
)


OnProlog triggered - registering handlers:
Array
(
    [time] => 2026-03-11 12:44:23
)


Lists handlers registered (3 variants):
Array
(
    [time] => 2026-03-11 12:44:23
)


OnProlog triggered - registering handlers:
Array
(
    [time] => 2026-03-11 12:44:26
)


Lists handlers registered (3 variants):
Array
(
    [time] => 2026-03-11 12:44:26
)


OnProlog triggered - registering handlers:
Array
(
    [time] => 2026-03-11 12:44:44
)


Lists handlers registered (3 variants):
Array
(
    [time] => 2026-03-11 12:44:44
)


OnProlog triggered - registering handlers:
Array
(
    [time] => 2026-03-11 12:44:44
)


Lists handlers registered (3 variants):
Array
(
    [time] => 2026-03-11 12:44:44
)


OnProlog triggered - registering handlers:
Array
(
    [time] => 2026-03-11 12:44:44
)


Lists handlers registered (3 variants):
Array
(
    [time] => 2026-03-11 12:44:44
)


OnProlog triggered - registering handlers:
Array
(
    [time] => 2026-03-11 12:45:00
)


Lists handlers registered (3 variants):
Array
(
    [time] => 2026-03-11 12:45:00
)


OnProlog triggered - registering handlers:
Array
(
    [time] => 2026-03-11 12:45:19
)


Lists handlers registered (3 variants):
Array
(
    [time] => 2026-03-11 12:45:19
)


OnProlog triggered - registering handlers:
Array
(
    [time] => 2026-03-11 12:45:19
)


Lists handlers registered (3 variants):
Array
(
    [time] => 2026-03-11 12:45:19
)


OnProlog triggered - registering handlers:
Array
(
    [time] => 2026-03-11 12:45:26
)


Lists handlers registered (3 variants):
Array
(
    [time] => 2026-03-11 12:45:26
)


OnProlog triggered - registering handlers:
Array
(
    [time] => 2026-03-11 12:45:26
)


Lists handlers registered (3 variants):
Array
(
    [time] => 2026-03-11 12:45:26
)


OnProlog triggered - registering handlers:
Array
(
    [time] => 2026-03-11 12:45:40
)


Lists handlers registered (3 variants):
Array
(
    [time] => 2026-03-11 12:45:40
)


OnProlog triggered - registering handlers:
Array
(
    [time] => 2026-03-11 12:45:45
)


Lists handlers registered (3 variants):
Array
(
    [time] => 2026-03-11 12:45:45
)


OnProlog triggered - registering handlers:
Array
(
    [time] => 2026-03-11 12:45:51
)


Lists handlers registered (3 variants):
Array
(
    [time] => 2026-03-11 12:45:51
)


OnProlog triggered - registering handlers:
Array
(
    [time] => 2026-03-11 12:46:04
)


Lists handlers registered (3 variants):
Array
(
    [time] => 2026-03-11 12:46:04
)


OnProlog triggered - registering handlers:
Array
(
    [time] => 2026-03-11 12:46:44
)


Lists handlers registered (3 variants):
Array
(
    [time] => 2026-03-11 12:46:44
)


OnProlog triggered - registering handlers:
Array
(
    [time] => 2026-03-11 12:46:56
)


Lists handlers registered (3 variants):
Array
(
    [time] => 2026-03-11 12:46:56
)


OnProlog triggered - registering handlers:
Array
(
    [time] => 2026-03-11 12:47:00
)


Lists handlers registered (3 variants):
Array
(
    [time] => 2026-03-11 12:47:00
)


OnProlog triggered - registering handlers:
Array
(
    [time] => 2026-03-11 12:47:39
)


Lists handlers registered (3 variants):
Array
(
    [time] => 2026-03-11 12:47:39
)


OnProlog triggered - registering handlers:
Array
(
    [time] => 2026-03-11 12:47:39
)


Lists handlers registered (3 variants):
Array
(
    [time] => 2026-03-11 12:47:39
)


OnProlog triggered - registering handlers:
Array
(
    [time] => 2026-03-11 12:47:44
)


Lists handlers registered (3 variants):
Array
(
    [time] => 2026-03-11 12:47:44
)


OnProlog triggered - registering handlers:
Array
(
    [time] => 2026-03-11 12:47:47
)


Lists handlers registered (3 variants):
Array
(
    [time] => 2026-03-11 12:47:47
)


OnProlog triggered - registering handlers:
Array
(
    [time] => 2026-03-11 12:47:51
)


Lists handlers registered (3 variants):
Array
(
    [time] => 2026-03-11 12:47:51
)


OnProlog triggered - registering handlers:
Array
(
    [time] => 2026-03-11 12:47:56
)


Lists handlers registered (3 variants):
Array
(
    [time] => 2026-03-11 12:47:56
)


OnProlog triggered - registering handlers:
Array
(
    [time] => 2026-03-11 12:48:08
)


Lists handlers registered (3 variants):
Array
(
    [time] => 2026-03-11 12:48:08
)


OnProlog triggered - registering handlers:
Array
(
    [time] => 2026-03-11 12:48:44
)


Lists handlers registered (3 variants):
Array
(
    [time] => 2026-03-11 12:48:44
)


OnProlog triggered - registering handlers:
Array
(
    [time] => 2026-03-11 12:49:10
)


Lists handlers registered (3 variants):
Array
(
    [time] => 2026-03-11 12:49:10
)


OnProlog triggered - registering handlers:
Array
(
    [time] => 2026-03-11 12:49:14
)


Lists handlers registered (3 variants):
Array
(
    [time] => 2026-03-11 12:49:14
)


OnProlog triggered - registering handlers:
Array
(
    [time] => 2026-03-11 12:49:20
)


Lists handlers registered (3 variants):
Array
(
    [time] => 2026-03-11 12:49:20
)


OnProlog triggered - registering handlers:
Array
(
    [time] => 2026-03-11 12:49:23
)


Lists handlers registered (3 variants):
Array
(
    [time] => 2026-03-11 12:49:23
)


OnProlog triggered - registering handlers:
Array
(
    [time] => 2026-03-11 12:49:28
)


Lists handlers registered (3 variants):
Array
(
    [time] => 2026-03-11 12:49:28
)


OnProlog triggered - registering handlers:
Array
(
    [time] => 2026-03-11 12:49:33
)


Lists handlers registered (3 variants):
Array
(
    [time] => 2026-03-11 12:49:33
)


OnProlog triggered - registering handlers:
Array
(
    [time] => 2026-03-11 12:49:43
)


Lists handlers registered (3 variants):
Array
(
    [time] => 2026-03-11 12:49:43
)


OnProlog triggered - registering handlers:
Array
(
    [time] => 2026-03-11 12:49:45
)


Lists handlers registered (3 variants):
Array
(
    [time] => 2026-03-11 12:49:45
)


OnProlog triggered - registering handlers:
Array
(
    [time] => 2026-03-11 12:50:34
)


Lists handlers registered (3 variants):
Array
(
    [time] => 2026-03-11 12:50:34
)


OnProlog triggered - registering handlers:
Array
(
    [time] => 2026-03-11 12:50:39
)


Lists handlers registered (3 variants):
Array
(
    [time] => 2026-03-11 12:50:39
)


OnProlog triggered - registering handlers:
Array
(
    [time] => 2026-03-11 12:50:44
)


Lists handlers registered (3 variants):
Array
(
    [time] => 2026-03-11 12:50:44
)


OnProlog triggered - registering handlers:
Array
(
    [time] => 2026-03-11 12:50:45
)


Lists handlers registered (3 variants):
Array
(
    [time] => 2026-03-11 12:50:45
)


OnProlog triggered - registering handlers:
Array
(
    [time] => 2026-03-11 12:51:34
)


Lists handlers registered (3 variants):
Array
(
    [time] => 2026-03-11 12:51:34
)


OnProlog triggered - registering handlers:
Array
(
    [time] => 2026-03-11 12:51:44
)


Lists handlers registered (3 variants):
Array
(
    [time] => 2026-03-11 12:51:44
)


OnProlog triggered - registering handlers:
Array
(
    [time] => 2026-03-11 12:56:17
)


Lists handlers registered (3 variants):
Array
(
    [time] => 2026-03-11 12:56:17
)


OnProlog triggered - registering handlers:
Array
(
    [time] => 2026-03-11 12:56:18
)


Lists handlers registered (3 variants):
Array
(
    [time] => 2026-03-11 12:56:18
)


OnProlog triggered - registering handlers:
Array
(
    [time] => 2026-03-11 12:57:34
)


Lists handlers registered (3 variants):
Array
(
    [time] => 2026-03-11 12:57:34
)


OnProlog triggered - registering handlers:
Array
(
    [time] => 2026-03-11 12:57:44
)


Lists handlers registered (3 variants):
Array
(
    [time] => 2026-03-11 12:57:44
)


OnProlog triggered - registering handlers:
Array
(
    [time] => 2026-03-11 12:58:07
)


Lists handlers registered (3 variants):
Array
(
    [time] => 2026-03-11 12:58:07
)


OnProlog triggered - registering handlers:
Array
(
    [time] => 2026-03-11 12:58:10
)


Lists handlers registered (3 variants):
Array
(
    [time] => 2026-03-11 12:58:10
)


OnProlog triggered - registering handlers:
Array
(
    [time] => 2026-03-11 12:58:19
)


Lists handlers registered (3 variants):
Array
(
    [time] => 2026-03-11 12:58:19
)


OnProlog triggered - registering handlers:
Array
(
    [time] => 2026-03-11 12:58:21
)


Lists handlers registered (3 variants):
Array
(
    [time] => 2026-03-11 12:58:21
)


OnProlog triggered - registering handlers:
Array
(
    [time] => 2026-03-11 12:58:21
)


Lists handlers registered (3 variants):
Array
(
    [time] => 2026-03-11 12:58:21
)


OnProlog triggered - registering handlers:
Array
(
    [time] => 2026-03-11 12:58:22
)


Lists handlers registered (3 variants):
Array
(
    [time] => 2026-03-11 12:58:22
)


OnProlog triggered - registering handlers:
Array
(
    [time] => 2026-03-11 12:58:23
)


Lists handlers registered (3 variants):
Array
(
    [time] => 2026-03-11 12:58:23
)


OnProlog triggered - registering handlers:
Array
(
    [time] => 2026-03-11 12:58:28
)


Lists handlers registered (3 variants):
Array
(
    [time] => 2026-03-11 12:58:28
)


OnProlog triggered - registering handlers:
Array
(
    [time] => 2026-03-11 12:58:31
)


Lists handlers registered (3 variants):
Array
(
    [time] => 2026-03-11 12:58:31
)


OnProlog triggered - registering handlers:
Array
(
    [time] => 2026-03-11 12:58:31
)


Lists handlers registered (3 variants):
Array
(
    [time] => 2026-03-11 12:58:31
)


OnProlog triggered - registering handlers:
Array
(
    [time] => 2026-03-11 12:58:32
)


Lists handlers registered (3 variants):
Array
(
    [time] => 2026-03-11 12:58:32
)


OnProlog triggered - registering handlers:
Array
(
    [time] => 2026-03-11 12:58:33
)


Lists handlers registered (3 variants):
Array
(
    [time] => 2026-03-11 12:58:33
)


OnProlog triggered - registering handlers:
Array
(
    [time] => 2026-03-11 12:58:34
)


Lists handlers registered (3 variants):
Array
(
    [time] => 2026-03-11 12:58:34
)


OnProlog triggered - registering handlers:
Array
(
    [time] => 2026-03-11 12:58:34
)


Lists handlers registered (3 variants):
Array
(
    [time] => 2026-03-11 12:58:34
)


OnProlog triggered - registering handlers:
Array
(
    [time] => 2026-03-11 12:58:41
)


Lists handlers registered (3 variants):
Array
(
    [time] => 2026-03-11 12:58:41
)


OnProlog triggered - registering handlers:
Array
(
    [time] => 2026-03-11 12:58:42
)


Lists handlers registered (3 variants):
Array
(
    [time] => 2026-03-11 12:58:42
)


OnProlog triggered - registering handlers:
Array
(
    [time] => 2026-03-11 12:58:42
)


Lists handlers registered (3 variants):
Array
(
    [time] => 2026-03-11 12:58:42
)


OnProlog triggered - registering handlers:
Array
(
    [time] => 2026-03-11 12:58:43
)


Lists handlers registered (3 variants):
Array
(
    [time] => 2026-03-11 12:58:43
)


OnProlog triggered - registering handlers:
Array
(
    [time] => 2026-03-11 12:59:16
)


Lists handlers registered (3 variants):
Array
(
    [time] => 2026-03-11 12:59:16
)


OnProlog triggered - registering handlers:
Array
(
    [time] => 2026-03-11 12:59:17
)


Lists handlers registered (3 variants):
Array
(
    [time] => 2026-03-11 12:59:17
)


OnProlog triggered - registering handlers:
Array
(
    [time] => 2026-03-11 12:59:17
)


Lists handlers registered (3 variants):
Array
(
    [time] => 2026-03-11 12:59:17
)


OnProlog triggered - registering handlers:
Array
(
    [time] => 2026-03-11 12:59:19
)


Lists handlers registered (3 variants):
Array
(
    [time] => 2026-03-11 12:59:19
)


OnProlog triggered - registering handlers:
Array
(
    [time] => 2026-03-11 12:59:19
)


Lists handlers registered (3 variants):
Array
(
    [time] => 2026-03-11 12:59:19
)


OnProlog triggered - registering handlers:
Array
(
    [time] => 2026-03-11 12:59:20
)


Lists handlers registered (3 variants):
Array
(
    [time] => 2026-03-11 12:59:20
)


OnProlog triggered - registering handlers:
Array
(
    [time] => 2026-03-11 12:59:26
)


Lists handlers registered (3 variants):
Array
(
    [time] => 2026-03-11 12:59:26
)


OnProlog triggered - registering handlers:
Array
(
    [time] => 2026-03-11 12:59:28
)


Lists handlers registered (3 variants):
Array
(
    [time] => 2026-03-11 12:59:28
)


OnProlog triggered - registering handlers:
Array
(
    [time] => 2026-03-11 12:59:28
)


Lists handlers registered (3 variants):
Array
(
    [time] => 2026-03-11 12:59:28
)


OnProlog triggered - registering handlers:
Array
(
    [time] => 2026-03-11 12:59:28
)


Lists handlers registered (3 variants):
Array
(
    [time] => 2026-03-11 12:59:28
)


OnProlog triggered - registering handlers:
Array
(
    [time] => 2026-03-11 12:59:52
)


Lists handlers registered (3 variants):
Array
(
    [time] => 2026-03-11 12:59:52
)


OnProlog triggered - registering handlers:
Array
(
    [time] => 2026-03-11 12:59:54
)


Lists handlers registered (3 variants):
Array
(
    [time] => 2026-03-11 12:59:54
)


OnProlog triggered - registering handlers:
Array
(
    [time] => 2026-03-11 12:59:55
)


Lists handlers registered (3 variants):
Array
(
    [time] => 2026-03-11 12:59:55
)


OnProlog triggered - registering handlers:
Array
(
    [time] => 2026-03-11 12:59:59
)


Lists handlers registered (3 variants):
Array
(
    [time] => 2026-03-11 12:59:59
)


OnProlog triggered - registering handlers:
Array
(
    [time] => 2026-03-11 13:00:00
)


Lists handlers registered (3 variants):
Array
(
    [time] => 2026-03-11 13:00:00
)


OnProlog triggered - registering handlers:
Array
(
    [time] => 2026-03-11 13:00:10
)


Lists handlers registered (3 variants):
Array
(
    [time] => 2026-03-11 13:00:10
)


OnProlog triggered - registering handlers:
Array
(
    [time] => 2026-03-11 13:00:11
)


Lists handlers registered (3 variants):
Array
(
    [time] => 2026-03-11 13:00:11
)


OnProlog triggered - registering handlers:
Array
(
    [time] => 2026-03-11 13:00:28
)


Lists handlers registered (3 variants):
Array
(
    [time] => 2026-03-11 13:00:28
)


OnProlog triggered - registering handlers:
Array
(
    [time] => 2026-03-11 13:00:46
)


Lists handlers registered (3 variants):
Array
(
    [time] => 2026-03-11 13:00:46
)


OnProlog triggered - registering handlers:
Array
(
    [time] => 2026-03-11 13:01:28
)


Lists handlers registered (3 variants):
Array
(
    [time] => 2026-03-11 13:01:28
)


OnProlog triggered - registering handlers:
Array
(
    [time] => 2026-03-11 13:02:47
)


Lists handlers registered (3 variants):
Array
(
    [time] => 2026-03-11 13:02:47
)


OnProlog triggered - registering handlers:
Array
(
    [time] => 2026-03-11 13:03:04
)


Lists handlers registered (3 variants):
Array
(
    [time] => 2026-03-11 13:03:04
)


OnProlog triggered - registering handlers:
Array
(
    [time] => 2026-03-11 13:03:29
)


Lists handlers registered (3 variants):
Array
(
    [time] => 2026-03-11 13:03:29
)


OnProlog triggered - registering handlers:
Array
(
    [time] => 2026-03-11 13:03:42
)


Lists handlers registered (3 variants):
Array
(
    [time] => 2026-03-11 13:03:42
)


OnProlog triggered - registering handlers:
Array
(
    [time] => 2026-03-11 13:03:46
)


Lists handlers registered (3 variants):
Array
(
    [time] => 2026-03-11 13:03:46
)


OnProlog triggered - registering handlers:
Array
(
    [time] => 2026-03-11 13:03:47
)


Lists handlers registered (3 variants):
Array
(
    [time] => 2026-03-11 13:03:47
)


OnProlog triggered - registering handlers:
Array
(
    [time] => 2026-03-11 13:03:47
)


Lists handlers registered (3 variants):
Array
(
    [time] => 2026-03-11 13:03:47
)


OnProlog triggered - registering handlers:
Array
(
    [time] => 2026-03-11 13:03:47
)


Lists handlers registered (3 variants):
Array
(
    [time] => 2026-03-11 13:03:47
)


OnProlog triggered - registering handlers:
Array
(
    [time] => 2026-03-11 13:03:47
)


Lists handlers registered (3 variants):
Array
(
    [time] => 2026-03-11 13:03:47
)


OnProlog triggered - registering handlers:
Array
(
    [time] => 2026-03-11 13:03:59
)


Lists handlers registered (3 variants):
Array
(
    [time] => 2026-03-11 13:03:59
)


OnProlog triggered - registering handlers:
Array
(
    [time] => 2026-03-11 13:04:14
)


Lists handlers registered (3 variants):
Array
(
    [time] => 2026-03-11 13:04:14
)


OnProlog triggered - registering handlers:
Array
(
    [time] => 2026-03-11 13:04:14
)


Lists handlers registered (3 variants):
Array
(
    [time] => 2026-03-11 13:04:14
)


OnProlog triggered - registering handlers:
Array
(
    [time] => 2026-03-11 13:04:14
)


Lists handlers registered (3 variants):
Array
(
    [time] => 2026-03-11 13:04:14
)


OnProlog triggered - registering handlers:
Array
(
    [time] => 2026-03-11 13:04:14
)


Lists handlers registered (3 variants):
Array
(
    [time] => 2026-03-11 13:04:14
)


OnProlog triggered - registering handlers:
Array
(
    [time] => 2026-03-11 13:04:45
)


Lists handlers registered (3 variants):
Array
(
    [time] => 2026-03-11 13:04:45
)


OnProlog triggered - registering handlers:
Array
(
    [time] => 2026-03-11 13:04:47
)


Lists handlers registered (3 variants):
Array
(
    [time] => 2026-03-11 13:04:47
)


OnProlog triggered - registering handlers:
Array
(
    [time] => 2026-03-11 13:04:47
)


Lists handlers registered (3 variants):
Array
(
    [time] => 2026-03-11 13:04:47
)


OnProlog triggered - registering handlers:
Array
(
    [time] => 2026-03-11 13:04:59
)


Lists handlers registered (3 variants):
Array
(
    [time] => 2026-03-11 13:04:59
)


OnProlog triggered - registering handlers:
Array
(
    [time] => 2026-03-11 13:05:04
)


Lists handlers registered (3 variants):
Array
(
    [time] => 2026-03-11 13:05:04
)


OnProlog triggered - registering handlers:
Array
(
    [time] => 2026-03-11 13:05:07
)


Lists handlers registered (3 variants):
Array
(
    [time] => 2026-03-11 13:05:07
)


OnProlog triggered - registering handlers:
Array
(
    [time] => 2026-03-11 13:05:09
)


Lists handlers registered (3 variants):
Array
(
    [time] => 2026-03-11 13:05:09
)


OnProlog triggered - registering handlers:
Array
(
    [time] => 2026-03-11 13:05:10
)


Lists handlers registered (3 variants):
Array
(
    [time] => 2026-03-11 13:05:10
)


OnProlog triggered - registering handlers:
Array
(
    [time] => 2026-03-11 13:05:10
)


Lists handlers registered (3 variants):
Array
(
    [time] => 2026-03-11 13:05:10
)


OnProlog triggered - registering handlers:
Array
(
    [time] => 2026-03-11 13:05:10
)


Lists handlers registered (3 variants):
Array
(
    [time] => 2026-03-11 13:05:10
)


OnProlog triggered - registering handlers:
Array
(
    [time] => 2026-03-11 13:05:19
)


Lists handlers registered (3 variants):
Array
(
    [time] => 2026-03-11 13:05:19
)


OnProlog triggered - registering handlers:
Array
(
    [time] => 2026-03-11 13:05:47
)


Lists handlers registered (3 variants):
Array
(
    [time] => 2026-03-11 13:05:47
)


OnProlog triggered - registering handlers:
Array
(
    [time] => 2026-03-11 13:06:03
)


Lists handlers registered (3 variants):
Array
(
    [time] => 2026-03-11 13:06:03
)


OnProlog triggered - registering handlers:
Array
(
    [time] => 2026-03-11 13:06:34
)


Lists handlers registered (3 variants):
Array
(
    [time] => 2026-03-11 13:06:34
)


OnProlog triggered - registering handlers:
Array
(
    [time] => 2026-03-11 13:06:39
)


Lists handlers registered (3 variants):
Array
(
    [time] => 2026-03-11 13:06:39
)


OnProlog triggered - registering handlers:
Array
(
    [time] => 2026-03-11 13:06:39
)


Lists handlers registered (3 variants):
Array
(
    [time] => 2026-03-11 13:06:39
)


OnProlog triggered - registering handlers:
Array
(
    [time] => 2026-03-11 13:06:40
)


Lists handlers registered (3 variants):
Array
(
    [time] => 2026-03-11 13:06:40
)


OnProlog triggered - registering handlers:
Array
(
    [time] => 2026-03-11 13:06:41
)


Lists handlers registered (3 variants):
Array
(
    [time] => 2026-03-11 13:06:41
)


OnProlog triggered - registering handlers:
Array
(
    [time] => 2026-03-11 13:06:43
)


Lists handlers registered (3 variants):
Array
(
    [time] => 2026-03-11 13:06:43
)


OnProlog triggered - registering handlers:
Array
(
    [time] => 2026-03-11 13:06:51
)


Lists handlers registered (3 variants):
Array
(
    [time] => 2026-03-11 13:06:51
)


OnProlog triggered - registering handlers:
Array
(
    [time] => 2026-03-11 13:06:52
)


Lists handlers registered (3 variants):
Array
(
    [time] => 2026-03-11 13:06:52
)


OnProlog triggered - registering handlers:
Array
(
    [time] => 2026-03-11 13:06:54
)


Lists handlers registered (3 variants):
Array
(
    [time] => 2026-03-11 13:06:54
)


OnProlog triggered - registering handlers:
Array
(
    [time] => 2026-03-11 13:06:54
)


Lists handlers registered (3 variants):
Array
(
    [time] => 2026-03-11 13:06:54
)


OnProlog triggered - registering handlers:
Array
(
    [time] => 2026-03-11 13:06:55
)


Lists handlers registered (3 variants):
Array
(
    [time] => 2026-03-11 13:06:55
)


OnProlog triggered - registering handlers:
Array
(
    [time] => 2026-03-11 13:06:56
)


Lists handlers registered (3 variants):
Array
(
    [time] => 2026-03-11 13:06:56
)


OnProlog triggered - registering handlers:
Array
(
    [time] => 2026-03-11 13:06:56
)


Lists handlers registered (3 variants):
Array
(
    [time] => 2026-03-11 13:06:56
)


OnProlog triggered - registering handlers:
Array
(
    [time] => 2026-03-11 13:06:58
)


Lists handlers registered (3 variants):
Array
(
    [time] => 2026-03-11 13:06:58
)


OnProlog triggered - registering handlers:
Array
(
    [time] => 2026-03-11 13:07:05
)


Lists handlers registered (3 variants):
Array
(
    [time] => 2026-03-11 13:07:05
)


OnProlog triggered - registering handlers:
Array
(
    [time] => 2026-03-11 13:07:07
)


Lists handlers registered (3 variants):
Array
(
    [time] => 2026-03-11 13:07:07
)


OnProlog triggered - registering handlers:
Array
(
    [time] => 2026-03-11 13:07:08
)


Lists handlers registered (3 variants):
Array
(
    [time] => 2026-03-11 13:07:08
)


OnProlog triggered - registering handlers:
Array
(
    [time] => 2026-03-11 13:07:08
)


Lists handlers registered (3 variants):
Array
(
    [time] => 2026-03-11 13:07:08
)


OnProlog triggered - registering handlers:
Array
(
    [time] => 2026-03-11 13:07:16
)


Lists handlers registered (3 variants):
Array
(
    [time] => 2026-03-11 13:07:16
)


OnProlog triggered - registering handlers:
Array
(
    [time] => 2026-03-11 13:07:18
)


Lists handlers registered (3 variants):
Array
(
    [time] => 2026-03-11 13:07:18
)


OnProlog triggered - registering handlers:
Array
(
    [time] => 2026-03-11 13:07:18
)


Lists handlers registered (3 variants):
Array
(
    [time] => 2026-03-11 13:07:18
)


OnProlog triggered - registering handlers:
Array
(
    [time] => 2026-03-11 13:07:18
)


Lists handlers registered (3 variants):
Array
(
    [time] => 2026-03-11 13:07:18
)


OnProlog triggered - registering handlers:
Array
(
    [time] => 2026-03-11 13:07:27
)


Lists handlers registered (3 variants):
Array
(
    [time] => 2026-03-11 13:07:27
)


OnProlog triggered - registering handlers:
Array
(
    [time] => 2026-03-11 13:07:29
)


Lists handlers registered (3 variants):
Array
(
    [time] => 2026-03-11 13:07:29
)


OnProlog triggered - registering handlers:
Array
(
    [time] => 2026-03-11 13:07:30
)


Lists handlers registered (3 variants):
Array
(
    [time] => 2026-03-11 13:07:30
)


OnProlog triggered - registering handlers:
Array
(
    [time] => 2026-03-11 13:07:30
)


Lists handlers registered (3 variants):
Array
(
    [time] => 2026-03-11 13:07:30
)


OnProlog triggered - registering handlers:
Array
(
    [time] => 2026-03-11 13:07:30
)


Lists handlers registered (3 variants):
Array
(
    [time] => 2026-03-11 13:07:30
)


OnProlog triggered - registering handlers:
Array
(
    [time] => 2026-03-11 13:07:37
)


Lists handlers registered (3 variants):
Array
(
    [time] => 2026-03-11 13:07:37
)


OnProlog triggered - registering handlers:
Array
(
    [time] => 2026-03-11 13:07:38
)


Lists handlers registered (3 variants):
Array
(
    [time] => 2026-03-11 13:07:38
)


OnProlog triggered - registering handlers:
Array
(
    [time] => 2026-03-11 13:07:38
)


Lists handlers registered (3 variants):
Array
(
    [time] => 2026-03-11 13:07:38
)


OnProlog triggered - registering handlers:
Array
(
    [time] => 2026-03-11 13:07:39
)


Lists handlers registered (3 variants):
Array
(
    [time] => 2026-03-11 13:07:39
)


OnProlog triggered - registering handlers:
Array
(
    [time] => 2026-03-11 13:07:40
)


Lists handlers registered (3 variants):
Array
(
    [time] => 2026-03-11 13:07:40
)


OnProlog triggered - registering handlers:
Array
(
    [time] => 2026-03-11 13:07:41
)


Lists handlers registered (3 variants):
Array
(
    [time] => 2026-03-11 13:07:41
)


OnProlog triggered - registering handlers:
Array
(
    [time] => 2026-03-11 13:07:42
)


Lists handlers registered (3 variants):
Array
(
    [time] => 2026-03-11 13:07:42
)


OnProlog triggered - registering handlers:
Array
(
    [time] => 2026-03-11 13:07:48
)


Lists handlers registered (3 variants):
Array
(
    [time] => 2026-03-11 13:07:48
)


OnProlog triggered - registering handlers:
Array
(
    [time] => 2026-03-11 13:07:49
)


Lists handlers registered (3 variants):
Array
(
    [time] => 2026-03-11 13:07:49
)


OnProlog triggered - registering handlers:
Array
(
    [time] => 2026-03-11 13:07:49
)


Lists handlers registered (3 variants):
Array
(
    [time] => 2026-03-11 13:07:49
)


OnProlog triggered - registering handlers:
Array
(
    [time] => 2026-03-11 13:07:49
)


Lists handlers registered (3 variants):
Array
(
    [time] => 2026-03-11 13:07:49
)


OnProlog triggered - registering handlers:
Array
(
    [time] => 2026-03-11 13:08:49
)


Lists handlers registered (3 variants):
Array
(
    [time] => 2026-03-11 13:08:49
)


OnProlog triggered - registering handlers:
Array
(
    [time] => 2026-03-11 13:15:48
)


Lists handlers registered (3 variants):
Array
(
    [time] => 2026-03-11 13:15:48
)


OnProlog triggered - registering handlers:
Array
(
    [time] => 2026-03-11 13:17:30
)


Lists handlers registered (3 variants):
Array
(
    [time] => 2026-03-11 13:17:30
)


OnProlog triggered - registering handlers:
Array
(
    [time] => 2026-03-11 13:19:52
)


Lists handlers registered (3 variants):
Array
(
    [time] => 2026-03-11 13:19:52
)


OnProlog triggered - registering handlers:
Array
(
    [time] => 2026-03-11 13:19:58
)


Lists handlers registered (3 variants):
Array
(
    [time] => 2026-03-11 13:19:58
)


OnProlog triggered - registering handlers:
Array
(
    [time] => 2026-03-11 13:20:05
)


Lists handlers registered (3 variants):
Array
(
    [time] => 2026-03-11 13:20:05
)


OnProlog triggered - registering handlers:
Array
(
    [time] => 2026-03-11 13:20:06
)


Lists handlers registered (3 variants):
Array
(
    [time] => 2026-03-11 13:20:06
)


OnProlog triggered - registering handlers:
Array
(
    [time] => 2026-03-11 13:20:07
)


Lists handlers registered (3 variants):
Array
(
    [time] => 2026-03-11 13:20:07
)


OnProlog triggered - registering handlers:
Array
(
    [time] => 2026-03-11 13:20:08
)


Lists handlers registered (3 variants):
Array
(
    [time] => 2026-03-11 13:20:08
)


OnProlog triggered - registering handlers:
Array
(
    [time] => 2026-03-11 13:20:09
)


Lists handlers registered (3 variants):
Array
(
    [time] => 2026-03-11 13:20:09
)


OnProlog triggered - registering handlers:
Array
(
    [time] => 2026-03-11 13:20:10
)


Lists handlers registered (3 variants):
Array
(
    [time] => 2026-03-11 13:20:10
)


OnProlog triggered - registering handlers:
Array
(
    [time] => 2026-03-11 13:20:10
)


Lists handlers registered (3 variants):
Array
(
    [time] => 2026-03-11 13:20:10
)


OnProlog triggered - registering handlers:
Array
(
    [time] => 2026-03-11 13:20:10
)


Lists handlers registered (3 variants):
Array
(
    [time] => 2026-03-11 13:20:10
)


OnProlog triggered - registering handlers:
Array
(
    [time] => 2026-03-11 13:20:14
)


Lists handlers registered (3 variants):
Array
(
    [time] => 2026-03-11 13:20:14
)


OnProlog triggered - registering handlers:
Array
(
    [time] => 2026-03-11 13:20:15
)


Lists handlers registered (3 variants):
Array
(
    [time] => 2026-03-11 13:20:15
)


OnProlog triggered - registering handlers:
Array
(
    [time] => 2026-03-11 13:20:15
)


Lists handlers registered (3 variants):
Array
(
    [time] => 2026-03-11 13:20:15
)


OnProlog triggered - registering handlers:
Array
(
    [time] => 2026-03-11 13:20:17
)


Lists handlers registered (3 variants):
Array
(
    [time] => 2026-03-11 13:20:17
)


OnProlog triggered - registering handlers:
Array
(
    [time] => 2026-03-11 13:20:17
)


Lists handlers registered (3 variants):
Array
(
    [time] => 2026-03-11 13:20:17
)


OnProlog triggered - registering handlers:
Array
(
    [time] => 2026-03-11 13:20:19
)


Lists handlers registered (3 variants):
Array
(
    [time] => 2026-03-11 13:20:19
)


OnProlog triggered - registering handlers:
Array
(
    [time] => 2026-03-11 13:20:21
)


Lists handlers registered (3 variants):
Array
(
    [time] => 2026-03-11 13:20:21
)


OnProlog triggered - registering handlers:
Array
(
    [time] => 2026-03-11 13:20:23
)


Lists handlers registered (3 variants):
Array
(
    [time] => 2026-03-11 13:20:23
)


OnProlog triggered - registering handlers:
Array
(
    [time] => 2026-03-11 13:20:23
)


Lists handlers registered (3 variants):
Array
(
    [time] => 2026-03-11 13:20:23
)


OnProlog triggered - registering handlers:
Array
(
    [time] => 2026-03-11 13:20:23
)


Lists handlers registered (3 variants):
Array
(
    [time] => 2026-03-11 13:20:23
)


OnProlog triggered - registering handlers:
Array
(
    [time] => 2026-03-11 13:20:41
)


Lists handlers registered (3 variants):
Array
(
    [time] => 2026-03-11 13:20:41
)


OnProlog triggered - registering handlers:
Array
(
    [time] => 2026-03-11 13:20:42
)


Lists handlers registered (3 variants):
Array
(
    [time] => 2026-03-11 13:20:42
)


OnProlog triggered - registering handlers:
Array
(
    [time] => 2026-03-11 13:20:43
)


Lists handlers registered (3 variants):
Array
(
    [time] => 2026-03-11 13:20:43
)


OnProlog triggered - registering handlers:
Array
(
    [time] => 2026-03-11 13:20:43
)


Lists handlers registered (3 variants):
Array
(
    [time] => 2026-03-11 13:20:43
)


OnProlog triggered - registering handlers:
Array
(
    [time] => 2026-03-11 13:20:45
)


Lists handlers registered (3 variants):
Array
(
    [time] => 2026-03-11 13:20:45
)


OnProlog triggered - registering handlers:
Array
(
    [time] => 2026-03-11 13:20:45
)


Lists handlers registered (3 variants):
Array
(
    [time] => 2026-03-11 13:20:45
)


OnProlog triggered - registering handlers:
Array
(
    [time] => 2026-03-11 13:20:46
)


Lists handlers registered (3 variants):
Array
(
    [time] => 2026-03-11 13:20:46
)


OnProlog triggered - registering handlers:
Array
(
    [time] => 2026-03-11 13:20:47
)


Lists handlers registered (3 variants):
Array
(
    [time] => 2026-03-11 13:20:47
)


OnProlog triggered - registering handlers:
Array
(
    [time] => 2026-03-11 13:20:48
)


Lists handlers registered (3 variants):
Array
(
    [time] => 2026-03-11 13:20:48
)


OnProlog triggered - registering handlers:
Array
(
    [time] => 2026-03-11 13:20:49
)


Lists handlers registered (3 variants):
Array
(
    [time] => 2026-03-11 13:20:49
)


OnProlog triggered - registering handlers:
Array
(
    [time] => 2026-03-11 13:20:53
)


Lists handlers registered (3 variants):
Array
(
    [time] => 2026-03-11 13:20:53
)


OnProlog triggered - registering handlers:
Array
(
    [time] => 2026-03-11 13:20:54
)


Lists handlers registered (3 variants):
Array
(
    [time] => 2026-03-11 13:20:54
)


OnProlog triggered - registering handlers:
Array
(
    [time] => 2026-03-11 13:20:54
)


Lists handlers registered (3 variants):
Array
(
    [time] => 2026-03-11 13:20:54
)


OnProlog triggered - registering handlers:
Array
(
    [time] => 2026-03-11 13:20:54
)


Lists handlers registered (3 variants):
Array
(
    [time] => 2026-03-11 13:20:54
)


OnProlog triggered - registering handlers:
Array
(
    [time] => 2026-03-11 13:21:17
)


Lists handlers registered (3 variants):
Array
(
    [time] => 2026-03-11 13:21:17
)


OnProlog triggered - registering handlers:
Array
(
    [time] => 2026-03-11 13:21:18
)


Lists handlers registered (3 variants):
Array
(
    [time] => 2026-03-11 13:21:18
)


OnProlog triggered - registering handlers:
Array
(
    [time] => 2026-03-11 13:21:19
)


Lists handlers registered (3 variants):
Array
(
    [time] => 2026-03-11 13:21:19
)


OnProlog triggered - registering handlers:
Array
(
    [time] => 2026-03-11 13:21:19
)


Lists handlers registered (3 variants):
Array
(
    [time] => 2026-03-11 13:21:19
)


OnProlog triggered - registering handlers:
Array
(
    [time] => 2026-03-11 13:21:41
)


Lists handlers registered (3 variants):
Array
(
    [time] => 2026-03-11 13:21:41
)


OnProlog triggered - registering handlers:
Array
(
    [time] => 2026-03-11 13:21:42
)


Lists handlers registered (3 variants):
Array
(
    [time] => 2026-03-11 13:21:42
)


OnProlog triggered - registering handlers:
Array
(
    [time] => 2026-03-11 13:21:43
)


Lists handlers registered (3 variants):
Array
(
    [time] => 2026-03-11 13:21:43
)


OnProlog triggered - registering handlers:
Array
(
    [time] => 2026-03-11 13:21:43
)


Lists handlers registered (3 variants):
Array
(
    [time] => 2026-03-11 13:21:43
)


OnProlog triggered - registering handlers:
Array
(
    [time] => 2026-03-11 13:21:43
)


Lists handlers registered (3 variants):
Array
(
    [time] => 2026-03-11 13:21:43
)


OnProlog triggered - registering handlers:
Array
(
    [time] => 2026-03-11 13:21:44
)


Lists handlers registered (3 variants):
Array
(
    [time] => 2026-03-11 13:21:44
)


OnProlog triggered - registering handlers:
Array
(
    [time] => 2026-03-11 13:21:44
)


Lists handlers registered (3 variants):
Array
(
    [time] => 2026-03-11 13:21:44
)


OnProlog triggered - registering handlers:
Array
(
    [time] => 2026-03-11 13:21:44
)


Lists handlers registered (3 variants):
Array
(
    [time] => 2026-03-11 13:21:44
)


OnProlog triggered - registering handlers:
Array
(
    [time] => 2026-03-11 13:21:44
)


Lists handlers registered (3 variants):
Array
(
    [time] => 2026-03-11 13:21:44
)


OnProlog triggered - registering handlers:
Array
(
    [time] => 2026-03-11 13:21:45
)


Lists handlers registered (3 variants):
Array
(
    [time] => 2026-03-11 13:21:45
)


OnProlog triggered - registering handlers:
Array
(
    [time] => 2026-03-11 13:21:56
)


Lists handlers registered (3 variants):
Array
(
    [time] => 2026-03-11 13:21:56
)


OnProlog triggered - registering handlers:
Array
(
    [time] => 2026-03-11 13:21:57
)


Lists handlers registered (3 variants):
Array
(
    [time] => 2026-03-11 13:21:57
)


OnProlog triggered - registering handlers:
Array
(
    [time] => 2026-03-11 13:21:58
)


Lists handlers registered (3 variants):
Array
(
    [time] => 2026-03-11 13:21:58
)


OnProlog triggered - registering handlers:
Array
(
    [time] => 2026-03-11 13:21:58
)


Lists handlers registered (3 variants):
Array
(
    [time] => 2026-03-11 13:21:58
)


OnProlog triggered - registering handlers:
Array
(
    [time] => 2026-03-11 13:21:58
)


Lists handlers registered (3 variants):
Array
(
    [time] => 2026-03-11 13:21:58
)


OnProlog triggered - registering handlers:
Array
(
    [time] => 2026-03-11 13:22:04
)


Lists handlers registered (3 variants):
Array
(
    [time] => 2026-03-11 13:22:04
)


OnProlog triggered - registering handlers:
Array
(
    [time] => 2026-03-11 13:22:04
)


Lists handlers registered (3 variants):
Array
(
    [time] => 2026-03-11 13:22:04
)


OnProlog triggered - registering handlers:
Array
(
    [time] => 2026-03-11 13:22:05
)


Lists handlers registered (3 variants):
Array
(
    [time] => 2026-03-11 13:22:05
)


OnProlog triggered - registering handlers:
Array
(
    [time] => 2026-03-11 13:22:06
)


Lists handlers registered (3 variants):
Array
(
    [time] => 2026-03-11 13:22:06
)


OnProlog triggered - registering handlers:
Array
(
    [time] => 2026-03-11 13:22:06
)


Lists handlers registered (3 variants):
Array
(
    [time] => 2026-03-11 13:22:06
)


OnProlog triggered - registering handlers:
Array
(
    [time] => 2026-03-11 13:22:08
)


Lists handlers registered (3 variants):
Array
(
    [time] => 2026-03-11 13:22:08
)


OnProlog triggered - registering handlers:
Array
(
    [time] => 2026-03-11 13:22:10
)


Lists handlers registered (3 variants):
Array
(
    [time] => 2026-03-11 13:22:10
)


OnProlog triggered - registering handlers:
Array
(
    [time] => 2026-03-11 13:22:12
)


Lists handlers registered (3 variants):
Array
(
    [time] => 2026-03-11 13:22:12
)


OnProlog triggered - registering handlers:
Array
(
    [time] => 2026-03-11 13:22:12
)


Lists handlers registered (3 variants):
Array
(
    [time] => 2026-03-11 13:22:12
)


OnProlog triggered - registering handlers:
Array
(
    [time] => 2026-03-11 13:22:20
)


Lists handlers registered (3 variants):
Array
(
    [time] => 2026-03-11 13:22:20
)


OnProlog triggered - registering handlers:
Array
(
    [time] => 2026-03-11 13:22:26
)


Lists handlers registered (3 variants):
Array
(
    [time] => 2026-03-11 13:22:26
)


OnProlog triggered - registering handlers:
Array
(
    [time] => 2026-03-11 13:22:27
)


Lists handlers registered (3 variants):
Array
(
    [time] => 2026-03-11 13:22:27
)


OnProlog triggered - registering handlers:
Array
(
    [time] => 2026-03-11 13:22:27
)


Lists handlers registered (3 variants):
Array
(
    [time] => 2026-03-11 13:22:27
)


OnProlog triggered - registering handlers:
Array
(
    [time] => 2026-03-11 13:22:27
)


Lists handlers registered (3 variants):
Array
(
    [time] => 2026-03-11 13:22:27
)


OnProlog triggered - registering handlers:
Array
(
    [time] => 2026-03-11 13:22:28
)


Lists handlers registered (3 variants):
Array
(
    [time] => 2026-03-11 13:22:28
)


OnProlog triggered - registering handlers:
Array
(
    [time] => 2026-03-11 13:22:34
)


Lists handlers registered (3 variants):
Array
(
    [time] => 2026-03-11 13:22:34
)


OnProlog triggered - registering handlers:
Array
(
    [time] => 2026-03-11 13:22:37
)


Lists handlers registered (3 variants):
Array
(
    [time] => 2026-03-11 13:22:37
)


OnProlog triggered - registering handlers:
Array
(
    [time] => 2026-03-11 13:22:38
)


Lists handlers registered (3 variants):
Array
(
    [time] => 2026-03-11 13:22:38
)


OnProlog triggered - registering handlers:
Array
(
    [time] => 2026-03-11 13:22:39
)


Lists handlers registered (3 variants):
Array
(
    [time] => 2026-03-11 13:22:39
)


OnProlog triggered - registering handlers:
Array
(
    [time] => 2026-03-11 13:22:40
)


Lists handlers registered (3 variants):
Array
(
    [time] => 2026-03-11 13:22:40
)


OnProlog triggered - registering handlers:
Array
(
    [time] => 2026-03-11 13:22:44
)


Lists handlers registered (3 variants):
Array
(
    [time] => 2026-03-11 13:22:44
)


OnProlog triggered - registering handlers:
Array
(
    [time] => 2026-03-11 13:22:44
)


Lists handlers registered (3 variants):
Array
(
    [time] => 2026-03-11 13:22:44
)


OnProlog triggered - registering handlers:
Array
(
    [time] => 2026-03-11 13:22:46
)


Lists handlers registered (3 variants):
Array
(
    [time] => 2026-03-11 13:22:46
)


OnProlog triggered - registering handlers:
Array
(
    [time] => 2026-03-11 13:22:46
)


Lists handlers registered (3 variants):
Array
(
    [time] => 2026-03-11 13:22:46
)


OnProlog triggered - registering handlers:
Array
(
    [time] => 2026-03-11 13:22:48
)


Lists handlers registered (3 variants):
Array
(
    [time] => 2026-03-11 13:22:48
)


OnProlog triggered - registering handlers:
Array
(
    [time] => 2026-03-11 13:22:49
)


Lists handlers registered (3 variants):
Array
(
    [time] => 2026-03-11 13:22:49
)


OnProlog triggered - registering handlers:
Array
(
    [time] => 2026-03-11 13:22:51
)


Lists handlers registered (3 variants):
Array
(
    [time] => 2026-03-11 13:22:51
)


OnProlog triggered - registering handlers:
Array
(
    [time] => 2026-03-11 13:22:52
)


Lists handlers registered (3 variants):
Array
(
    [time] => 2026-03-11 13:22:52
)


OnProlog triggered - registering handlers:
Array
(
    [time] => 2026-03-11 13:22:58
)


Lists handlers registered (3 variants):
Array
(
    [time] => 2026-03-11 13:22:58
)


OnProlog triggered - registering handlers:
Array
(
    [time] => 2026-03-11 13:22:59
)


Lists handlers registered (3 variants):
Array
(
    [time] => 2026-03-11 13:22:59
)


OnProlog triggered - registering handlers:
Array
(
    [time] => 2026-03-11 13:22:59
)


Lists handlers registered (3 variants):
Array
(
    [time] => 2026-03-11 13:22:59
)


OnProlog triggered - registering handlers:
Array
(
    [time] => 2026-03-11 13:22:59
)


Lists handlers registered (3 variants):
Array
(
    [time] => 2026-03-11 13:22:59
)


OnProlog triggered - registering handlers:
Array
(
    [time] => 2026-03-11 13:23:10
)


Lists handlers registered (3 variants):
Array
(
    [time] => 2026-03-11 13:23:10
)


OnProlog triggered - registering handlers:
Array
(
    [time] => 2026-03-11 13:23:11
)


Lists handlers registered (3 variants):
Array
(
    [time] => 2026-03-11 13:23:11
)


OnProlog triggered - registering handlers:
Array
(
    [time] => 2026-03-11 13:23:12
)


Lists handlers registered (3 variants):
Array
(
    [time] => 2026-03-11 13:23:12
)


OnProlog triggered - registering handlers:
Array
(
    [time] => 2026-03-11 13:23:16
)


Lists handlers registered (3 variants):
Array
(
    [time] => 2026-03-11 13:23:16
)


OnProlog triggered - registering handlers:
Array
(
    [time] => 2026-03-11 13:23:17
)


Lists handlers registered (3 variants):
Array
(
    [time] => 2026-03-11 13:23:17
)


OnProlog triggered - registering handlers:
Array
(
    [time] => 2026-03-11 13:23:17
)


Lists handlers registered (3 variants):
Array
(
    [time] => 2026-03-11 13:23:17
)


OnProlog triggered - registering handlers:
Array
(
    [time] => 2026-03-11 13:23:17
)


Lists handlers registered (3 variants):
Array
(
    [time] => 2026-03-11 13:23:17
)


OnProlog triggered - registering handlers:
Array
(
    [time] => 2026-03-11 13:23:25
)


Lists handlers registered (3 variants):
Array
(
    [time] => 2026-03-11 13:23:25
)


OnProlog triggered - registering handlers:
Array
(
    [time] => 2026-03-11 13:23:34
)


Lists handlers registered (3 variants):
Array
(
    [time] => 2026-03-11 13:23:34
)


OnProlog triggered - registering handlers:
Array
(
    [time] => 2026-03-11 13:23:46
)


Lists handlers registered (3 variants):
Array
(
    [time] => 2026-03-11 13:23:46
)


OnProlog triggered - registering handlers:
Array
(
    [time] => 2026-03-11 13:23:47
)


Lists handlers registered (3 variants):
Array
(
    [time] => 2026-03-11 13:23:47
)


OnProlog triggered - registering handlers:
Array
(
    [time] => 2026-03-11 13:23:47
)


Lists handlers registered (3 variants):
Array
(
    [time] => 2026-03-11 13:23:47
)


OnProlog triggered - registering handlers:
Array
(
    [time] => 2026-03-11 13:23:47
)


Lists handlers registered (3 variants):
Array
(
    [time] => 2026-03-11 13:23:47
)


OnProlog triggered - registering handlers:
Array
(
    [time] => 2026-03-11 13:23:51
)


Lists handlers registered (3 variants):
Array
(
    [time] => 2026-03-11 13:23:51
)


OnProlog triggered - registering handlers:
Array
(
    [time] => 2026-03-11 13:23:55
)


Lists handlers registered (3 variants):
Array
(
    [time] => 2026-03-11 13:23:55
)


OnProlog triggered - registering handlers:
Array
(
    [time] => 2026-03-11 13:23:55
)


Lists handlers registered (3 variants):
Array
(
    [time] => 2026-03-11 13:23:55
)


OnProlog triggered - registering handlers:
Array
(
    [time] => 2026-03-11 13:23:55
)


Lists handlers registered (3 variants):
Array
(
    [time] => 2026-03-11 13:23:55
)


OnProlog triggered - registering handlers:
Array
(
    [time] => 2026-03-11 13:23:55
)


Lists handlers registered (3 variants):
Array
(
    [time] => 2026-03-11 13:23:55
)


OnProlog triggered - registering handlers:
Array
(
    [time] => 2026-03-11 13:23:58
)


Lists handlers registered (3 variants):
Array
(
    [time] => 2026-03-11 13:23:58
)


OnProlog triggered - registering handlers:
Array
(
    [time] => 2026-03-11 13:23:59
)


Lists handlers registered (3 variants):
Array
(
    [time] => 2026-03-11 13:23:59
)


OnProlog triggered - registering handlers:
Array
(
    [time] => 2026-03-11 13:24:15
)


Lists handlers registered (3 variants):
Array
(
    [time] => 2026-03-11 13:24:15
)


OnProlog triggered - registering handlers:
Array
(
    [time] => 2026-03-11 13:24:32
)


Lists handlers registered (3 variants):
Array
(
    [time] => 2026-03-11 13:24:32
)


OnProlog triggered - registering handlers:
Array
(
    [time] => 2026-03-11 13:24:52
)


Lists handlers registered (3 variants):
Array
(
    [time] => 2026-03-11 13:24:52
)


OnProlog triggered - registering handlers:
Array
(
    [time] => 2026-03-11 13:25:01
)


Lists handlers registered (3 variants):
Array
(
    [time] => 2026-03-11 13:25:01
)


OnProlog triggered - registering handlers:
Array
(
    [time] => 2026-03-11 13:25:03
)


Lists handlers registered (3 variants):
Array
(
    [time] => 2026-03-11 13:25:03
)


OnProlog triggered - registering handlers:
Array
(
    [time] => 2026-03-11 13:25:04
)


Lists handlers registered (3 variants):
Array
(
    [time] => 2026-03-11 13:25:04
)


OnProlog triggered - registering handlers:
Array
(
    [time] => 2026-03-11 13:25:05
)


Lists handlers registered (3 variants):
Array
(
    [time] => 2026-03-11 13:25:05
)


OnProlog triggered - registering handlers:
Array
(
    [time] => 2026-03-11 13:25:05
)


Lists handlers registered (3 variants):
Array
(
    [time] => 2026-03-11 13:25:05
)


OnProlog triggered - registering handlers:
Array
(
    [time] => 2026-03-11 13:25:06
)


Lists handlers registered (3 variants):
Array
(
    [time] => 2026-03-11 13:25:06
)


OnProlog triggered - registering handlers:
Array
(
    [time] => 2026-03-11 13:25:08
)


Lists handlers registered (3 variants):
Array
(
    [time] => 2026-03-11 13:25:08
)


OnProlog triggered - registering handlers:
Array
(
    [time] => 2026-03-11 13:25:09
)


Lists handlers registered (3 variants):
Array
(
    [time] => 2026-03-11 13:25:09
)


OnProlog triggered - registering handlers:
Array
(
    [time] => 2026-03-11 13:25:11
)


Lists handlers registered (3 variants):
Array
(
    [time] => 2026-03-11 13:25:11
)


OnProlog triggered - registering handlers:
Array
(
    [time] => 2026-03-11 13:25:11
)


Lists handlers registered (3 variants):
Array
(
    [time] => 2026-03-11 13:25:11
)


OnProlog triggered - registering handlers:
Array
(
    [time] => 2026-03-11 13:25:14
)


Lists handlers registered (3 variants):
Array
(
    [time] => 2026-03-11 13:25:14
)


OnProlog triggered - registering handlers:
Array
(
    [time] => 2026-03-11 13:25:15
)


Lists handlers registered (3 variants):
Array
(
    [time] => 2026-03-11 13:25:15
)


OnProlog triggered - registering handlers:
Array
(
    [time] => 2026-03-11 13:25:16
)


Lists handlers registered (3 variants):
Array
(
    [time] => 2026-03-11 13:25:16
)


OnProlog triggered - registering handlers:
Array
(
    [time] => 2026-03-11 13:25:16
)


Lists handlers registered (3 variants):
Array
(
    [time] => 2026-03-11 13:25:16
)


OnProlog triggered - registering handlers:
Array
(
    [time] => 2026-03-11 13:25:18
)


Lists handlers registered (3 variants):
Array
(
    [time] => 2026-03-11 13:25:18
)


OnProlog triggered - registering handlers:
Array
(
    [time] => 2026-03-11 13:25:18
)


Lists handlers registered (3 variants):
Array
(
    [time] => 2026-03-11 13:25:18
)


OnProlog triggered - registering handlers:
Array
(
    [time] => 2026-03-11 13:25:18
)


Lists handlers registered (3 variants):
Array
(
    [time] => 2026-03-11 13:25:18
)


OnProlog triggered - registering handlers:
Array
(
    [time] => 2026-03-11 13:25:19
)


Lists handlers registered (3 variants):
Array
(
    [time] => 2026-03-11 13:25:19
)


OnProlog triggered - registering handlers:
Array
(
    [time] => 2026-03-11 13:25:20
)


Lists handlers registered (3 variants):
Array
(
    [time] => 2026-03-11 13:25:20
)


OnProlog triggered - registering handlers:
Array
(
    [time] => 2026-03-11 13:25:21
)


Lists handlers registered (3 variants):
Array
(
    [time] => 2026-03-11 13:25:21
)


OnProlog triggered - registering handlers:
Array
(
    [time] => 2026-03-11 13:25:22
)


Lists handlers registered (3 variants):
Array
(
    [time] => 2026-03-11 13:25:22
)


OnProlog triggered - registering handlers:
Array
(
    [time] => 2026-03-11 13:25:24
)


Lists handlers registered (3 variants):
Array
(
    [time] => 2026-03-11 13:25:24
)


OnProlog triggered - registering handlers:
Array
(
    [time] => 2026-03-11 13:25:24
)


Lists handlers registered (3 variants):
Array
(
    [time] => 2026-03-11 13:25:24
)


OnProlog triggered - registering handlers:
Array
(
    [time] => 2026-03-11 13:25:54
)


Lists handlers registered (3 variants):
Array
(
    [time] => 2026-03-11 13:25:54
)


OnProlog triggered - registering handlers:
Array
(
    [time] => 2026-03-11 13:25:55
)


Lists handlers registered (3 variants):
Array
(
    [time] => 2026-03-11 13:25:55
)


OnProlog triggered - registering handlers:
Array
(
    [time] => 2026-03-11 13:25:56
)


Lists handlers registered (3 variants):
Array
(
    [time] => 2026-03-11 13:25:56
)


OnProlog triggered - registering handlers:
Array
(
    [time] => 2026-03-11 13:25:56
)


Lists handlers registered (3 variants):
Array
(
    [time] => 2026-03-11 13:25:56
)


OnProlog triggered - registering handlers:
Array
(
    [time] => 2026-03-11 13:25:57
)


Lists handlers registered (3 variants):
Array
(
    [time] => 2026-03-11 13:25:57
)


OnProlog triggered - registering handlers:
Array
(
    [time] => 2026-03-11 13:25:58
)


Lists handlers registered (3 variants):
Array
(
    [time] => 2026-03-11 13:25:58
)


OnProlog triggered - registering handlers:
Array
(
    [time] => 2026-03-11 13:25:59
)


Lists handlers registered (3 variants):
Array
(
    [time] => 2026-03-11 13:25:59
)


OnProlog triggered - registering handlers:
Array
(
    [time] => 2026-03-11 13:26:01
)


Lists handlers registered (3 variants):
Array
(
    [time] => 2026-03-11 13:26:01
)


OnProlog triggered - registering handlers:
Array
(
    [time] => 2026-03-11 13:26:01
)


Lists handlers registered (3 variants):
Array
(
    [time] => 2026-03-11 13:26:01
)


OnProlog triggered - registering handlers:
Array
(
    [time] => 2026-03-11 13:26:02
)


Lists handlers registered (3 variants):
Array
(
    [time] => 2026-03-11 13:26:02
)


OnProlog triggered - registering handlers:
Array
(
    [time] => 2026-03-11 13:26:04
)


Lists handlers registered (3 variants):
Array
(
    [time] => 2026-03-11 13:26:04
)


OnProlog triggered - registering handlers:
Array
(
    [time] => 2026-03-11 13:26:04
)


Lists handlers registered (3 variants):
Array
(
    [time] => 2026-03-11 13:26:04
)


OnProlog triggered - registering handlers:
Array
(
    [time] => 2026-03-11 13:26:05
)


Lists handlers registered (3 variants):
Array
(
    [time] => 2026-03-11 13:26:05
)


OnProlog triggered - registering handlers:
Array
(
    [time] => 2026-03-11 13:26:06
)


Lists handlers registered (3 variants):
Array
(
    [time] => 2026-03-11 13:26:06
)


OnProlog triggered - registering handlers:
Array
(
    [time] => 2026-03-11 13:26:07
)


Lists handlers registered (3 variants):
Array
(
    [time] => 2026-03-11 13:26:07
)


OnProlog triggered - registering handlers:
Array
(
    [time] => 2026-03-11 13:26:08
)


Lists handlers registered (3 variants):
Array
(
    [time] => 2026-03-11 13:26:08
)


OnProlog triggered - registering handlers:
Array
(
    [time] => 2026-03-11 13:26:09
)


Lists handlers registered (3 variants):
Array
(
    [time] => 2026-03-11 13:26:09
)


OnProlog triggered - registering handlers:
Array
(
    [time] => 2026-03-11 13:27:09
)


Lists handlers registered (3 variants):
Array
(
    [time] => 2026-03-11 13:27:09
)


OnProlog triggered - registering handlers:
Array
(
    [time] => 2026-03-11 13:27:23
)


Lists handlers registered (3 variants):
Array
(
    [time] => 2026-03-11 13:27:23
)


OnProlog triggered - registering handlers:
Array
(
    [time] => 2026-03-11 13:27:24
)


Lists handlers registered (3 variants):
Array
(
    [time] => 2026-03-11 13:27:24
)


OnProlog triggered - registering handlers:
Array
(
    [time] => 2026-03-11 13:27:25
)


Lists handlers registered (3 variants):
Array
(
    [time] => 2026-03-11 13:27:25
)


OnProlog triggered - registering handlers:
Array
(
    [time] => 2026-03-11 13:27:25
)


Lists handlers registered (3 variants):
Array
(
    [time] => 2026-03-11 13:27:25
)


OnProlog triggered - registering handlers:
Array
(
    [time] => 2026-03-11 13:27:27
)


Lists handlers registered (3 variants):
Array
(
    [time] => 2026-03-11 13:27:27
)


OnProlog triggered - registering handlers:
Array
(
    [time] => 2026-03-11 13:27:28
)


Lists handlers registered (3 variants):
Array
(
    [time] => 2026-03-11 13:27:28
)


OnProlog triggered - registering handlers:
Array
(
    [time] => 2026-03-11 13:27:28
)


Lists handlers registered (3 variants):
Array
(
    [time] => 2026-03-11 13:27:28
)


OnProlog triggered - registering handlers:
Array
(
    [time] => 2026-03-11 13:27:30
)


Lists handlers registered (3 variants):
Array
(
    [time] => 2026-03-11 13:27:30
)


OnProlog triggered - registering handlers:
Array
(
    [time] => 2026-03-11 13:27:30
)


Lists handlers registered (3 variants):
Array
(
    [time] => 2026-03-11 13:27:30
)


OnProlog triggered - registering handlers:
Array
(
    [time] => 2026-03-11 13:27:32
)


Lists handlers registered (3 variants):
Array
(
    [time] => 2026-03-11 13:27:32
)


OnProlog triggered - registering handlers:
Array
(
    [time] => 2026-03-11 13:27:35
)


Lists handlers registered (3 variants):
Array
(
    [time] => 2026-03-11 13:27:35
)


OnProlog triggered - registering handlers:
Array
(
    [time] => 2026-03-11 13:27:37
)


Lists handlers registered (3 variants):
Array
(
    [time] => 2026-03-11 13:27:37
)


OnProlog triggered - registering handlers:
Array
(
    [time] => 2026-03-11 13:27:37
)


Lists handlers registered (3 variants):
Array
(
    [time] => 2026-03-11 13:27:37
)


OnProlog triggered - registering handlers:
Array
(
    [time] => 2026-03-11 13:27:41
)


Lists handlers registered (3 variants):
Array
(
    [time] => 2026-03-11 13:27:41
)


OnProlog triggered - registering handlers:
Array
(
    [time] => 2026-03-11 13:27:42
)


Lists handlers registered (3 variants):
Array
(
    [time] => 2026-03-11 13:27:42
)


OnProlog triggered - registering handlers:
Array
(
    [time] => 2026-03-11 13:27:42
)


Lists handlers registered (3 variants):
Array
(
    [time] => 2026-03-11 13:27:42
)


OnProlog triggered - registering handlers:
Array
(
    [time] => 2026-03-11 13:27:48
)


Lists handlers registered (3 variants):
Array
(
    [time] => 2026-03-11 13:27:48
)


OnProlog triggered - registering handlers:
Array
(
    [time] => 2026-03-11 13:27:49
)


Lists handlers registered (3 variants):
Array
(
    [time] => 2026-03-11 13:27:49
)


OnProlog triggered - registering handlers:
Array
(
    [time] => 2026-03-11 13:27:50
)


Lists handlers registered (3 variants):
Array
(
    [time] => 2026-03-11 13:27:50
)


OnProlog triggered - registering handlers:
Array
(
    [time] => 2026-03-11 13:27:56
)


Lists handlers registered (3 variants):
Array
(
    [time] => 2026-03-11 13:27:56
)


OnProlog triggered - registering handlers:
Array
(
    [time] => 2026-03-11 13:27:57
)


Lists handlers registered (3 variants):
Array
(
    [time] => 2026-03-11 13:27:57
)


OnProlog triggered - registering handlers:
Array
(
    [time] => 2026-03-11 13:27:57
)


Lists handlers registered (3 variants):
Array
(
    [time] => 2026-03-11 13:27:57
)


OnProlog triggered - registering handlers:
Array
(
    [time] => 2026-03-11 13:27:57
)


Lists handlers registered (3 variants):
Array
(
    [time] => 2026-03-11 13:27:57
)


OnProlog triggered - registering handlers:
Array
(
    [time] => 2026-03-11 13:27:58
)


Lists handlers registered (3 variants):
Array
(
    [time] => 2026-03-11 13:27:58
)


OnProlog triggered - registering handlers:
Array
(
    [time] => 2026-03-11 13:27:58
)


Lists handlers registered (3 variants):
Array
(
    [time] => 2026-03-11 13:27:58
)


OnProlog triggered - registering handlers:
Array
(
    [time] => 2026-03-11 13:27:58
)


Lists handlers registered (3 variants):
Array
(
    [time] => 2026-03-11 13:27:58
)


OnProlog triggered - registering handlers:
Array
(
    [time] => 2026-03-11 13:27:59
)


Lists handlers registered (3 variants):
Array
(
    [time] => 2026-03-11 13:27:59
)


OnProlog triggered - registering handlers:
Array
(
    [time] => 2026-03-11 13:27:59
)


Lists handlers registered (3 variants):
Array
(
    [time] => 2026-03-11 13:27:59
)


OnProlog triggered - registering handlers:
Array
(
    [time] => 2026-03-11 13:27:59
)


Lists handlers registered (3 variants):
Array
(
    [time] => 2026-03-11 13:27:59
)


OnProlog triggered - registering handlers:
Array
(
    [time] => 2026-03-11 13:27:59
)


Lists handlers registered (3 variants):
Array
(
    [time] => 2026-03-11 13:27:59
)


OnProlog triggered - registering handlers:
Array
(
    [time] => 2026-03-11 13:28:00
)


Lists handlers registered (3 variants):
Array
(
    [time] => 2026-03-11 13:28:00
)


OnProlog triggered - registering handlers:
Array
(
    [time] => 2026-03-11 13:28:01
)


Lists handlers registered (3 variants):
Array
(
    [time] => 2026-03-11 13:28:01
)


OnProlog triggered - registering handlers:
Array
(
    [time] => 2026-03-11 13:28:02
)


Lists handlers registered (3 variants):
Array
(
    [time] => 2026-03-11 13:28:02
)


OnProlog triggered - registering handlers:
Array
(
    [time] => 2026-03-11 13:28:02
)


Lists handlers registered (3 variants):
Array
(
    [time] => 2026-03-11 13:28:02
)


OnProlog triggered - registering handlers:
Array
(
    [time] => 2026-03-11 13:28:03
)


Lists handlers registered (3 variants):
Array
(
    [time] => 2026-03-11 13:28:03
)


OnProlog triggered - registering handlers:
Array
(
    [time] => 2026-03-11 13:28:03
)


Lists handlers registered (3 variants):
Array
(
    [time] => 2026-03-11 13:28:03
)


OnProlog triggered - registering handlers:
Array
(
    [time] => 2026-03-11 13:28:03
)


Lists handlers registered (3 variants):
Array
(
    [time] => 2026-03-11 13:28:03
)


OnProlog triggered - registering handlers:
Array
(
    [time] => 2026-03-11 13:28:05
)


Lists handlers registered (3 variants):
Array
(
    [time] => 2026-03-11 13:28:05
)


OnProlog triggered - registering handlers:
Array
(
    [time] => 2026-03-11 13:28:06
)


Lists handlers registered (3 variants):
Array
(
    [time] => 2026-03-11 13:28:06
)


OnProlog triggered - registering handlers:
Array
(
    [time] => 2026-03-11 13:28:06
)


Lists handlers registered (3 variants):
Array
(
    [time] => 2026-03-11 13:28:06
)


OnProlog triggered - registering handlers:
Array
(
    [time] => 2026-03-11 13:28:08
)


Lists handlers registered (3 variants):
Array
(
    [time] => 2026-03-11 13:28:08
)


OnProlog triggered - registering handlers:
Array
(
    [time] => 2026-03-11 13:28:08
)


Lists handlers registered (3 variants):
Array
(
    [time] => 2026-03-11 13:28:08
)


OnProlog triggered - registering handlers:
Array
(
    [time] => 2026-03-11 13:28:10
)


Lists handlers registered (3 variants):
Array
(
    [time] => 2026-03-11 13:28:10
)


OnProlog triggered - registering handlers:
Array
(
    [time] => 2026-03-11 13:28:12
)


Lists handlers registered (3 variants):
Array
(
    [time] => 2026-03-11 13:28:12
)


OnProlog triggered - registering handlers:
Array
(
    [time] => 2026-03-11 13:28:14
)


Lists handlers registered (3 variants):
Array
(
    [time] => 2026-03-11 13:28:14
)


OnProlog triggered - registering handlers:
Array
(
    [time] => 2026-03-11 13:28:14
)


Lists handlers registered (3 variants):
Array
(
    [time] => 2026-03-11 13:28:14
)


OnProlog triggered - registering handlers:
Array
(
    [time] => 2026-03-11 13:28:21
)


Lists handlers registered (3 variants):
Array
(
    [time] => 2026-03-11 13:28:21
)


OnProlog triggered - registering handlers:
Array
(
    [time] => 2026-03-11 13:28:23
)


Lists handlers registered (3 variants):
Array
(
    [time] => 2026-03-11 13:28:23
)


OnProlog triggered - registering handlers:
Array
(
    [time] => 2026-03-11 13:28:23
)


Lists handlers registered (3 variants):
Array
(
    [time] => 2026-03-11 13:28:23
)


OnProlog triggered - registering handlers:
Array
(
    [time] => 2026-03-11 13:28:23
)


Lists handlers registered (3 variants):
Array
(
    [time] => 2026-03-11 13:28:23
)


OnProlog triggered - registering handlers:
Array
(
    [time] => 2026-03-11 13:28:27
)


Lists handlers registered (3 variants):
Array
(
    [time] => 2026-03-11 13:28:27
)


OnProlog triggered - registering handlers:
Array
(
    [time] => 2026-03-11 13:29:23
)


Lists handlers registered (3 variants):
Array
(
    [time] => 2026-03-11 13:29:23
)


OnProlog triggered - registering handlers:
Array
(
    [time] => 2026-03-11 13:29:24
)


Lists handlers registered (3 variants):
Array
(
    [time] => 2026-03-11 13:29:24
)


OnProlog triggered - registering handlers:
Array
(
    [time] => 2026-03-11 13:29:25
)


Lists handlers registered (3 variants):
Array
(
    [time] => 2026-03-11 13:29:25
)


OnProlog triggered - registering handlers:
Array
(
    [time] => 2026-03-11 13:29:30
)


Lists handlers registered (3 variants):
Array
(
    [time] => 2026-03-11 13:29:30
)


OnProlog triggered - registering handlers:
Array
(
    [time] => 2026-03-11 13:29:30
)


Lists handlers registered (3 variants):
Array
(
    [time] => 2026-03-11 13:29:30
)


OnProlog triggered - registering handlers:
Array
(
    [time] => 2026-03-11 13:29:32
)


Lists handlers registered (3 variants):
Array
(
    [time] => 2026-03-11 13:29:32
)


OnProlog triggered - registering handlers:
Array
(
    [time] => 2026-03-11 13:29:32
)


Lists handlers registered (3 variants):
Array
(
    [time] => 2026-03-11 13:29:32
)


OnProlog triggered - registering handlers:
Array
(
    [time] => 2026-03-11 13:29:34
)


Lists handlers registered (3 variants):
Array
(
    [time] => 2026-03-11 13:29:34
)


OnProlog triggered - registering handlers:
Array
(
    [time] => 2026-03-11 13:29:36
)


Lists handlers registered (3 variants):
Array
(
    [time] => 2026-03-11 13:29:36
)


OnProlog triggered - registering handlers:
Array
(
    [time] => 2026-03-11 13:29:39
)


Lists handlers registered (3 variants):
Array
(
    [time] => 2026-03-11 13:29:39
)


OnProlog triggered - registering handlers:
Array
(
    [time] => 2026-03-11 13:29:40
)


Lists handlers registered (3 variants):
Array
(
    [time] => 2026-03-11 13:29:40
)


OnProlog triggered - registering handlers:
Array
(
    [time] => 2026-03-11 13:29:50
)


Lists handlers registered (3 variants):
Array
(
    [time] => 2026-03-11 13:29:50
)


OnProlog triggered - registering handlers:
Array
(
    [time] => 2026-03-11 13:29:51
)


Lists handlers registered (3 variants):
Array
(
    [time] => 2026-03-11 13:29:51
)


OnProlog triggered - registering handlers:
Array
(
    [time] => 2026-03-11 13:29:51
)


Lists handlers registered (3 variants):
Array
(
    [time] => 2026-03-11 13:29:51
)


OnProlog triggered - registering handlers:
Array
(
    [time] => 2026-03-11 13:30:13
)


Lists handlers registered (3 variants):
Array
(
    [time] => 2026-03-11 13:30:13
)


OnProlog triggered - registering handlers:
Array
(
    [time] => 2026-03-11 13:30:23
)


Lists handlers registered (3 variants):
Array
(
    [time] => 2026-03-11 13:30:23
)


OnProlog triggered - registering handlers:
Array
(
    [time] => 2026-03-11 13:30:36
)


Lists handlers registered (3 variants):
Array
(
    [time] => 2026-03-11 13:30:36
)


OnProlog triggered - registering handlers:
Array
(
    [time] => 2026-03-11 13:30:37
)


Lists handlers registered (3 variants):
Array
(
    [time] => 2026-03-11 13:30:37
)


OnProlog triggered - registering handlers:
Array
(
    [time] => 2026-03-11 13:30:48
)


Lists handlers registered (3 variants):
Array
(
    [time] => 2026-03-11 13:30:48
)


OnProlog triggered - registering handlers:
Array
(
    [time] => 2026-03-11 13:30:49
)


Lists handlers registered (3 variants):
Array
(
    [time] => 2026-03-11 13:30:49
)


OnProlog triggered - registering handlers:
Array
(
    [time] => 2026-03-11 13:30:50
)


Lists handlers registered (3 variants):
Array
(
    [time] => 2026-03-11 13:30:50
)


OnProlog triggered - registering handlers:
Array
(
    [time] => 2026-03-11 13:30:56
)


Lists handlers registered (3 variants):
Array
(
    [time] => 2026-03-11 13:30:56
)


OnProlog triggered - registering handlers:
Array
(
    [time] => 2026-03-11 13:30:58
)


Lists handlers registered (3 variants):
Array
(
    [time] => 2026-03-11 13:30:58
)


OnProlog triggered - registering handlers:
Array
(
    [time] => 2026-03-11 13:31:00
)


Lists handlers registered (3 variants):
Array
(
    [time] => 2026-03-11 13:31:00
)


OnProlog triggered - registering handlers:
Array
(
    [time] => 2026-03-11 13:31:01
)


Lists handlers registered (3 variants):
Array
(
    [time] => 2026-03-11 13:31:01
)


OnProlog triggered - registering handlers:
Array
(
    [time] => 2026-03-11 13:31:03
)


Lists handlers registered (3 variants):
Array
(
    [time] => 2026-03-11 13:31:03
)


OnProlog triggered - registering handlers:
Array
(
    [time] => 2026-03-11 13:31:03
)


Lists handlers registered (3 variants):
Array
(
    [time] => 2026-03-11 13:31:03
)


OnProlog triggered - registering handlers:
Array
(
    [time] => 2026-03-11 13:31:03
)


Lists handlers registered (3 variants):
Array
(
    [time] => 2026-03-11 13:31:03
)


OnProlog triggered - registering handlers:
Array
(
    [time] => 2026-03-11 13:31:07
)


Lists handlers registered (3 variants):
Array
(
    [time] => 2026-03-11 13:31:07
)


OnProlog triggered - registering handlers:
Array
(
    [time] => 2026-03-11 13:31:08
)


Lists handlers registered (3 variants):
Array
(
    [time] => 2026-03-11 13:31:08
)


OnProlog triggered - registering handlers:
Array
(
    [time] => 2026-03-11 13:31:08
)


Lists handlers registered (3 variants):
Array
(
    [time] => 2026-03-11 13:31:08
)


OnProlog triggered - registering handlers:
Array
(
    [time] => 2026-03-11 13:31:10
)


Lists handlers registered (3 variants):
Array
(
    [time] => 2026-03-11 13:31:10
)


OnProlog triggered - registering handlers:
Array
(
    [time] => 2026-03-11 13:31:10
)


Lists handlers registered (3 variants):
Array
(
    [time] => 2026-03-11 13:31:10
)


OnProlog triggered - registering handlers:
Array
(
    [time] => 2026-03-11 13:31:12
)


Lists handlers registered (3 variants):
Array
(
    [time] => 2026-03-11 13:31:12
)


OnProlog triggered - registering handlers:
Array
(
    [time] => 2026-03-11 13:31:15
)


Lists handlers registered (3 variants):
Array
(
    [time] => 2026-03-11 13:31:15
)


OnProlog triggered - registering handlers:
Array
(
    [time] => 2026-03-11 13:31:16
)


Lists handlers registered (3 variants):
Array
(
    [time] => 2026-03-11 13:31:16
)


OnProlog triggered - registering handlers:
Array
(
    [time] => 2026-03-11 13:31:16
)


Lists handlers registered (3 variants):
Array
(
    [time] => 2026-03-11 13:31:16
)


OnProlog triggered - registering handlers:
Array
(
    [time] => 2026-03-11 13:31:17
)


Lists handlers registered (3 variants):
Array
(
    [time] => 2026-03-11 13:31:17
)


OnProlog triggered - registering handlers:
Array
(
    [time] => 2026-03-11 13:31:27
)


Lists handlers registered (3 variants):
Array
(
    [time] => 2026-03-11 13:31:27
)


OnProlog triggered - registering handlers:
Array
(
    [time] => 2026-03-11 13:31:28
)


Lists handlers registered (3 variants):
Array
(
    [time] => 2026-03-11 13:31:28
)


OnProlog triggered - registering handlers:
Array
(
    [time] => 2026-03-11 13:31:29
)


Lists handlers registered (3 variants):
Array
(
    [time] => 2026-03-11 13:31:29
)


OnProlog triggered - registering handlers:
Array
(
    [time] => 2026-03-11 13:31:30
)


Lists handlers registered (3 variants):
Array
(
    [time] => 2026-03-11 13:31:30
)


OnProlog triggered - registering handlers:
Array
(
    [time] => 2026-03-11 13:31:32
)


Lists handlers registered (3 variants):
Array
(
    [time] => 2026-03-11 13:31:32
)


OnProlog triggered - registering handlers:
Array
(
    [time] => 2026-03-11 13:31:33
)


Lists handlers registered (3 variants):
Array
(
    [time] => 2026-03-11 13:31:33
)


OnProlog triggered - registering handlers:
Array
(
    [time] => 2026-03-11 13:31:33
)


Lists handlers registered (3 variants):
Array
(
    [time] => 2026-03-11 13:31:33
)


OnProlog triggered - registering handlers:
Array
(
    [time] => 2026-03-11 13:31:35
)


Lists handlers registered (3 variants):
Array
(
    [time] => 2026-03-11 13:31:35
)


OnProlog triggered - registering handlers:
Array
(
    [time] => 2026-03-11 13:31:35
)


Lists handlers registered (3 variants):
Array
(
    [time] => 2026-03-11 13:31:35
)


OnProlog triggered - registering handlers:
Array
(
    [time] => 2026-03-11 13:31:37
)


Lists handlers registered (3 variants):
Array
(
    [time] => 2026-03-11 13:31:37
)


OnProlog triggered - registering handlers:
Array
(
    [time] => 2026-03-11 13:31:40
)


Lists handlers registered (3 variants):
Array
(
    [time] => 2026-03-11 13:31:40
)


OnProlog triggered - registering handlers:
Array
(
    [time] => 2026-03-11 13:31:41
)


Lists handlers registered (3 variants):
Array
(
    [time] => 2026-03-11 13:31:41
)


OnProlog triggered - registering handlers:
Array
(
    [time] => 2026-03-11 13:31:41
)


Lists handlers registered (3 variants):
Array
(
    [time] => 2026-03-11 13:31:41
)


OnProlog triggered - registering handlers:
Array
(
    [time] => 2026-03-11 13:31:46
)


Lists handlers registered (3 variants):
Array
(
    [time] => 2026-03-11 13:31:46
)


OnProlog triggered - registering handlers:
Array
(
    [time] => 2026-03-11 13:31:48
)


Lists handlers registered (3 variants):
Array
(
    [time] => 2026-03-11 13:31:48
)


OnProlog triggered - registering handlers:
Array
(
    [time] => 2026-03-11 13:31:48
)


Lists handlers registered (3 variants):
Array
(
    [time] => 2026-03-11 13:31:48
)


OnProlog triggered - registering handlers:
Array
(
    [time] => 2026-03-11 13:31:50
)


Lists handlers registered (3 variants):
Array
(
    [time] => 2026-03-11 13:31:50
)


OnProlog triggered - registering handlers:
Array
(
    [time] => 2026-03-11 13:32:26
)


Lists handlers registered (3 variants):
Array
(
    [time] => 2026-03-11 13:32:26
)


OnProlog triggered - registering handlers:
Array
(
    [time] => 2026-03-11 13:32:30
)


Lists handlers registered (3 variants):
Array
(
    [time] => 2026-03-11 13:32:30
)


OnProlog triggered - registering handlers:
Array
(
    [time] => 2026-03-11 13:32:31
)


Lists handlers registered (3 variants):
Array
(
    [time] => 2026-03-11 13:32:31
)


OnProlog triggered - registering handlers:
Array
(
    [time] => 2026-03-11 13:32:31
)


Lists handlers registered (3 variants):
Array
(
    [time] => 2026-03-11 13:32:31
)


OnProlog triggered - registering handlers:
Array
(
    [time] => 2026-03-11 13:32:33
)


Lists handlers registered (3 variants):
Array
(
    [time] => 2026-03-11 13:32:33
)


OnProlog triggered - registering handlers:
Array
(
    [time] => 2026-03-11 13:32:49
)


Lists handlers registered (3 variants):
Array
(
    [time] => 2026-03-11 13:32:49
)


OnProlog triggered - registering handlers:
Array
(
    [time] => 2026-03-11 13:33:00
)


Lists handlers registered (3 variants):
Array
(
    [time] => 2026-03-11 13:33:00
)


OnProlog triggered - registering handlers:
Array
(
    [time] => 2026-03-11 13:33:02
)


Lists handlers registered (3 variants):
Array
(
    [time] => 2026-03-11 13:33:02
)


OnProlog triggered - registering handlers:
Array
(
    [time] => 2026-03-11 13:33:11
)


Lists handlers registered (3 variants):
Array
(
    [time] => 2026-03-11 13:33:11
)


OnProlog triggered - registering handlers:
Array
(
    [time] => 2026-03-11 13:33:17
)


Lists handlers registered (3 variants):
Array
(
    [time] => 2026-03-11 13:33:17
)


OnProlog triggered - registering handlers:
Array
(
    [time] => 2026-03-11 13:33:29
)


Lists handlers registered (3 variants):
Array
(
    [time] => 2026-03-11 13:33:29
)


OnProlog triggered - registering handlers:
Array
(
    [time] => 2026-03-11 13:33:29
)


Lists handlers registered (3 variants):
Array
(
    [time] => 2026-03-11 13:33:29
)


OnProlog triggered - registering handlers:
Array
(
    [time] => 2026-03-11 13:33:31
)


Lists handlers registered (3 variants):
Array
(
    [time] => 2026-03-11 13:33:31
)


OnProlog triggered - registering handlers:
Array
(
    [time] => 2026-03-11 13:33:31
)


Lists handlers registered (3 variants):
Array
(
    [time] => 2026-03-11 13:33:31
)


OnProlog triggered - registering handlers:
Array
(
    [time] => 2026-03-11 13:33:34
)


Lists handlers registered (3 variants):
Array
(
    [time] => 2026-03-11 13:33:34
)


OnProlog triggered - registering handlers:
Array
(
    [time] => 2026-03-11 13:33:35
)


Lists handlers registered (3 variants):
Array
(
    [time] => 2026-03-11 13:33:35
)


OnProlog triggered - registering handlers:
Array
(
    [time] => 2026-03-11 13:33:36
)


Lists handlers registered (3 variants):
Array
(
    [time] => 2026-03-11 13:33:36
)


OnProlog triggered - registering handlers:
Array
(
    [time] => 2026-03-11 13:33:37
)


Lists handlers registered (3 variants):
Array
(
    [time] => 2026-03-11 13:33:37
)


OnProlog triggered - registering handlers:
Array
(
    [time] => 2026-03-11 13:33:40
)


Lists handlers registered (3 variants):
Array
(
    [time] => 2026-03-11 13:33:40
)


OnProlog triggered - registering handlers:
Array
(
    [time] => 2026-03-11 13:33:41
)


Lists handlers registered (3 variants):
Array
(
    [time] => 2026-03-11 13:33:41
)


OnProlog triggered - registering handlers:
Array
(
    [time] => 2026-03-11 13:33:41
)


Lists handlers registered (3 variants):
Array
(
    [time] => 2026-03-11 13:33:41
)


OnProlog triggered - registering handlers:
Array
(
    [time] => 2026-03-11 13:33:43
)


Lists handlers registered (3 variants):
Array
(
    [time] => 2026-03-11 13:33:43
)


OnProlog triggered - registering handlers:
Array
(
    [time] => 2026-03-11 13:33:44
)


Lists handlers registered (3 variants):
Array
(
    [time] => 2026-03-11 13:33:44
)


OnProlog triggered - registering handlers:
Array
(
    [time] => 2026-03-11 13:33:44
)


Lists handlers registered (3 variants):
Array
(
    [time] => 2026-03-11 13:33:44
)


OnProlog triggered - registering handlers:
Array
(
    [time] => 2026-03-11 13:33:47
)


Lists handlers registered (3 variants):
Array
(
    [time] => 2026-03-11 13:33:47
)


OnProlog triggered - registering handlers:
Array
(
    [time] => 2026-03-11 13:33:49
)


Lists handlers registered (3 variants):
Array
(
    [time] => 2026-03-11 13:33:49
)


OnProlog triggered - registering handlers:
Array
(
    [time] => 2026-03-11 13:33:49
)


Lists handlers registered (3 variants):
Array
(
    [time] => 2026-03-11 13:33:49
)


OnProlog triggered - registering handlers:
Array
(
    [time] => 2026-03-11 13:33:50
)


Lists handlers registered (3 variants):
Array
(
    [time] => 2026-03-11 13:33:50
)


OnProlog triggered - registering handlers:
Array
(
    [time] => 2026-03-11 13:33:50
)


Lists handlers registered (3 variants):
Array
(
    [time] => 2026-03-11 13:33:50
)


OnProlog triggered - registering handlers:
Array
(
    [time] => 2026-03-11 13:33:50
)


Lists handlers registered (3 variants):
Array
(
    [time] => 2026-03-11 13:33:50
)


OnProlog triggered - registering handlers:
Array
(
    [time] => 2026-03-11 13:33:51
)


Lists handlers registered (3 variants):
Array
(
    [time] => 2026-03-11 13:33:51
)


OnProlog triggered - registering handlers:
Array
(
    [time] => 2026-03-11 13:33:51
)


Lists handlers registered (3 variants):
Array
(
    [time] => 2026-03-11 13:33:51
)


OnProlog triggered - registering handlers:
Array
(
    [time] => 2026-03-11 13:33:51
)


Lists handlers registered (3 variants):
Array
(
    [time] => 2026-03-11 13:33:51
)


OnProlog triggered - registering handlers:
Array
(
    [time] => 2026-03-11 13:33:52
)


Lists handlers registered (3 variants):
Array
(
    [time] => 2026-03-11 13:33:52
)


OnProlog triggered - registering handlers:
Array
(
    [time] => 2026-03-11 13:33:52
)


Lists handlers registered (3 variants):
Array
(
    [time] => 2026-03-11 13:33:52
)


OnProlog triggered - registering handlers:
Array
(
    [time] => 2026-03-11 13:33:52
)


Lists handlers registered (3 variants):
Array
(
    [time] => 2026-03-11 13:33:52
)


OnProlog triggered - registering handlers:
Array
(
    [time] => 2026-03-11 13:33:53
)


Lists handlers registered (3 variants):
Array
(
    [time] => 2026-03-11 13:33:53
)


OnProlog triggered - registering handlers:
Array
(
    [time] => 2026-03-11 13:33:54
)


Lists handlers registered (3 variants):
Array
(
    [time] => 2026-03-11 13:33:54
)


OnProlog triggered - registering handlers:
Array
(
    [time] => 2026-03-11 13:33:54
)


Lists handlers registered (3 variants):
Array
(
    [time] => 2026-03-11 13:33:54
)


OnProlog triggered - registering handlers:
Array
(
    [time] => 2026-03-11 13:33:55
)


Lists handlers registered (3 variants):
Array
(
    [time] => 2026-03-11 13:33:55
)


OnProlog triggered - registering handlers:
Array
(
    [time] => 2026-03-11 13:33:56
)


Lists handlers registered (3 variants):
Array
(
    [time] => 2026-03-11 13:33:56
)


OnProlog triggered - registering handlers:
Array
(
    [time] => 2026-03-11 13:33:56
)


Lists handlers registered (3 variants):
Array
(
    [time] => 2026-03-11 13:33:56
)


OnProlog triggered - registering handlers:
Array
(
    [time] => 2026-03-11 13:33:58
)


Lists handlers registered (3 variants):
Array
(
    [time] => 2026-03-11 13:33:58
)


OnProlog triggered - registering handlers:
Array
(
    [time] => 2026-03-11 13:33:59
)


Lists handlers registered (3 variants):
Array
(
    [time] => 2026-03-11 13:33:59
)


OnProlog triggered - registering handlers:
Array
(
    [time] => 2026-03-11 13:34:00
)


Lists handlers registered (3 variants):
Array
(
    [time] => 2026-03-11 13:34:00
)


OnProlog triggered - registering handlers:
Array
(
    [time] => 2026-03-11 13:34:00
)


Lists handlers registered (3 variants):
Array
(
    [time] => 2026-03-11 13:34:00
)


OnProlog triggered - registering handlers:
Array
(
    [time] => 2026-03-11 13:34:08
)


Lists handlers registered (3 variants):
Array
(
    [time] => 2026-03-11 13:34:08
)


OnProlog triggered - registering handlers:
Array
(
    [time] => 2026-03-11 13:34:09
)


Lists handlers registered (3 variants):
Array
(
    [time] => 2026-03-11 13:34:09
)


OnProlog triggered - registering handlers:
Array
(
    [time] => 2026-03-11 13:34:09
)


Lists handlers registered (3 variants):
Array
(
    [time] => 2026-03-11 13:34:09
)


OnProlog triggered - registering handlers:
Array
(
    [time] => 2026-03-11 13:34:10
)


Lists handlers registered (3 variants):
Array
(
    [time] => 2026-03-11 13:34:10
)


OnProlog triggered - registering handlers:
Array
(
    [time] => 2026-03-11 13:34:31
)


Lists handlers registered (3 variants):
Array
(
    [time] => 2026-03-11 13:34:31
)


OnProlog triggered - registering handlers:
Array
(
    [time] => 2026-03-11 13:34:37
)


Lists handlers registered (3 variants):
Array
(
    [time] => 2026-03-11 13:34:37
)


OnProlog triggered - registering handlers:
Array
(
    [time] => 2026-03-11 13:34:53
)


Lists handlers registered (3 variants):
Array
(
    [time] => 2026-03-11 13:34:53
)


OnProlog triggered - registering handlers:
Array
(
    [time] => 2026-03-11 13:35:16
)


Lists handlers registered (3 variants):
Array
(
    [time] => 2026-03-11 13:35:16
)


OnProlog triggered - registering handlers:
Array
(
    [time] => 2026-03-11 13:35:26
)


Lists handlers registered (3 variants):
Array
(
    [time] => 2026-03-11 13:35:26
)


OnProlog triggered - registering handlers:
Array
(
    [time] => 2026-03-11 13:35:28
)


Lists handlers registered (3 variants):
Array
(
    [time] => 2026-03-11 13:35:28
)


OnProlog triggered - registering handlers:
Array
(
    [time] => 2026-03-11 13:35:28
)


Lists handlers registered (3 variants):
Array
(
    [time] => 2026-03-11 13:35:28
)


OnProlog triggered - registering handlers:
Array
(
    [time] => 2026-03-11 13:35:29
)


Lists handlers registered (3 variants):
Array
(
    [time] => 2026-03-11 13:35:29
)


OnProlog triggered - registering handlers:
Array
(
    [time] => 2026-03-11 13:35:30
)


Lists handlers registered (3 variants):
Array
(
    [time] => 2026-03-11 13:35:30
)


OnProlog triggered - registering handlers:
Array
(
    [time] => 2026-03-11 13:35:42
)


Lists handlers registered (3 variants):
Array
(
    [time] => 2026-03-11 13:35:42
)


OnProlog triggered - registering handlers:
Array
(
    [time] => 2026-03-11 13:35:43
)


Lists handlers registered (3 variants):
Array
(
    [time] => 2026-03-11 13:35:43
)


OnProlog triggered - registering handlers:
Array
(
    [time] => 2026-03-11 13:35:44
)


Lists handlers registered (3 variants):
Array
(
    [time] => 2026-03-11 13:35:44
)


OnProlog triggered - registering handlers:
Array
(
    [time] => 2026-03-11 13:35:44
)


Lists handlers registered (3 variants):
Array
(
    [time] => 2026-03-11 13:35:44
)


OnProlog triggered - registering handlers:
Array
(
    [time] => 2026-03-11 13:35:48
)


Lists handlers registered (3 variants):
Array
(
    [time] => 2026-03-11 13:35:48
)


OnProlog triggered - registering handlers:
Array
(
    [time] => 2026-03-11 13:35:49
)


Lists handlers registered (3 variants):
Array
(
    [time] => 2026-03-11 13:35:49
)


OnProlog triggered - registering handlers:
Array
(
    [time] => 2026-03-11 13:35:49
)


Lists handlers registered (3 variants):
Array
(
    [time] => 2026-03-11 13:35:49
)


OnProlog triggered - registering handlers:
Array
(
    [time] => 2026-03-11 13:35:50
)


Lists handlers registered (3 variants):
Array
(
    [time] => 2026-03-11 13:35:50
)


OnProlog triggered - registering handlers:
Array
(
    [time] => 2026-03-11 13:35:51
)


Lists handlers registered (3 variants):
Array
(
    [time] => 2026-03-11 13:35:51
)


OnProlog triggered - registering handlers:
Array
(
    [time] => 2026-03-11 13:35:52
)


Lists handlers registered (3 variants):
Array
(
    [time] => 2026-03-11 13:35:52
)


OnProlog triggered - registering handlers:
Array
(
    [time] => 2026-03-11 13:35:53
)


Lists handlers registered (3 variants):
Array
(
    [time] => 2026-03-11 13:35:53
)


OnProlog triggered - registering handlers:
Array
(
    [time] => 2026-03-11 13:35:55
)


Lists handlers registered (3 variants):
Array
(
    [time] => 2026-03-11 13:35:55
)


OnProlog triggered - registering handlers:
Array
(
    [time] => 2026-03-11 13:35:55
)


Lists handlers registered (3 variants):
Array
(
    [time] => 2026-03-11 13:35:55
)


OnProlog triggered - registering handlers:
Array
(
    [time] => 2026-03-11 13:36:23
)


Lists handlers registered (3 variants):
Array
(
    [time] => 2026-03-11 13:36:23
)


OnProlog triggered - registering handlers:
Array
(
    [time] => 2026-03-11 13:36:29
)


Lists handlers registered (3 variants):
Array
(
    [time] => 2026-03-11 13:36:29
)


OnProlog triggered - registering handlers:
Array
(
    [time] => 2026-03-11 13:36:31
)


Lists handlers registered (3 variants):
Array
(
    [time] => 2026-03-11 13:36:31
)


OnProlog triggered - registering handlers:
Array
(
    [time] => 2026-03-11 13:36:49
)


Lists handlers registered (3 variants):
Array
(
    [time] => 2026-03-11 13:36:49
)


OnProlog triggered - registering handlers:
Array
(
    [time] => 2026-03-11 13:36:55
)


Lists handlers registered (3 variants):
Array
(
    [time] => 2026-03-11 13:36:55
)


OnProlog triggered - registering handlers:
Array
(
    [time] => 2026-03-11 13:36:57
)


Lists handlers registered (3 variants):
Array
(
    [time] => 2026-03-11 13:36:57
)


OnProlog triggered - registering handlers:
Array
(
    [time] => 2026-03-11 13:36:58
)


Lists handlers registered (3 variants):
Array
(
    [time] => 2026-03-11 13:36:58
)


OnProlog triggered - registering handlers:
Array
(
    [time] => 2026-03-11 13:36:59
)


Lists handlers registered (3 variants):
Array
(
    [time] => 2026-03-11 13:36:59
)


OnProlog triggered - registering handlers:
Array
(
    [time] => 2026-03-11 13:37:00
)


Lists handlers registered (3 variants):
Array
(
    [time] => 2026-03-11 13:37:00
)


OnProlog triggered - registering handlers:
Array
(
    [time] => 2026-03-11 13:37:06
)


Lists handlers registered (3 variants):
Array
(
    [time] => 2026-03-11 13:37:06
)


OnProlog triggered - registering handlers:
Array
(
    [time] => 2026-03-11 13:37:07
)


Lists handlers registered (3 variants):
Array
(
    [time] => 2026-03-11 13:37:07
)


OnProlog triggered - registering handlers:
Array
(
    [time] => 2026-03-11 13:37:08
)


Lists handlers registered (3 variants):
Array
(
    [time] => 2026-03-11 13:37:08
)


OnProlog triggered - registering handlers:
Array
(
    [time] => 2026-03-11 13:37:08
)


Lists handlers registered (3 variants):
Array
(
    [time] => 2026-03-11 13:37:08
)


OnProlog triggered - registering handlers:
Array
(
    [time] => 2026-03-11 13:37:12
)


Lists handlers registered (3 variants):
Array
(
    [time] => 2026-03-11 13:37:12
)


OnProlog triggered - registering handlers:
Array
(
    [time] => 2026-03-11 13:37:12
)


Lists handlers registered (3 variants):
Array
(
    [time] => 2026-03-11 13:37:12
)


OnProlog triggered - registering handlers:
Array
(
    [time] => 2026-03-11 13:37:12
)


Lists handlers registered (3 variants):
Array
(
    [time] => 2026-03-11 13:37:12
)


OnProlog triggered - registering handlers:
Array
(
    [time] => 2026-03-11 13:37:14
)


Lists handlers registered (3 variants):
Array
(
    [time] => 2026-03-11 13:37:14
)


OnProlog triggered - registering handlers:
Array
(
    [time] => 2026-03-11 13:37:14
)


Lists handlers registered (3 variants):
Array
(
    [time] => 2026-03-11 13:37:14
)


OnProlog triggered - registering handlers:
Array
(
    [time] => 2026-03-11 13:37:16
)


Lists handlers registered (3 variants):
Array
(
    [time] => 2026-03-11 13:37:16
)


OnProlog triggered - registering handlers:
Array
(
    [time] => 2026-03-11 13:37:16
)


Lists handlers registered (3 variants):
Array
(
    [time] => 2026-03-11 13:37:16
)


OnProlog triggered - registering handlers:
Array
(
    [time] => 2026-03-11 13:37:18
)


Lists handlers registered (3 variants):
Array
(
    [time] => 2026-03-11 13:37:18
)


OnProlog triggered - registering handlers:
Array
(
    [time] => 2026-03-11 13:37:19
)


Lists handlers registered (3 variants):
Array
(
    [time] => 2026-03-11 13:37:19
)


OnProlog triggered - registering handlers:
Array
(
    [time] => 2026-03-11 13:37:37
)


Lists handlers registered (3 variants):
Array
(
    [time] => 2026-03-11 13:37:37
)


OnProlog triggered - registering handlers:
Array
(
    [time] => 2026-03-11 13:37:38
)


Lists handlers registered (3 variants):
Array
(
    [time] => 2026-03-11 13:37:38
)


OnProlog triggered - registering handlers:
Array
(
    [time] => 2026-03-11 13:37:38
)


Lists handlers registered (3 variants):
Array
(
    [time] => 2026-03-11 13:37:38
)


OnProlog triggered - registering handlers:
Array
(
    [time] => 2026-03-11 13:37:38
)


Lists handlers registered (3 variants):
Array
(
    [time] => 2026-03-11 13:37:38
)


OnProlog triggered - registering handlers:
Array
(
    [time] => 2026-03-11 13:37:44
)


Lists handlers registered (3 variants):
Array
(
    [time] => 2026-03-11 13:37:44
)


OnProlog triggered - registering handlers:
Array
(
    [time] => 2026-03-11 13:37:47
)


Lists handlers registered (3 variants):
Array
(
    [time] => 2026-03-11 13:37:47
)


OnProlog triggered - registering handlers:
Array
(
    [time] => 2026-03-11 13:37:54
)


Lists handlers registered (3 variants):
Array
(
    [time] => 2026-03-11 13:37:54
)


OnProlog triggered - registering handlers:
Array
(
    [time] => 2026-03-11 13:37:58
)


Lists handlers registered (3 variants):
Array
(
    [time] => 2026-03-11 13:37:58
)


OnProlog triggered - registering handlers:
Array
(
    [time] => 2026-03-11 13:37:58
)


Lists handlers registered (3 variants):
Array
(
    [time] => 2026-03-11 13:37:58
)


OnProlog triggered - registering handlers:
Array
(
    [time] => 2026-03-11 13:38:00
)


Lists handlers registered (3 variants):
Array
(
    [time] => 2026-03-11 13:38:00
)


OnProlog triggered - registering handlers:
Array
(
    [time] => 2026-03-11 13:38:00
)


Lists handlers registered (3 variants):
Array
(
    [time] => 2026-03-11 13:38:00
)


OnProlog triggered - registering handlers:
Array
(
    [time] => 2026-03-11 13:38:05
)


Lists handlers registered (3 variants):
Array
(
    [time] => 2026-03-11 13:38:05
)


OnProlog triggered - registering handlers:
Array
(
    [time] => 2026-03-11 13:38:06
)


Lists handlers registered (3 variants):
Array
(
    [time] => 2026-03-11 13:38:06
)


OnProlog triggered - registering handlers:
Array
(
    [time] => 2026-03-11 13:38:07
)


Lists handlers registered (3 variants):
Array
(
    [time] => 2026-03-11 13:38:07
)


OnProlog triggered - registering handlers:
Array
(
    [time] => 2026-03-11 13:38:08
)


Lists handlers registered (3 variants):
Array
(
    [time] => 2026-03-11 13:38:08
)


OnProlog triggered - registering handlers:
Array
(
    [time] => 2026-03-11 13:38:08
)


Lists handlers registered (3 variants):
Array
(
    [time] => 2026-03-11 13:38:08
)


OnProlog triggered - registering handlers:
Array
(
    [time] => 2026-03-11 13:38:09
)


Lists handlers registered (3 variants):
Array
(
    [time] => 2026-03-11 13:38:09
)


OnProlog triggered - registering handlers:
Array
(
    [time] => 2026-03-11 13:38:12
)


Lists handlers registered (3 variants):
Array
(
    [time] => 2026-03-11 13:38:12
)


OnProlog triggered - registering handlers:
Array
(
    [time] => 2026-03-11 13:38:14
)


Lists handlers registered (3 variants):
Array
(
    [time] => 2026-03-11 13:38:14
)


OnProlog triggered - registering handlers:
Array
(
    [time] => 2026-03-11 13:38:14
)


Lists handlers registered (3 variants):
Array
(
    [time] => 2026-03-11 13:38:14
)


OnProlog triggered - registering handlers:
Array
(
    [time] => 2026-03-11 13:38:29
)


Lists handlers registered (3 variants):
Array
(
    [time] => 2026-03-11 13:38:29
)


OnProlog triggered - registering handlers:
Array
(
    [time] => 2026-03-11 13:38:30
)


Lists handlers registered (3 variants):
Array
(
    [time] => 2026-03-11 13:38:30
)


OnProlog triggered - registering handlers:
Array
(
    [time] => 2026-03-11 13:38:30
)


Lists handlers registered (3 variants):
Array
(
    [time] => 2026-03-11 13:38:30
)


OnProlog triggered - registering handlers:
Array
(
    [time] => 2026-03-11 13:38:30
)


Lists handlers registered (3 variants):
Array
(
    [time] => 2026-03-11 13:38:30
)


OnProlog triggered - registering handlers:
Array
(
    [time] => 2026-03-11 13:38:46
)


Lists handlers registered (3 variants):
Array
(
    [time] => 2026-03-11 13:38:46
)


OnProlog triggered - registering handlers:
Array
(
    [time] => 2026-03-11 13:39:00
)


Lists handlers registered (3 variants):
Array
(
    [time] => 2026-03-11 13:39:00
)


OnProlog triggered - registering handlers:
Array
(
    [time] => 2026-03-11 13:39:00
)


Lists handlers registered (3 variants):
Array
(
    [time] => 2026-03-11 13:39:00
)


OnProlog triggered - registering handlers:
Array
(
    [time] => 2026-03-11 13:39:00
)


Lists handlers registered (3 variants):
Array
(
    [time] => 2026-03-11 13:39:00
)


OnProlog triggered - registering handlers:
Array
(
    [time] => 2026-03-11 13:39:00
)


Lists handlers registered (3 variants):
Array
(
    [time] => 2026-03-11 13:39:00
)


OnProlog triggered - registering handlers:
Array
(
    [time] => 2026-03-11 13:39:08
)


Lists handlers registered (3 variants):
Array
(
    [time] => 2026-03-11 13:39:08
)


OnProlog triggered - registering handlers:
Array
(
    [time] => 2026-03-11 13:39:12
)


Lists handlers registered (3 variants):
Array
(
    [time] => 2026-03-11 13:39:12
)


OnProlog triggered - registering handlers:
Array
(
    [time] => 2026-03-11 13:39:14
)


Lists handlers registered (3 variants):
Array
(
    [time] => 2026-03-11 13:39:14
)


OnProlog triggered - registering handlers:
Array
(
    [time] => 2026-03-11 13:39:14
)


Lists handlers registered (3 variants):
Array
(
    [time] => 2026-03-11 13:39:14
)


OnProlog triggered - registering handlers:
Array
(
    [time] => 2026-03-11 13:39:14
)


Lists handlers registered (3 variants):
Array
(
    [time] => 2026-03-11 13:39:14
)


OnProlog triggered - registering handlers:
Array
(
    [time] => 2026-03-11 13:39:15
)


Lists handlers registered (3 variants):
Array
(
    [time] => 2026-03-11 13:39:15
)


OnProlog triggered - registering handlers:
Array
(
    [time] => 2026-03-11 13:39:18
)


Lists handlers registered (3 variants):
Array
(
    [time] => 2026-03-11 13:39:18
)


OnProlog triggered - registering handlers:
Array
(
    [time] => 2026-03-11 13:39:24
)


Lists handlers registered (3 variants):
Array
(
    [time] => 2026-03-11 13:39:24
)


OnProlog triggered - registering handlers:
Array
(
    [time] => 2026-03-11 13:39:26
)


Lists handlers registered (3 variants):
Array
(
    [time] => 2026-03-11 13:39:26
)


OnProlog triggered - registering handlers:
Array
(
    [time] => 2026-03-11 13:39:27
)


Lists handlers registered (3 variants):
Array
(
    [time] => 2026-03-11 13:39:27
)


OnProlog triggered - registering handlers:
Array
(
    [time] => 2026-03-11 13:39:28
)


Lists handlers registered (3 variants):
Array
(
    [time] => 2026-03-11 13:39:28
)


OnProlog triggered - registering handlers:
Array
(
    [time] => 2026-03-11 13:39:29
)


Lists handlers registered (3 variants):
Array
(
    [time] => 2026-03-11 13:39:29
)


OnProlog triggered - registering handlers:
Array
(
    [time] => 2026-03-11 13:39:34
)


Lists handlers registered (3 variants):
Array
(
    [time] => 2026-03-11 13:39:34
)


OnProlog triggered - registering handlers:
Array
(
    [time] => 2026-03-11 13:39:35
)


Lists handlers registered (3 variants):
Array
(
    [time] => 2026-03-11 13:39:35
)


OnProlog triggered - registering handlers:
Array
(
    [time] => 2026-03-11 13:39:35
)


Lists handlers registered (3 variants):
Array
(
    [time] => 2026-03-11 13:39:35
)


OnProlog triggered - registering handlers:
Array
(
    [time] => 2026-03-11 13:39:35
)


Lists handlers registered (3 variants):
Array
(
    [time] => 2026-03-11 13:39:35
)


OnProlog triggered - registering handlers:
Array
(
    [time] => 2026-03-11 13:39:35
)


Lists handlers registered (3 variants):
Array
(
    [time] => 2026-03-11 13:39:35
)


OnProlog triggered - registering handlers:
Array
(
    [time] => 2026-03-11 13:39:36
)


Lists handlers registered (3 variants):
Array
(
    [time] => 2026-03-11 13:39:36
)


OnProlog triggered - registering handlers:
Array
(
    [time] => 2026-03-11 13:39:36
)


Lists handlers registered (3 variants):
Array
(
    [time] => 2026-03-11 13:39:36
)


OnProlog triggered - registering handlers:
Array
(
    [time] => 2026-03-11 13:39:36
)


Lists handlers registered (3 variants):
Array
(
    [time] => 2026-03-11 13:39:36
)


OnProlog triggered - registering handlers:
Array
(
    [time] => 2026-03-11 13:39:36
)


Lists handlers registered (3 variants):
Array
(
    [time] => 2026-03-11 13:39:36
)


OnProlog triggered - registering handlers:
Array
(
    [time] => 2026-03-11 13:39:42
)


Lists handlers registered (3 variants):
Array
(
    [time] => 2026-03-11 13:39:42
)


OnProlog triggered - registering handlers:
Array
(
    [time] => 2026-03-11 13:39:43
)


Lists handlers registered (3 variants):
Array
(
    [time] => 2026-03-11 13:39:43
)


OnProlog triggered - registering handlers:
Array
(
    [time] => 2026-03-11 13:39:44
)


Lists handlers registered (3 variants):
Array
(
    [time] => 2026-03-11 13:39:44
)


OnProlog triggered - registering handlers:
Array
(
    [time] => 2026-03-11 13:39:45
)


Lists handlers registered (3 variants):
Array
(
    [time] => 2026-03-11 13:39:45
)


OnProlog triggered - registering handlers:
Array
(
    [time] => 2026-03-11 13:39:46
)


Lists handlers registered (3 variants):
Array
(
    [time] => 2026-03-11 13:39:46
)


OnProlog triggered - registering handlers:
Array
(
    [time] => 2026-03-11 13:39:47
)


Lists handlers registered (3 variants):
Array
(
    [time] => 2026-03-11 13:39:47
)


OnProlog triggered - registering handlers:
Array
(
    [time] => 2026-03-11 13:39:49
)


Lists handlers registered (3 variants):
Array
(
    [time] => 2026-03-11 13:39:49
)


OnProlog triggered - registering handlers:
Array
(
    [time] => 2026-03-11 13:39:49
)


Lists handlers registered (3 variants):
Array
(
    [time] => 2026-03-11 13:39:49
)


OnProlog triggered - registering handlers:
Array
(
    [time] => 2026-03-11 13:40:04
)


Lists handlers registered (3 variants):
Array
(
    [time] => 2026-03-11 13:40:04
)


OnProlog triggered - registering handlers:
Array
(
    [time] => 2026-03-11 13:40:08
)


Lists handlers registered (3 variants):
Array
(
    [time] => 2026-03-11 13:40:08
)


OnProlog triggered - registering handlers:
Array
(
    [time] => 2026-03-11 13:40:09
)


Lists handlers registered (3 variants):
Array
(
    [time] => 2026-03-11 13:40:09
)


OnProlog triggered - registering handlers:
Array
(
    [time] => 2026-03-11 13:40:10
)


Lists handlers registered (3 variants):
Array
(
    [time] => 2026-03-11 13:40:10
)


OnProlog triggered - registering handlers:
Array
(
    [time] => 2026-03-11 13:40:10
)


Lists handlers registered (3 variants):
Array
(
    [time] => 2026-03-11 13:40:10
)


OnProlog triggered - registering handlers:
Array
(
    [time] => 2026-03-11 13:40:10
)


Lists handlers registered (3 variants):
Array
(
    [time] => 2026-03-11 13:40:10
)


OnProlog triggered - registering handlers:
Array
(
    [time] => 2026-03-11 13:41:00
)


Lists handlers registered (3 variants):
Array
(
    [time] => 2026-03-11 13:41:00
)


OnProlog triggered - registering handlers:
Array
(
    [time] => 2026-03-11 13:41:01
)


Lists handlers registered (3 variants):
Array
(
    [time] => 2026-03-11 13:41:01
)


OnProlog triggered - registering handlers:
Array
(
    [time] => 2026-03-11 13:41:01
)


Lists handlers registered (3 variants):
Array
(
    [time] => 2026-03-11 13:41:01
)


OnProlog triggered - registering handlers:
Array
(
    [time] => 2026-03-11 13:41:01
)


Lists handlers registered (3 variants):
Array
(
    [time] => 2026-03-11 13:41:01
)


OnProlog triggered - registering handlers:
Array
(
    [time] => 2026-03-11 13:41:08
)


Lists handlers registered (3 variants):
Array
(
    [time] => 2026-03-11 13:41:08
)


OnProlog triggered - registering handlers:
Array
(
    [time] => 2026-03-11 13:41:13
)


Lists handlers registered (3 variants):
Array
(
    [time] => 2026-03-11 13:41:13
)


OnProlog triggered - registering handlers:
Array
(
    [time] => 2026-03-11 13:41:23
)


Lists handlers registered (3 variants):
Array
(
    [time] => 2026-03-11 13:41:23
)


OnProlog triggered - registering handlers:
Array
(
    [time] => 2026-03-11 13:41:44
)


Lists handlers registered (3 variants):
Array
(
    [time] => 2026-03-11 13:41:44
)


OnProlog triggered - registering handlers:
Array
(
    [time] => 2026-03-11 13:41:49
)


Lists handlers registered (3 variants):
Array
(
    [time] => 2026-03-11 13:41:49
)


OnProlog triggered - registering handlers:
Array
(
    [time] => 2026-03-11 13:41:50
)


Lists handlers registered (3 variants):
Array
(
    [time] => 2026-03-11 13:41:50
)


OnProlog triggered - registering handlers:
Array
(
    [time] => 2026-03-11 13:41:50
)


Lists handlers registered (3 variants):
Array
(
    [time] => 2026-03-11 13:41:50
)


OnProlog triggered - registering handlers:
Array
(
    [time] => 2026-03-11 13:41:50
)


Lists handlers registered (3 variants):
Array
(
    [time] => 2026-03-11 13:41:50
)


OnProlog triggered - registering handlers:
Array
(
    [time] => 2026-03-11 13:42:04
)


Lists handlers registered (3 variants):
Array
(
    [time] => 2026-03-11 13:42:04
)


OnProlog triggered - registering handlers:
Array
(
    [time] => 2026-03-11 13:42:07
)


Lists handlers registered (3 variants):
Array
(
    [time] => 2026-03-11 13:42:07
)


OnProlog triggered - registering handlers:
Array
(
    [time] => 2026-03-11 13:42:28
)


Lists handlers registered (3 variants):
Array
(
    [time] => 2026-03-11 13:42:28
)


OnProlog triggered - registering handlers:
Array
(
    [time] => 2026-03-11 13:42:55
)


Lists handlers registered (3 variants):
Array
(
    [time] => 2026-03-11 13:42:55
)


OnProlog triggered - registering handlers:
Array
(
    [time] => 2026-03-11 13:42:59
)


Lists handlers registered (3 variants):
Array
(
    [time] => 2026-03-11 13:42:59
)


OnProlog triggered - registering handlers:
Array
(
    [time] => 2026-03-11 13:43:00
)


Lists handlers registered (3 variants):
Array
(
    [time] => 2026-03-11 13:43:00
)


OnProlog triggered - registering handlers:
Array
(
    [time] => 2026-03-11 13:43:01
)


Lists handlers registered (3 variants):
Array
(
    [time] => 2026-03-11 13:43:01
)


OnProlog triggered - registering handlers:
Array
(
    [time] => 2026-03-11 13:43:02
)


Lists handlers registered (3 variants):
Array
(
    [time] => 2026-03-11 13:43:02
)


OnProlog triggered - registering handlers:
Array
(
    [time] => 2026-03-11 13:43:06
)


Lists handlers registered (3 variants):
Array
(
    [time] => 2026-03-11 13:43:06
)


OnProlog triggered - registering handlers:
Array
(
    [time] => 2026-03-11 13:43:07
)


Lists handlers registered (3 variants):
Array
(
    [time] => 2026-03-11 13:43:07
)


OnProlog triggered - registering handlers:
Array
(
    [time] => 2026-03-11 13:43:10
)


Lists handlers registered (3 variants):
Array
(
    [time] => 2026-03-11 13:43:10
)


OnProlog triggered - registering handlers:
Array
(
    [time] => 2026-03-11 13:43:10
)


Lists handlers registered (3 variants):
Array
(
    [time] => 2026-03-11 13:43:10
)


OnProlog triggered - registering handlers:
Array
(
    [time] => 2026-03-11 13:43:12
)


Lists handlers registered (3 variants):
Array
(
    [time] => 2026-03-11 13:43:12
)


OnProlog triggered - registering handlers:
Array
(
    [time] => 2026-03-11 13:43:12
)


Lists handlers registered (3 variants):
Array
(
    [time] => 2026-03-11 13:43:12
)


OnProlog triggered - registering handlers:
Array
(
    [time] => 2026-03-11 13:43:14
)


Lists handlers registered (3 variants):
Array
(
    [time] => 2026-03-11 13:43:14
)


OnProlog triggered - registering handlers:
Array
(
    [time] => 2026-03-11 13:43:15
)


Lists handlers registered (3 variants):
Array
(
    [time] => 2026-03-11 13:43:15
)


OnProlog triggered - registering handlers:
Array
(
    [time] => 2026-03-11 13:43:17
)


Lists handlers registered (3 variants):
Array
(
    [time] => 2026-03-11 13:43:17
)


OnProlog triggered - registering handlers:
Array
(
    [time] => 2026-03-11 13:43:17
)


Lists handlers registered (3 variants):
Array
(
    [time] => 2026-03-11 13:43:17
)


OnProlog triggered - registering handlers:
Array
(
    [time] => 2026-03-11 13:43:27
)


Lists handlers registered (3 variants):
Array
(
    [time] => 2026-03-11 13:43:27
)


OnProlog triggered - registering handlers:
Array
(
    [time] => 2026-03-11 13:43:29
)


Lists handlers registered (3 variants):
Array
(
    [time] => 2026-03-11 13:43:29
)


OnProlog triggered - registering handlers:
Array
(
    [time] => 2026-03-11 13:43:29
)


Lists handlers registered (3 variants):
Array
(
    [time] => 2026-03-11 13:43:29
)


OnProlog triggered - registering handlers:
Array
(
    [time] => 2026-03-11 13:43:34
)


Lists handlers registered (3 variants):
Array
(
    [time] => 2026-03-11 13:43:34
)


OnProlog triggered - registering handlers:
Array
(
    [time] => 2026-03-11 13:43:34
)


Lists handlers registered (3 variants):
Array
(
    [time] => 2026-03-11 13:43:34
)


OnProlog triggered - registering handlers:
Array
(
    [time] => 2026-03-11 13:43:35
)


Lists handlers registered (3 variants):
Array
(
    [time] => 2026-03-11 13:43:35
)


OnProlog triggered - registering handlers:
Array
(
    [time] => 2026-03-11 13:43:36
)


Lists handlers registered (3 variants):
Array
(
    [time] => 2026-03-11 13:43:36
)


OnProlog triggered - registering handlers:
Array
(
    [time] => 2026-03-11 13:43:40
)


Lists handlers registered (3 variants):
Array
(
    [time] => 2026-03-11 13:43:40
)


OnProlog triggered - registering handlers:
Array
(
    [time] => 2026-03-11 13:43:40
)


Lists handlers registered (3 variants):
Array
(
    [time] => 2026-03-11 13:43:40
)


OnProlog triggered - registering handlers:
Array
(
    [time] => 2026-03-11 13:43:41
)


Lists handlers registered (3 variants):
Array
(
    [time] => 2026-03-11 13:43:41
)


OnProlog triggered - registering handlers:
Array
(
    [time] => 2026-03-11 13:43:42
)


Lists handlers registered (3 variants):
Array
(
    [time] => 2026-03-11 13:43:42
)


OnProlog triggered - registering handlers:
Array
(
    [time] => 2026-03-11 13:43:42
)


Lists handlers registered (3 variants):
Array
(
    [time] => 2026-03-11 13:43:42
)


OnProlog triggered - registering handlers:
Array
(
    [time] => 2026-03-11 13:43:44
)


Lists handlers registered (3 variants):
Array
(
    [time] => 2026-03-11 13:43:44
)


OnProlog triggered - registering handlers:
Array
(
    [time] => 2026-03-11 13:43:45
)


Lists handlers registered (3 variants):
Array
(
    [time] => 2026-03-11 13:43:45
)


OnProlog triggered - registering handlers:
Array
(
    [time] => 2026-03-11 13:43:46
)


Lists handlers registered (3 variants):
Array
(
    [time] => 2026-03-11 13:43:46
)


OnProlog triggered - registering handlers:
Array
(
    [time] => 2026-03-11 13:43:47
)


Lists handlers registered (3 variants):
Array
(
    [time] => 2026-03-11 13:43:47
)


OnProlog triggered - registering handlers:
Array
(
    [time] => 2026-03-11 13:44:01
)


Lists handlers registered (3 variants):
Array
(
    [time] => 2026-03-11 13:44:01
)


OnProlog triggered - registering handlers:
Array
(
    [time] => 2026-03-11 13:44:02
)


Lists handlers registered (3 variants):
Array
(
    [time] => 2026-03-11 13:44:02
)


OnProlog triggered - registering handlers:
Array
(
    [time] => 2026-03-11 13:44:03
)


Lists handlers registered (3 variants):
Array
(
    [time] => 2026-03-11 13:44:03
)


OnProlog triggered - registering handlers:
Array
(
    [time] => 2026-03-11 13:44:03
)


Lists handlers registered (3 variants):
Array
(
    [time] => 2026-03-11 13:44:03
)


OnProlog triggered - registering handlers:
Array
(
    [time] => 2026-03-11 13:44:09
)


Lists handlers registered (3 variants):
Array
(
    [time] => 2026-03-11 13:44:09
)


OnProlog triggered - registering handlers:
Array
(
    [time] => 2026-03-11 13:44:10
)


Lists handlers registered (3 variants):
Array
(
    [time] => 2026-03-11 13:44:10
)


OnProlog triggered - registering handlers:
Array
(
    [time] => 2026-03-11 13:44:11
)


Lists handlers registered (3 variants):
Array
(
    [time] => 2026-03-11 13:44:11
)


OnProlog triggered - registering handlers:
Array
(
    [time] => 2026-03-11 13:44:12
)


Lists handlers registered (3 variants):
Array
(
    [time] => 2026-03-11 13:44:12
)


OnProlog triggered - registering handlers:
Array
(
    [time] => 2026-03-11 13:44:13
)


Lists handlers registered (3 variants):
Array
(
    [time] => 2026-03-11 13:44:13
)


OnProlog triggered - registering handlers:
Array
(
    [time] => 2026-03-11 13:44:13
)


Lists handlers registered (3 variants):
Array
(
    [time] => 2026-03-11 13:44:13
)


OnProlog triggered - registering handlers:
Array
(
    [time] => 2026-03-11 13:44:29
)


Lists handlers registered (3 variants):
Array
(
    [time] => 2026-03-11 13:44:29
)


OnProlog triggered - registering handlers:
Array
(
    [time] => 2026-03-11 13:44:30
)


Lists handlers registered (3 variants):
Array
(
    [time] => 2026-03-11 13:44:30
)


OnProlog triggered - registering handlers:
Array
(
    [time] => 2026-03-11 13:44:31
)


Lists handlers registered (3 variants):
Array
(
    [time] => 2026-03-11 13:44:31
)


OnProlog triggered - registering handlers:
Array
(
    [time] => 2026-03-11 13:44:33
)


Lists handlers registered (3 variants):
Array
(
    [time] => 2026-03-11 13:44:33
)


OnProlog triggered - registering handlers:
Array
(
    [time] => 2026-03-11 13:44:33
)


Lists handlers registered (3 variants):
Array
(
    [time] => 2026-03-11 13:44:33
)


OnProlog triggered - registering handlers:
Array
(
    [time] => 2026-03-11 13:44:34
)


Lists handlers registered (3 variants):
Array
(
    [time] => 2026-03-11 13:44:34
)


OnProlog triggered - registering handlers:
Array
(
    [time] => 2026-03-11 13:44:38
)


Lists handlers registered (3 variants):
Array
(
    [time] => 2026-03-11 13:44:38
)


OnProlog triggered - registering handlers:
Array
(
    [time] => 2026-03-11 13:44:38
)


Lists handlers registered (3 variants):
Array
(
    [time] => 2026-03-11 13:44:38
)


OnProlog triggered - registering handlers:
Array
(
    [time] => 2026-03-11 13:44:40
)


Lists handlers registered (3 variants):
Array
(
    [time] => 2026-03-11 13:44:40
)


OnProlog triggered - registering handlers:
Array
(
    [time] => 2026-03-11 13:44:41
)


Lists handlers registered (3 variants):
Array
(
    [time] => 2026-03-11 13:44:41
)


OnProlog triggered - registering handlers:
Array
(
    [time] => 2026-03-11 13:44:42
)


Lists handlers registered (3 variants):
Array
(
    [time] => 2026-03-11 13:44:42
)


OnProlog triggered - registering handlers:
Array
(
    [time] => 2026-03-11 13:44:43
)


Lists handlers registered (3 variants):
Array
(
    [time] => 2026-03-11 13:44:43
)


OnProlog triggered - registering handlers:
Array
(
    [time] => 2026-03-11 13:44:54
)


Lists handlers registered (3 variants):
Array
(
    [time] => 2026-03-11 13:44:54
)


OnProlog triggered - registering handlers:
Array
(
    [time] => 2026-03-11 13:44:55
)


Lists handlers registered (3 variants):
Array
(
    [time] => 2026-03-11 13:44:55
)


OnProlog triggered - registering handlers:
Array
(
    [time] => 2026-03-11 13:44:55
)


Lists handlers registered (3 variants):
Array
(
    [time] => 2026-03-11 13:44:55
)


OnProlog triggered - registering handlers:
Array
(
    [time] => 2026-03-11 13:44:56
)


Lists handlers registered (3 variants):
Array
(
    [time] => 2026-03-11 13:44:56
)


OnProlog triggered - registering handlers:
Array
(
    [time] => 2026-03-11 13:45:01
)


Lists handlers registered (3 variants):
Array
(
    [time] => 2026-03-11 13:45:01
)


OnProlog triggered - registering handlers:
Array
(
    [time] => 2026-03-11 13:45:01
)


Lists handlers registered (3 variants):
Array
(
    [time] => 2026-03-11 13:45:01
)


OnProlog triggered - registering handlers:
Array
(
    [time] => 2026-03-11 13:45:02
)


Lists handlers registered (3 variants):
Array
(
    [time] => 2026-03-11 13:45:02
)


OnProlog triggered - registering handlers:
Array
(
    [time] => 2026-03-11 13:45:02
)


Lists handlers registered (3 variants):
Array
(
    [time] => 2026-03-11 13:45:02
)


OnProlog triggered - registering handlers:
Array
(
    [time] => 2026-03-11 13:45:55
)


Lists handlers registered (3 variants):
Array
(
    [time] => 2026-03-11 13:45:55
)


OnProlog triggered - registering handlers:
Array
(
    [time] => 2026-03-11 13:46:01
)


Lists handlers registered (3 variants):
Array
(
    [time] => 2026-03-11 13:46:01
)


OnProlog triggered - registering handlers:
Array
(
    [time] => 2026-03-11 13:46:57
)


Lists handlers registered (3 variants):
Array
(
    [time] => 2026-03-11 13:46:57
)


OnProlog triggered - registering handlers:
Array
(
    [time] => 2026-03-11 13:47:01
)


Lists handlers registered (3 variants):
Array
(
    [time] => 2026-03-11 13:47:01
)


OnProlog triggered - registering handlers:
Array
(
    [time] => 2026-03-11 13:47:03
)


Lists handlers registered (3 variants):
Array
(
    [time] => 2026-03-11 13:47:03
)


OnProlog triggered - registering handlers:
Array
(
    [time] => 2026-03-11 13:47:04
)


Lists handlers registered (3 variants):
Array
(
    [time] => 2026-03-11 13:47:04
)


OnProlog triggered - registering handlers:
Array
(
    [time] => 2026-03-11 13:47:04
)


Lists handlers registered (3 variants):
Array
(
    [time] => 2026-03-11 13:47:04
)


OnProlog triggered - registering handlers:
Array
(
    [time] => 2026-03-11 13:47:04
)


Lists handlers registered (3 variants):
Array
(
    [time] => 2026-03-11 13:47:04
)


OnProlog triggered - registering handlers:
Array
(
    [time] => 2026-03-11 13:47:11
)


Lists handlers registered (3 variants):
Array
(
    [time] => 2026-03-11 13:47:11
)


OnProlog triggered - registering handlers:
Array
(
    [time] => 2026-03-11 13:47:14
)


Lists handlers registered (3 variants):
Array
(
    [time] => 2026-03-11 13:47:14
)


OnProlog triggered - registering handlers:
Array
(
    [time] => 2026-03-11 13:47:14
)


Lists handlers registered (3 variants):
Array
(
    [time] => 2026-03-11 13:47:14
)


OnProlog triggered - registering handlers:
Array
(
    [time] => 2026-03-11 13:47:15
)


Lists handlers registered (3 variants):
Array
(
    [time] => 2026-03-11 13:47:15
)


OnProlog triggered - registering handlers:
Array
(
    [time] => 2026-03-11 13:47:15
)


Lists handlers registered (3 variants):
Array
(
    [time] => 2026-03-11 13:47:15
)


OnProlog triggered - registering handlers:
Array
(
    [time] => 2026-03-11 13:47:22
)


Lists handlers registered (3 variants):
Array
(
    [time] => 2026-03-11 13:47:22
)


OnProlog triggered - registering handlers:
Array
(
    [time] => 2026-03-11 13:47:25
)


Lists handlers registered (3 variants):
Array
(
    [time] => 2026-03-11 13:47:25
)


OnProlog triggered - registering handlers:
Array
(
    [time] => 2026-03-11 13:47:25
)


Lists handlers registered (3 variants):
Array
(
    [time] => 2026-03-11 13:47:25
)


OnProlog triggered - registering handlers:
Array
(
    [time] => 2026-03-11 13:47:27
)


Lists handlers registered (3 variants):
Array
(
    [time] => 2026-03-11 13:47:27
)


OnProlog triggered - registering handlers:
Array
(
    [time] => 2026-03-11 13:47:27
)


Lists handlers registered (3 variants):
Array
(
    [time] => 2026-03-11 13:47:27
)


OnProlog triggered - registering handlers:
Array
(
    [time] => 2026-03-11 13:47:30
)


Lists handlers registered (3 variants):
Array
(
    [time] => 2026-03-11 13:47:30
)


OnProlog triggered - registering handlers:
Array
(
    [time] => 2026-03-11 13:47:31
)


Lists handlers registered (3 variants):
Array
(
    [time] => 2026-03-11 13:47:31
)


OnProlog triggered - registering handlers:
Array
(
    [time] => 2026-03-11 13:47:32
)


Lists handlers registered (3 variants):
Array
(
    [time] => 2026-03-11 13:47:32
)


OnProlog triggered - registering handlers:
Array
(
    [time] => 2026-03-11 13:47:32
)


Lists handlers registered (3 variants):
Array
(
    [time] => 2026-03-11 13:47:32
)


OnProlog triggered - registering handlers:
Array
(
    [time] => 2026-03-11 13:47:34
)


Lists handlers registered (3 variants):
Array
(
    [time] => 2026-03-11 13:47:34
)


OnProlog triggered - registering handlers:
Array
(
    [time] => 2026-03-11 13:47:34
)


Lists handlers registered (3 variants):
Array
(
    [time] => 2026-03-11 13:47:34
)


OnProlog triggered - registering handlers:
Array
(
    [time] => 2026-03-11 13:47:35
)


Lists handlers registered (3 variants):
Array
(
    [time] => 2026-03-11 13:47:35
)


OnProlog triggered - registering handlers:
Array
(
    [time] => 2026-03-11 13:47:36
)


Lists handlers registered (3 variants):
Array
(
    [time] => 2026-03-11 13:47:36
)


OnProlog triggered - registering handlers:
Array
(
    [time] => 2026-03-11 13:47:37
)


Lists handlers registered (3 variants):
Array
(
    [time] => 2026-03-11 13:47:37
)


OnProlog triggered - registering handlers:
Array
(
    [time] => 2026-03-11 13:47:38
)


Lists handlers registered (3 variants):
Array
(
    [time] => 2026-03-11 13:47:38
)


OnProlog triggered - registering handlers:
Array
(
    [time] => 2026-03-11 13:47:39
)


Lists handlers registered (3 variants):
Array
(
    [time] => 2026-03-11 13:47:39
)


OnProlog triggered - registering handlers:
Array
(
    [time] => 2026-03-11 13:47:40
)


Lists handlers registered (3 variants):
Array
(
    [time] => 2026-03-11 13:47:40
)


OnProlog triggered - registering handlers:
Array
(
    [time] => 2026-03-11 13:47:41
)


Lists handlers registered (3 variants):
Array
(
    [time] => 2026-03-11 13:47:41
)


OnProlog triggered - registering handlers:
Array
(
    [time] => 2026-03-11 13:47:53
)


Lists handlers registered (3 variants):
Array
(
    [time] => 2026-03-11 13:47:53
)


OnProlog triggered - registering handlers:
Array
(
    [time] => 2026-03-11 13:47:54
)


Lists handlers registered (3 variants):
Array
(
    [time] => 2026-03-11 13:47:54
)


OnProlog triggered - registering handlers:
Array
(
    [time] => 2026-03-11 13:47:55
)


Lists handlers registered (3 variants):
Array
(
    [time] => 2026-03-11 13:47:55
)


OnProlog triggered - registering handlers:
Array
(
    [time] => 2026-03-11 13:47:56
)


Lists handlers registered (3 variants):
Array
(
    [time] => 2026-03-11 13:47:56
)


OnProlog triggered - registering handlers:
Array
(
    [time] => 2026-03-11 13:47:58
)


Lists handlers registered (3 variants):
Array
(
    [time] => 2026-03-11 13:47:58
)


OnProlog triggered - registering handlers:
Array
(
    [time] => 2026-03-11 13:47:58
)


Lists handlers registered (3 variants):
Array
(
    [time] => 2026-03-11 13:47:58
)


OnProlog triggered - registering handlers:
Array
(
    [time] => 2026-03-11 13:47:59
)


Lists handlers registered (3 variants):
Array
(
    [time] => 2026-03-11 13:47:59
)


OnProlog triggered - registering handlers:
Array
(
    [time] => 2026-03-11 13:47:59
)


Lists handlers registered (3 variants):
Array
(
    [time] => 2026-03-11 13:47:59
)


OnProlog triggered - registering handlers:
Array
(
    [time] => 2026-03-11 13:48:00
)


Lists handlers registered (3 variants):
Array
(
    [time] => 2026-03-11 13:48:00
)


OnProlog triggered - registering handlers:
Array
(
    [time] => 2026-03-11 13:48:01
)


Lists handlers registered (3 variants):
Array
(
    [time] => 2026-03-11 13:48:01
)


OnProlog triggered - registering handlers:
Array
(
    [time] => 2026-03-11 13:48:03
)


Lists handlers registered (3 variants):
Array
(
    [time] => 2026-03-11 13:48:03
)


OnProlog triggered - registering handlers:
Array
(
    [time] => 2026-03-11 13:48:05
)


Lists handlers registered (3 variants):
Array
(
    [time] => 2026-03-11 13:48:05
)


OnProlog triggered - registering handlers:
Array
(
    [time] => 2026-03-11 13:48:05
)


Lists handlers registered (3 variants):
Array
(
    [time] => 2026-03-11 13:48:05
)


OnProlog triggered - registering handlers:
Array
(
    [time] => 2026-03-11 13:48:11
)


Lists handlers registered (3 variants):
Array
(
    [time] => 2026-03-11 13:48:11
)


OnProlog triggered - registering handlers:
Array
(
    [time] => 2026-03-11 13:48:12
)


Lists handlers registered (3 variants):
Array
(
    [time] => 2026-03-11 13:48:12
)


OnProlog triggered - registering handlers:
Array
(
    [time] => 2026-03-11 13:48:12
)


Lists handlers registered (3 variants):
Array
(
    [time] => 2026-03-11 13:48:12
)


OnProlog triggered - registering handlers:
Array
(
    [time] => 2026-03-11 13:48:12
)


Lists handlers registered (3 variants):
Array
(
    [time] => 2026-03-11 13:48:12
)


OnProlog triggered - registering handlers:
Array
(
    [time] => 2026-03-11 13:48:27
)


Lists handlers registered (3 variants):
Array
(
    [time] => 2026-03-11 13:48:27
)


OnProlog triggered - registering handlers:
Array
(
    [time] => 2026-03-11 13:48:48
)


Lists handlers registered (3 variants):
Array
(
    [time] => 2026-03-11 13:48:48
)


OnProlog triggered - registering handlers:
Array
(
    [time] => 2026-03-11 13:48:49
)


Lists handlers registered (3 variants):
Array
(
    [time] => 2026-03-11 13:48:49
)


OnProlog triggered - registering handlers:
Array
(
    [time] => 2026-03-11 13:48:50
)


Lists handlers registered (3 variants):
Array
(
    [time] => 2026-03-11 13:48:50
)


OnProlog triggered - registering handlers:
Array
(
    [time] => 2026-03-11 13:48:51
)


Lists handlers registered (3 variants):
Array
(
    [time] => 2026-03-11 13:48:51
)


OnProlog triggered - registering handlers:
Array
(
    [time] => 2026-03-11 13:48:51
)


Lists handlers registered (3 variants):
Array
(
    [time] => 2026-03-11 13:48:51
)


OnProlog triggered - registering handlers:
Array
(
    [time] => 2026-03-11 13:48:52
)


Lists handlers registered (3 variants):
Array
(
    [time] => 2026-03-11 13:48:52
)


OnProlog triggered - registering handlers:
Array
(
    [time] => 2026-03-11 13:48:56
)


Lists handlers registered (3 variants):
Array
(
    [time] => 2026-03-11 13:48:56
)


OnProlog triggered - registering handlers:
Array
(
    [time] => 2026-03-11 13:48:56
)


Lists handlers registered (3 variants):
Array
(
    [time] => 2026-03-11 13:48:56
)


OnProlog triggered - registering handlers:
Array
(
    [time] => 2026-03-11 13:48:57
)


Lists handlers registered (3 variants):
Array
(
    [time] => 2026-03-11 13:48:57
)


OnProlog triggered - registering handlers:
Array
(
    [time] => 2026-03-11 13:48:58
)


Lists handlers registered (3 variants):
Array
(
    [time] => 2026-03-11 13:48:58
)


OnProlog triggered - registering handlers:
Array
(
    [time] => 2026-03-11 13:48:58
)


Lists handlers registered (3 variants):
Array
(
    [time] => 2026-03-11 13:48:58
)


OnProlog triggered - registering handlers:
Array
(
    [time] => 2026-03-11 13:49:00
)


Lists handlers registered (3 variants):
Array
(
    [time] => 2026-03-11 13:49:00
)


OnProlog triggered - registering handlers:
Array
(
    [time] => 2026-03-11 13:49:03
)


Lists handlers registered (3 variants):
Array
(
    [time] => 2026-03-11 13:49:03
)


OnProlog triggered - registering handlers:
Array
(
    [time] => 2026-03-11 13:49:03
)


Lists handlers registered (3 variants):
Array
(
    [time] => 2026-03-11 13:49:03
)


OnProlog triggered - registering handlers:
Array
(
    [time] => 2026-03-11 13:49:04
)


Lists handlers registered (3 variants):
Array
(
    [time] => 2026-03-11 13:49:04
)


OnProlog triggered - registering handlers:
Array
(
    [time] => 2026-03-11 13:49:04
)


Lists handlers registered (3 variants):
Array
(
    [time] => 2026-03-11 13:49:04
)


OnProlog triggered - registering handlers:
Array
(
    [time] => 2026-03-11 13:49:27
)


Lists handlers registered (3 variants):
Array
(
    [time] => 2026-03-11 13:49:27
)


OnProlog triggered - registering handlers:
Array
(
    [time] => 2026-03-11 13:49:32
)


Lists handlers registered (3 variants):
Array
(
    [time] => 2026-03-11 13:49:32
)


OnProlog triggered - registering handlers:
Array
(
    [time] => 2026-03-11 13:49:44
)


Lists handlers registered (3 variants):
Array
(
    [time] => 2026-03-11 13:49:44
)


OnProlog triggered - registering handlers:
Array
(
    [time] => 2026-03-11 13:50:27
)


Lists handlers registered (3 variants):
Array
(
    [time] => 2026-03-11 13:50:27
)


OnProlog triggered - registering handlers:
Array
(
    [time] => 2026-03-11 13:51:27
)


Lists handlers registered (3 variants):
Array
(
    [time] => 2026-03-11 13:51:27
)


OnProlog triggered - registering handlers:
Array
(
    [time] => 2026-03-11 13:52:27
)


Lists handlers registered (3 variants):
Array
(
    [time] => 2026-03-11 13:52:27
)


OnProlog triggered - registering handlers:
Array
(
    [time] => 2026-03-11 14:03:04
)


Lists handlers registered (3 variants):
Array
(
    [time] => 2026-03-11 14:03:04
)


OnProlog triggered - registering handlers:
Array
(
    [time] => 2026-03-11 14:12:57
)


Lists handlers registered (3 variants):
Array
(
    [time] => 2026-03-11 14:12:57
)


OnProlog triggered - registering handlers:
Array
(
    [time] => 2026-03-11 14:14:27
)


Lists handlers registered (3 variants):
Array
(
    [time] => 2026-03-11 14:14:27
)


OnProlog triggered - registering handlers:
Array
(
    [time] => 2026-03-11 14:14:52
)


Lists handlers registered (3 variants):
Array
(
    [time] => 2026-03-11 14:14:52
)


OnProlog triggered - registering handlers:
Array
(
    [time] => 2026-03-11 14:14:52
)


Lists handlers registered (3 variants):
Array
(
    [time] => 2026-03-11 14:14:52
)


OnProlog triggered - registering handlers:
Array
(
    [time] => 2026-03-11 14:14:53
)


Lists handlers registered (3 variants):
Array
(
    [time] => 2026-03-11 14:14:53
)


OnProlog triggered - registering handlers:
Array
(
    [time] => 2026-03-11 14:14:53
)


Lists handlers registered (3 variants):
Array
(
    [time] => 2026-03-11 14:14:53
)


OnProlog triggered - registering handlers:
Array
(
    [time] => 2026-03-11 14:15:54
)


Lists handlers registered (3 variants):
Array
(
    [time] => 2026-03-11 14:15:54
)


OnProlog triggered - registering handlers:
Array
(
    [time] => 2026-03-11 14:17:18
)


Lists handlers registered (3 variants):
Array
(
    [time] => 2026-03-11 14:17:18
)


OnProlog triggered - registering handlers:
Array
(
    [time] => 2026-03-11 14:17:22
)


Lists handlers registered (3 variants):
Array
(
    [time] => 2026-03-11 14:17:22
)


OnProlog triggered - registering handlers:
Array
(
    [time] => 2026-03-11 14:17:22
)


Lists handlers registered (3 variants):
Array
(
    [time] => 2026-03-11 14:17:22
)


OnProlog triggered - registering handlers:
Array
(
    [time] => 2026-03-11 14:17:22
)


Lists handlers registered (3 variants):
Array
(
    [time] => 2026-03-11 14:17:22
)


OnProlog triggered - registering handlers:
Array
(
    [time] => 2026-03-11 14:17:23
)


Lists handlers registered (3 variants):
Array
(
    [time] => 2026-03-11 14:17:23
)


OnProlog triggered - registering handlers:
Array
(
    [time] => 2026-03-11 14:17:24
)


Lists handlers registered (3 variants):
Array
(
    [time] => 2026-03-11 14:17:24
)


OnProlog triggered - registering handlers:
Array
(
    [time] => 2026-03-11 14:17:25
)


Lists handlers registered (3 variants):
Array
(
    [time] => 2026-03-11 14:17:25
)


OnProlog triggered - registering handlers:
Array
(
    [time] => 2026-03-11 14:17:25
)


Lists handlers registered (3 variants):
Array
(
    [time] => 2026-03-11 14:17:25
)


OnProlog triggered - registering handlers:
Array
(
    [time] => 2026-03-11 14:17:28
)


Lists handlers registered (3 variants):
Array
(
    [time] => 2026-03-11 14:17:28
)


OnProlog triggered - registering handlers:
Array
(
    [time] => 2026-03-11 14:17:29
)


Lists handlers registered (3 variants):
Array
(
    [time] => 2026-03-11 14:17:29
)


OnProlog triggered - registering handlers:
Array
(
    [time] => 2026-03-11 14:17:29
)


Lists handlers registered (3 variants):
Array
(
    [time] => 2026-03-11 14:17:29
)


OnProlog triggered - registering handlers:
Array
(
    [time] => 2026-03-11 14:17:37
)


Lists handlers registered (3 variants):
Array
(
    [time] => 2026-03-11 14:17:37
)


OnProlog triggered - registering handlers:
Array
(
    [time] => 2026-03-11 14:17:38
)


Lists handlers registered (3 variants):
Array
(
    [time] => 2026-03-11 14:17:38
)


OnProlog triggered - registering handlers:
Array
(
    [time] => 2026-03-11 14:17:38
)


Lists handlers registered (3 variants):
Array
(
    [time] => 2026-03-11 14:17:38
)


OnProlog triggered - registering handlers:
Array
(
    [time] => 2026-03-11 14:17:41
)


Lists handlers registered (3 variants):
Array
(
    [time] => 2026-03-11 14:17:41
)


OnProlog triggered - registering handlers:
Array
(
    [time] => 2026-03-11 14:17:42
)


Lists handlers registered (3 variants):
Array
(
    [time] => 2026-03-11 14:17:42
)


OnProlog triggered - registering handlers:
Array
(
    [time] => 2026-03-11 14:17:42
)


Lists handlers registered (3 variants):
Array
(
    [time] => 2026-03-11 14:17:42
)


OnProlog triggered - registering handlers:
Array
(
    [time] => 2026-03-11 14:17:43
)


Lists handlers registered (3 variants):
Array
(
    [time] => 2026-03-11 14:17:43
)


OnProlog triggered - registering handlers:
Array
(
    [time] => 2026-03-11 14:17:44
)


Lists handlers registered (3 variants):
Array
(
    [time] => 2026-03-11 14:17:44
)


OnProlog triggered - registering handlers:
Array
(
    [time] => 2026-03-11 14:17:45
)


Lists handlers registered (3 variants):
Array
(
    [time] => 2026-03-11 14:17:45
)


OnProlog triggered - registering handlers:
Array
(
    [time] => 2026-03-11 14:17:50
)


Lists handlers registered (3 variants):
Array
(
    [time] => 2026-03-11 14:17:50
)


OnProlog triggered - registering handlers:
Array
(
    [time] => 2026-03-11 14:17:52
)


Lists handlers registered (3 variants):
Array
(
    [time] => 2026-03-11 14:17:52
)


OnProlog triggered - registering handlers:
Array
(
    [time] => 2026-03-11 14:17:52
)


Lists handlers registered (3 variants):
Array
(
    [time] => 2026-03-11 14:17:52
)


OnProlog triggered - registering handlers:
Array
(
    [time] => 2026-03-11 14:17:53
)


Lists handlers registered (3 variants):
Array
(
    [time] => 2026-03-11 14:17:53
)


OnProlog triggered - registering handlers:
Array
(
    [time] => 2026-03-11 14:17:54
)


Lists handlers registered (3 variants):
Array
(
    [time] => 2026-03-11 14:17:54
)


OnProlog triggered - registering handlers:
Array
(
    [time] => 2026-03-11 14:17:55
)


Lists handlers registered (3 variants):
Array
(
    [time] => 2026-03-11 14:17:55
)


OnProlog triggered - registering handlers:
Array
(
    [time] => 2026-03-11 14:18:55
)


Lists handlers registered (3 variants):
Array
(
    [time] => 2026-03-11 14:18:55
)


OnProlog triggered - registering handlers:
Array
(
    [time] => 2026-03-11 14:22:00
)


Lists handlers registered (3 variants):
Array
(
    [time] => 2026-03-11 14:22:00
)


OnProlog triggered - registering handlers:
Array
(
    [time] => 2026-03-11 14:22:02
)


Lists handlers registered (3 variants):
Array
(
    [time] => 2026-03-11 14:22:02
)


OnProlog triggered - registering handlers:
Array
(
    [time] => 2026-03-11 14:22:03
)


Lists handlers registered (3 variants):
Array
(
    [time] => 2026-03-11 14:22:03
)


OnProlog triggered - registering handlers:
Array
(
    [time] => 2026-03-11 14:22:04
)


Lists handlers registered (3 variants):
Array
(
    [time] => 2026-03-11 14:22:04
)


OnProlog triggered - registering handlers:
Array
(
    [time] => 2026-03-11 14:22:09
)


Lists handlers registered (3 variants):
Array
(
    [time] => 2026-03-11 14:22:09
)


OnProlog triggered - registering handlers:
Array
(
    [time] => 2026-03-11 14:22:10
)


Lists handlers registered (3 variants):
Array
(
    [time] => 2026-03-11 14:22:10
)


OnProlog triggered - registering handlers:
Array
(
    [time] => 2026-03-11 14:22:11
)


Lists handlers registered (3 variants):
Array
(
    [time] => 2026-03-11 14:22:11
)


OnProlog triggered - registering handlers:
Array
(
    [time] => 2026-03-11 14:22:14
)


Lists handlers registered (3 variants):
Array
(
    [time] => 2026-03-11 14:22:14
)


OnProlog triggered - registering handlers:
Array
(
    [time] => 2026-03-11 14:22:15
)


Lists handlers registered (3 variants):
Array
(
    [time] => 2026-03-11 14:22:15
)


OnProlog triggered - registering handlers:
Array
(
    [time] => 2026-03-11 14:22:15
)


Lists handlers registered (3 variants):
Array
(
    [time] => 2026-03-11 14:22:15
)


OnProlog triggered - registering handlers:
Array
(
    [time] => 2026-03-11 14:22:20
)


Lists handlers registered (3 variants):
Array
(
    [time] => 2026-03-11 14:22:20
)


OnProlog triggered - registering handlers:
Array
(
    [time] => 2026-03-11 14:22:21
)


Lists handlers registered (3 variants):
Array
(
    [time] => 2026-03-11 14:22:21
)


OnProlog triggered - registering handlers:
Array
(
    [time] => 2026-03-11 14:22:21
)


Lists handlers registered (3 variants):
Array
(
    [time] => 2026-03-11 14:22:21
)


OnProlog triggered - registering handlers:
Array
(
    [time] => 2026-03-11 14:22:39
)


Lists handlers registered (3 variants):
Array
(
    [time] => 2026-03-11 14:22:39
)


OnProlog triggered - registering handlers:
Array
(
    [time] => 2026-03-11 14:22:40
)


Lists handlers registered (3 variants):
Array
(
    [time] => 2026-03-11 14:22:40
)


OnProlog triggered - registering handlers:
Array
(
    [time] => 2026-03-11 14:22:41
)


Lists handlers registered (3 variants):
Array
(
    [time] => 2026-03-11 14:22:41
)


OnProlog triggered - registering handlers:
Array
(
    [time] => 2026-03-11 14:22:42
)


Lists handlers registered (3 variants):
Array
(
    [time] => 2026-03-11 14:22:42
)


OnProlog triggered - registering handlers:
Array
(
    [time] => 2026-03-11 14:22:43
)


Lists handlers registered (3 variants):
Array
(
    [time] => 2026-03-11 14:22:43
)


OnProlog triggered - registering handlers:
Array
(
    [time] => 2026-03-11 14:22:43
)


Lists handlers registered (3 variants):
Array
(
    [time] => 2026-03-11 14:22:43
)


OnProlog triggered - registering handlers:
Array
(
    [time] => 2026-03-11 14:22:47
)


Lists handlers registered (3 variants):
Array
(
    [time] => 2026-03-11 14:22:47
)


OnProlog triggered - registering handlers:
Array
(
    [time] => 2026-03-11 14:22:48
)


Lists handlers registered (3 variants):
Array
(
    [time] => 2026-03-11 14:22:48
)


OnProlog triggered - registering handlers:
Array
(
    [time] => 2026-03-11 14:22:49
)


Lists handlers registered (3 variants):
Array
(
    [time] => 2026-03-11 14:22:49
)


OnProlog triggered - registering handlers:
Array
(
    [time] => 2026-03-11 14:23:27
)


Lists handlers registered (3 variants):
Array
(
    [time] => 2026-03-11 14:23:27
)


OnProlog triggered - registering handlers:
Array
(
    [time] => 2026-03-11 14:23:28
)


Lists handlers registered (3 variants):
Array
(
    [time] => 2026-03-11 14:23:28
)


OnProlog triggered - registering handlers:
Array
(
    [time] => 2026-03-11 14:23:28
)


Lists handlers registered (3 variants):
Array
(
    [time] => 2026-03-11 14:23:28
)


OnProlog triggered - registering handlers:
Array
(
    [time] => 2026-03-11 14:23:31
)


Lists handlers registered (3 variants):
Array
(
    [time] => 2026-03-11 14:23:31
)


OnProlog triggered - registering handlers:
Array
(
    [time] => 2026-03-11 14:23:31
)


Lists handlers registered (3 variants):
Array
(
    [time] => 2026-03-11 14:23:31
)


OnProlog triggered - registering handlers:
Array
(
    [time] => 2026-03-11 14:23:32
)


Lists handlers registered (3 variants):
Array
(
    [time] => 2026-03-11 14:23:32
)


OnProlog triggered - registering handlers:
Array
(
    [time] => 2026-03-11 14:23:43
)


Lists handlers registered (3 variants):
Array
(
    [time] => 2026-03-11 14:23:43
)


OnProlog triggered - registering handlers:
Array
(
    [time] => 2026-03-11 14:23:43
)


Lists handlers registered (3 variants):
Array
(
    [time] => 2026-03-11 14:23:43
)


OnProlog triggered - registering handlers:
Array
(
    [time] => 2026-03-11 14:23:44
)


Lists handlers registered (3 variants):
Array
(
    [time] => 2026-03-11 14:23:44
)


OnProlog triggered - registering handlers:
Array
(
    [time] => 2026-03-11 14:23:47
)


Lists handlers registered (3 variants):
Array
(
    [time] => 2026-03-11 14:23:47
)


OnProlog triggered - registering handlers:
Array
(
    [time] => 2026-03-11 14:23:47
)


Lists handlers registered (3 variants):
Array
(
    [time] => 2026-03-11 14:23:47
)


OnProlog triggered - registering handlers:
Array
(
    [time] => 2026-03-11 14:23:47
)


Lists handlers registered (3 variants):
Array
(
    [time] => 2026-03-11 14:23:47
)


OnProlog triggered - registering handlers:
Array
(
    [time] => 2026-03-11 14:37:48
)


Lists handlers registered (3 variants):
Array
(
    [time] => 2026-03-11 14:37:48
)


OnProlog triggered - registering handlers:
Array
(
    [time] => 2026-03-11 14:51:48
)


Lists handlers registered (3 variants):
Array
(
    [time] => 2026-03-11 14:51:48
)


OnProlog triggered - registering handlers:
Array
(
    [time] => 2026-03-11 15:05:47
)


Lists handlers registered (3 variants):
Array
(
    [time] => 2026-03-11 15:05:47
)


OnProlog triggered - registering handlers:
Array
(
    [time] => 2026-03-11 15:19:48
)


Lists handlers registered (3 variants):
Array
(
    [time] => 2026-03-11 15:19:48
)


OnProlog triggered - registering handlers:
Array
(
    [time] => 2026-03-11 15:33:48
)


Lists handlers registered (3 variants):
Array
(
    [time] => 2026-03-11 15:33:48
)


OnProlog triggered - registering handlers:
Array
(
    [time] => 2026-03-11 15:35:13
)


Lists handlers registered (3 variants):
Array
(
    [time] => 2026-03-11 15:35:13
)


OnProlog triggered - registering handlers:
Array
(
    [time] => 2026-03-11 15:35:19
)


Lists handlers registered (3 variants):
Array
(
    [time] => 2026-03-11 15:35:19
)


OnProlog triggered - registering handlers:
Array
(
    [time] => 2026-03-11 15:35:20
)


Lists handlers registered (3 variants):
Array
(
    [time] => 2026-03-11 15:35:20
)


OnProlog triggered - registering handlers:
Array
(
    [time] => 2026-03-11 15:35:33
)


Lists handlers registered (3 variants):
Array
(
    [time] => 2026-03-11 15:35:33
)


OnProlog triggered - registering handlers:
Array
(
    [time] => 2026-03-11 15:35:34
)


Lists handlers registered (3 variants):
Array
(
    [time] => 2026-03-11 15:35:34
)


OnProlog triggered - registering handlers:
Array
(
    [time] => 2026-03-11 15:35:42
)


Lists handlers registered (3 variants):
Array
(
    [time] => 2026-03-11 15:35:42
)


OnProlog triggered - registering handlers:
Array
(
    [time] => 2026-03-11 15:35:47
)


Lists handlers registered (3 variants):
Array
(
    [time] => 2026-03-11 15:35:47
)


OnProlog triggered - registering handlers:
Array
(
    [time] => 2026-03-11 15:36:19
)


Lists handlers registered (3 variants):
Array
(
    [time] => 2026-03-11 15:36:19
)


OnProlog triggered - registering handlers:
Array
(
    [time] => 2026-03-11 15:36:35
)


Lists handlers registered (3 variants):
Array
(
    [time] => 2026-03-11 15:36:35
)


OnProlog triggered - registering handlers:
Array
(
    [time] => 2026-03-11 15:36:55
)


Lists handlers registered (3 variants):
Array
(
    [time] => 2026-03-11 15:36:55
)


OnProlog triggered - registering handlers:
Array
(
    [time] => 2026-03-11 15:36:56
)


Lists handlers registered (3 variants):
Array
(
    [time] => 2026-03-11 15:36:56
)


OnProlog triggered - registering handlers:
Array
(
    [time] => 2026-03-11 15:37:18
)


Lists handlers registered (3 variants):
Array
(
    [time] => 2026-03-11 15:37:18
)


OnProlog triggered - registering handlers:
Array
(
    [time] => 2026-03-11 15:37:39
)


Lists handlers registered (3 variants):
Array
(
    [time] => 2026-03-11 15:37:39
)


OnProlog triggered - registering handlers:
Array
(
    [time] => 2026-03-11 15:38:00
)


Lists handlers registered (3 variants):
Array
(
    [time] => 2026-03-11 15:38:00
)


OnProlog triggered - registering handlers:
Array
(
    [time] => 2026-03-11 15:38:21
)


Lists handlers registered (3 variants):
Array
(
    [time] => 2026-03-11 15:38:21
)


OnProlog triggered - registering handlers:
Array
(
    [time] => 2026-03-11 15:38:42
)


Lists handlers registered (3 variants):
Array
(
    [time] => 2026-03-11 15:38:42
)


OnProlog triggered - registering handlers:
Array
(
    [time] => 2026-03-11 15:39:03
)


Lists handlers registered (3 variants):
Array
(
    [time] => 2026-03-11 15:39:03
)


OnProlog triggered - registering handlers:
Array
(
    [time] => 2026-03-11 15:39:24
)


Lists handlers registered (3 variants):
Array
(
    [time] => 2026-03-11 15:39:24
)


OnProlog triggered - registering handlers:
Array
(
    [time] => 2026-03-11 15:39:45
)


Lists handlers registered (3 variants):
Array
(
    [time] => 2026-03-11 15:39:45
)


OnProlog triggered - registering handlers:
Array
(
    [time] => 2026-03-11 15:40:07
)


Lists handlers registered (3 variants):
Array
(
    [time] => 2026-03-11 15:40:07
)


OnProlog triggered - registering handlers:
Array
(
    [time] => 2026-03-11 15:40:28
)


Lists handlers registered (3 variants):
Array
(
    [time] => 2026-03-11 15:40:28
)


OnProlog triggered - registering handlers:
Array
(
    [time] => 2026-03-11 15:40:49
)


Lists handlers registered (3 variants):
Array
(
    [time] => 2026-03-11 15:40:49
)


OnProlog triggered - registering handlers:
Array
(
    [time] => 2026-03-11 15:41:10
)


Lists handlers registered (3 variants):
Array
(
    [time] => 2026-03-11 15:41:10
)


OnProlog triggered - registering handlers:
Array
(
    [time] => 2026-03-11 15:41:31
)


Lists handlers registered (3 variants):
Array
(
    [time] => 2026-03-11 15:41:31
)


OnProlog triggered - registering handlers:
Array
(
    [time] => 2026-03-11 15:41:51
)


Lists handlers registered (3 variants):
Array
(
    [time] => 2026-03-11 15:41:51
)


OnProlog triggered - registering handlers:
Array
(
    [time] => 2026-03-11 15:41:53
)


Lists handlers registered (3 variants):
Array
(
    [time] => 2026-03-11 15:41:53
)


OnProlog triggered - registering handlers:
Array
(
    [time] => 2026-03-11 15:42:15
)


Lists handlers registered (3 variants):
Array
(
    [time] => 2026-03-11 15:42:15
)


OnProlog triggered - registering handlers:
Array
(
    [time] => 2026-03-11 15:42:37
)


Lists handlers registered (3 variants):
Array
(
    [time] => 2026-03-11 15:42:37
)


OnProlog triggered - registering handlers:
Array
(
    [time] => 2026-03-11 15:42:59
)


Lists handlers registered (3 variants):
Array
(
    [time] => 2026-03-11 15:42:59
)


OnProlog triggered - registering handlers:
Array
(
    [time] => 2026-03-11 15:43:21
)


Lists handlers registered (3 variants):
Array
(
    [time] => 2026-03-11 15:43:21
)


OnProlog triggered - registering handlers:
Array
(
    [time] => 2026-03-11 15:43:44
)


Lists handlers registered (3 variants):
Array
(
    [time] => 2026-03-11 15:43:44
)


OnProlog triggered - registering handlers:
Array
(
    [time] => 2026-03-11 15:44:05
)


Lists handlers registered (3 variants):
Array
(
    [time] => 2026-03-11 15:44:05
)


OnProlog triggered - registering handlers:
Array
(
    [time] => 2026-03-11 15:44:27
)


Lists handlers registered (3 variants):
Array
(
    [time] => 2026-03-11 15:44:27
)


OnProlog triggered - registering handlers:
Array
(
    [time] => 2026-03-11 15:44:49
)


Lists handlers registered (3 variants):
Array
(
    [time] => 2026-03-11 15:44:49
)


OnProlog triggered - registering handlers:
Array
(
    [time] => 2026-03-11 15:48:56
)


Lists handlers registered (3 variants):
Array
(
    [time] => 2026-03-11 15:48:56
)


OnProlog triggered - registering handlers:
Array
(
    [time] => 2026-03-11 15:49:00
)


Lists handlers registered (3 variants):
Array
(
    [time] => 2026-03-11 15:49:00
)


OnProlog triggered - registering handlers:
Array
(
    [time] => 2026-03-11 15:49:00
)


Lists handlers registered (3 variants):
Array
(
    [time] => 2026-03-11 15:49:00
)


OnProlog triggered - registering handlers:
Array
(
    [time] => 2026-03-11 15:49:00
)


Lists handlers registered (3 variants):
Array
(
    [time] => 2026-03-11 15:49:00
)


OnProlog triggered - registering handlers:
Array
(
    [time] => 2026-03-11 15:49:01
)


Lists handlers registered (3 variants):
Array
(
    [time] => 2026-03-11 15:49:01
)


OnProlog triggered - registering handlers:
Array
(
    [time] => 2026-03-11 15:49:03
)


Lists handlers registered (3 variants):
Array
(
    [time] => 2026-03-11 15:49:03
)


OnProlog triggered - registering handlers:
Array
(
    [time] => 2026-03-11 15:49:05
)


Lists handlers registered (3 variants):
Array
(
    [time] => 2026-03-11 15:49:05
)


OnProlog triggered - registering handlers:
Array
(
    [time] => 2026-03-11 15:49:05
)


Lists handlers registered (3 variants):
Array
(
    [time] => 2026-03-11 15:49:05
)


OnProlog triggered - registering handlers:
Array
(
    [time] => 2026-03-11 15:49:05
)


Lists handlers registered (3 variants):
Array
(
    [time] => 2026-03-11 15:49:05
)


OnProlog triggered - registering handlers:
Array
(
    [time] => 2026-03-11 15:49:08
)


Lists handlers registered (3 variants):
Array
(
    [time] => 2026-03-11 15:49:08
)


OnProlog triggered - registering handlers:
Array
(
    [time] => 2026-03-11 15:49:09
)


Lists handlers registered (3 variants):
Array
(
    [time] => 2026-03-11 15:49:09
)


OnProlog triggered - registering handlers:
Array
(
    [time] => 2026-03-11 15:49:09
)


Lists handlers registered (3 variants):
Array
(
    [time] => 2026-03-11 15:49:09
)


OnProlog triggered - registering handlers:
Array
(
    [time] => 2026-03-11 15:49:11
)


Lists handlers registered (3 variants):
Array
(
    [time] => 2026-03-11 15:49:11
)


OnProlog triggered - registering handlers:
Array
(
    [time] => 2026-03-11 15:49:13
)


Lists handlers registered (3 variants):
Array
(
    [time] => 2026-03-11 15:49:13
)


OnProlog triggered - registering handlers:
Array
(
    [time] => 2026-03-11 15:49:13
)


Lists handlers registered (3 variants):
Array
(
    [time] => 2026-03-11 15:49:13
)


OnProlog triggered - registering handlers:
Array
(
    [time] => 2026-03-11 15:49:14
)


Lists handlers registered (3 variants):
Array
(
    [time] => 2026-03-11 15:49:14
)


OnProlog triggered - registering handlers:
Array
(
    [time] => 2026-03-11 15:49:15
)


Lists handlers registered (3 variants):
Array
(
    [time] => 2026-03-11 15:49:15
)


OnProlog triggered - registering handlers:
Array
(
    [time] => 2026-03-11 15:49:16
)


Lists handlers registered (3 variants):
Array
(
    [time] => 2026-03-11 15:49:16
)


OnProlog triggered - registering handlers:
Array
(
    [time] => 2026-03-11 15:49:17
)


Lists handlers registered (3 variants):
Array
(
    [time] => 2026-03-11 15:49:17
)


OnProlog triggered - registering handlers:
Array
(
    [time] => 2026-03-11 15:49:17
)


Lists handlers registered (3 variants):
Array
(
    [time] => 2026-03-11 15:49:17
)


OnProlog triggered - registering handlers:
Array
(
    [time] => 2026-03-11 15:49:29
)


Lists handlers registered (3 variants):
Array
(
    [time] => 2026-03-11 15:49:29
)


OnProlog triggered - registering handlers:
Array
(
    [time] => 2026-03-11 15:49:30
)


Lists handlers registered (3 variants):
Array
(
    [time] => 2026-03-11 15:49:30
)


OnProlog triggered - registering handlers:
Array
(
    [time] => 2026-03-11 15:49:32
)


Lists handlers registered (3 variants):
Array
(
    [time] => 2026-03-11 15:49:32
)


OnProlog triggered - registering handlers:
Array
(
    [time] => 2026-03-11 15:49:32
)


Lists handlers registered (3 variants):
Array
(
    [time] => 2026-03-11 15:49:32
)


OnProlog triggered - registering handlers:
Array
(
    [time] => 2026-03-11 15:49:34
)


Lists handlers registered (3 variants):
Array
(
    [time] => 2026-03-11 15:49:34
)


OnProlog triggered - registering handlers:
Array
(
    [time] => 2026-03-11 15:49:35
)


Lists handlers registered (3 variants):
Array
(
    [time] => 2026-03-11 15:49:35
)


OnProlog triggered - registering handlers:
Array
(
    [time] => 2026-03-11 15:49:35
)


Lists handlers registered (3 variants):
Array
(
    [time] => 2026-03-11 15:49:35
)


OnProlog triggered - registering handlers:
Array
(
    [time] => 2026-03-11 15:49:36
)


Lists handlers registered (3 variants):
Array
(
    [time] => 2026-03-11 15:49:36
)


OnProlog triggered - registering handlers:
Array
(
    [time] => 2026-03-11 15:49:37
)


Lists handlers registered (3 variants):
Array
(
    [time] => 2026-03-11 15:49:37
)


OnProlog triggered - registering handlers:
Array
(
    [time] => 2026-03-11 15:49:38
)


Lists handlers registered (3 variants):
Array
(
    [time] => 2026-03-11 15:49:38
)


OnProlog triggered - registering handlers:
Array
(
    [time] => 2026-03-11 15:49:39
)


Lists handlers registered (3 variants):
Array
(
    [time] => 2026-03-11 15:49:39
)


OnProlog triggered - registering handlers:
Array
(
    [time] => 2026-03-11 15:49:40
)


Lists handlers registered (3 variants):
Array
(
    [time] => 2026-03-11 15:49:40
)


OnProlog triggered - registering handlers:
Array
(
    [time] => 2026-03-11 15:49:55
)


Lists handlers registered (3 variants):
Array
(
    [time] => 2026-03-11 15:49:55
)


OnProlog triggered - registering handlers:
Array
(
    [time] => 2026-03-11 15:50:02
)


Lists handlers registered (3 variants):
Array
(
    [time] => 2026-03-11 15:50:02
)


OnProlog triggered - registering handlers:
Array
(
    [time] => 2026-03-11 15:50:39
)


Lists handlers registered (3 variants):
Array
(
    [time] => 2026-03-11 15:50:39
)


OnProlog triggered - registering handlers:
Array
(
    [time] => 2026-03-11 15:50:55
)


Lists handlers registered (3 variants):
Array
(
    [time] => 2026-03-11 15:50:55
)


OnProlog triggered - registering handlers:
Array
(
    [time] => 2026-03-11 15:50:56
)


Lists handlers registered (3 variants):
Array
(
    [time] => 2026-03-11 15:50:56
)


OnProlog triggered - registering handlers:
Array
(
    [time] => 2026-03-11 15:50:59
)


Lists handlers registered (3 variants):
Array
(
    [time] => 2026-03-11 15:50:59
)


OnProlog triggered - registering handlers:
Array
(
    [time] => 2026-03-11 15:50:59
)


Lists handlers registered (3 variants):
Array
(
    [time] => 2026-03-11 15:50:59
)


OnProlog triggered - registering handlers:
Array
(
    [time] => 2026-03-11 15:51:03
)


Lists handlers registered (3 variants):
Array
(
    [time] => 2026-03-11 15:51:03
)


OnProlog triggered - registering handlers:
Array
(
    [time] => 2026-03-11 15:51:04
)


Lists handlers registered (3 variants):
Array
(
    [time] => 2026-03-11 15:51:04
)


OnProlog triggered - registering handlers:
Array
(
    [time] => 2026-03-11 15:51:05
)


Lists handlers registered (3 variants):
Array
(
    [time] => 2026-03-11 15:51:05
)


OnProlog triggered - registering handlers:
Array
(
    [time] => 2026-03-11 15:51:07
)


Lists handlers registered (3 variants):
Array
(
    [time] => 2026-03-11 15:51:07
)


OnProlog triggered - registering handlers:
Array
(
    [time] => 2026-03-11 15:51:08
)


Lists handlers registered (3 variants):
Array
(
    [time] => 2026-03-11 15:51:08
)


OnProlog triggered - registering handlers:
Array
(
    [time] => 2026-03-11 15:51:08
)


Lists handlers registered (3 variants):
Array
(
    [time] => 2026-03-11 15:51:08
)


OnProlog triggered - registering handlers:
Array
(
    [time] => 2026-03-11 15:51:08
)


Lists handlers registered (3 variants):
Array
(
    [time] => 2026-03-11 15:51:08
)


OnProlog triggered - registering handlers:
Array
(
    [time] => 2026-03-11 15:51:09
)


Lists handlers registered (3 variants):
Array
(
    [time] => 2026-03-11 15:51:09
)


OnProlog triggered - registering handlers:
Array
(
    [time] => 2026-03-11 15:51:09
)


Lists handlers registered (3 variants):
Array
(
    [time] => 2026-03-11 15:51:09
)


OnProlog triggered - registering handlers:
Array
(
    [time] => 2026-03-11 15:51:18
)


Lists handlers registered (3 variants):
Array
(
    [time] => 2026-03-11 15:51:18
)


OnProlog triggered - registering handlers:
Array
(
    [time] => 2026-03-11 15:51:19
)


Lists handlers registered (3 variants):
Array
(
    [time] => 2026-03-11 15:51:19
)


OnProlog triggered - registering handlers:
Array
(
    [time] => 2026-03-11 15:51:19
)


Lists handlers registered (3 variants):
Array
(
    [time] => 2026-03-11 15:51:19
)


OnProlog triggered - registering handlers:
Array
(
    [time] => 2026-03-11 15:51:19
)


Lists handlers registered (3 variants):
Array
(
    [time] => 2026-03-11 15:51:19
)


OnProlog triggered - registering handlers:
Array
(
    [time] => 2026-03-11 15:52:05
)


Lists handlers registered (3 variants):
Array
(
    [time] => 2026-03-11 15:52:05
)


OnProlog triggered - registering handlers:
Array
(
    [time] => 2026-03-11 15:53:05
)


Lists handlers registered (3 variants):
Array
(
    [time] => 2026-03-11 15:53:05
)


OnProlog triggered - registering handlers:
Array
(
    [time] => 2026-03-11 15:54:05
)


Lists handlers registered (3 variants):
Array
(
    [time] => 2026-03-11 15:54:05
)


OnProlog triggered - registering handlers:
Array
(
    [time] => 2026-03-11 16:05:06
)


Lists handlers registered (3 variants):
Array
(
    [time] => 2026-03-11 16:05:06
)


OnProlog triggered - registering handlers:
Array
(
    [time] => 2026-03-11 16:19:05
)


Lists handlers registered (3 variants):
Array
(
    [time] => 2026-03-11 16:19:05
)


OnProlog triggered - registering handlers:
Array
(
    [time] => 2026-03-11 16:33:05
)


Lists handlers registered (3 variants):
Array
(
    [time] => 2026-03-11 16:33:05
)


OnProlog triggered - registering handlers:
Array
(
    [time] => 2026-03-11 16:47:05
)


Lists handlers registered (3 variants):
Array
(
    [time] => 2026-03-11 16:47:05
)


OnProlog triggered - registering handlers:
Array
(
    [time] => 2026-03-11 17:01:05
)


Lists handlers registered (3 variants):
Array
(
    [time] => 2026-03-11 17:01:05
)


OnProlog triggered - registering handlers:
Array
(
    [time] => 2026-03-11 17:15:05
)


Lists handlers registered (3 variants):
Array
(
    [time] => 2026-03-11 17:15:05
)


OnProlog triggered - registering handlers:
Array
(
    [time] => 2026-03-11 17:29:05
)


Lists handlers registered (3 variants):
Array
(
    [time] => 2026-03-11 17:29:05
)


OnProlog triggered - registering handlers:
Array
(
    [time] => 2026-03-11 17:43:05
)


Lists handlers registered (3 variants):
Array
(
    [time] => 2026-03-11 17:43:05
)


OnProlog triggered - registering handlers:
Array
(
    [time] => 2026-03-11 17:57:05
)


Lists handlers registered (3 variants):
Array
(
    [time] => 2026-03-11 17:57:05
)


OnProlog triggered - registering handlers:
Array
(
    [time] => 2026-03-11 18:11:05
)


Lists handlers registered (3 variants):
Array
(
    [time] => 2026-03-11 18:11:05
)


OnProlog triggered - registering handlers:
Array
(
    [time] => 2026-03-11 18:25:05
)


Lists handlers registered (3 variants):
Array
(
    [time] => 2026-03-11 18:25:05
)


OnProlog triggered - registering handlers:
Array
(
    [time] => 2026-03-11 18:39:05
)


Lists handlers registered (3 variants):
Array
(
    [time] => 2026-03-11 18:39:05
)


OnProlog triggered - registering handlers:
Array
(
    [time] => 2026-03-11 18:53:05
)


Lists handlers registered (3 variants):
Array
(
    [time] => 2026-03-11 18:53:05
)


OnProlog triggered - registering handlers:
Array
(
    [time] => 2026-03-11 19:07:05
)


Lists handlers registered (3 variants):
Array
(
    [time] => 2026-03-11 19:07:05
)


OnProlog triggered - registering handlers:
Array
(
    [time] => 2026-03-11 19:21:06
)


Lists handlers registered (3 variants):
Array
(
    [time] => 2026-03-11 19:21:06
)


OnProlog triggered - registering handlers:
Array
(
    [time] => 2026-03-12 07:15:52
)


Lists handlers registered (3 variants):
Array
(
    [time] => 2026-03-12 07:15:52
)


OnProlog triggered - registering handlers:
Array
(
    [time] => 2026-03-12 07:22:17
)


Lists handlers registered (3 variants):
Array
(
    [time] => 2026-03-12 07:22:17
)


OnProlog triggered - registering handlers:
Array
(
    [time] => 2026-03-12 07:22:18
)


Lists handlers registered (3 variants):
Array
(
    [time] => 2026-03-12 07:22:18
)


OnProlog triggered - registering handlers:
Array
(
    [time] => 2026-03-12 07:23:18
)


Lists handlers registered (3 variants):
Array
(
    [time] => 2026-03-12 07:23:18
)


OnProlog triggered - registering handlers:
Array
(
    [time] => 2026-03-12 07:24:18
)


Lists handlers registered (3 variants):
Array
(
    [time] => 2026-03-12 07:24:18
)


OnProlog triggered - registering handlers:
Array
(
    [time] => 2026-03-12 07:25:18
)


Lists handlers registered (3 variants):
Array
(
    [time] => 2026-03-12 07:25:18
)


OnProlog triggered - registering handlers:
Array
(
    [time] => 2026-03-12 07:26:18
)


Lists handlers registered (3 variants):
Array
(
    [time] => 2026-03-12 07:26:18
)


OnProlog triggered - registering handlers:
Array
(
    [time] => 2026-03-12 07:27:18
)


Lists handlers registered (3 variants):
Array
(
    [time] => 2026-03-12 07:27:18
)


OnProlog triggered - registering handlers:
Array
(
    [time] => 2026-03-12 07:28:18
)


Lists handlers registered (3 variants):
Array
(
    [time] => 2026-03-12 07:28:18
)


OnProlog triggered - registering handlers:
Array
(
    [time] => 2026-03-12 07:29:03
)


Lists handlers registered (3 variants):
Array
(
    [time] => 2026-03-12 07:29:03
)


OnProlog triggered - registering handlers:
Array
(
    [time] => 2026-03-12 07:29:07
)


Lists handlers registered (3 variants):
Array
(
    [time] => 2026-03-12 07:29:07
)


OnProlog triggered - registering handlers:
Array
(
    [time] => 2026-03-12 07:30:06
)


Lists handlers registered (3 variants):
Array
(
    [time] => 2026-03-12 07:30:06
)


OnProlog triggered - registering handlers:
Array
(
    [time] => 2026-03-12 07:30:29
)


Lists handlers registered (3 variants):
Array
(
    [time] => 2026-03-12 07:30:29
)


OnProlog triggered - registering handlers:
Array
(
    [time] => 2026-03-12 08:04:42
)


Lists handlers registered (3 variants):
Array
(
    [time] => 2026-03-12 08:04:42
)


OnProlog triggered - registering handlers:
Array
(
    [time] => 2026-03-12 09:19:01
)


Lists handlers registered (3 variants):
Array
(
    [time] => 2026-03-12 09:19:01
)


OnProlog triggered - registering handlers:
Array
(
    [time] => 2026-03-12 09:19:03
)


Lists handlers registered (3 variants):
Array
(
    [time] => 2026-03-12 09:19:03
)


OnProlog triggered - registering handlers:
Array
(
    [time] => 2026-03-12 09:19:04
)


Lists handlers registered (3 variants):
Array
(
    [time] => 2026-03-12 09:19:04
)


OnProlog triggered - registering handlers:
Array
(
    [time] => 2026-03-12 09:19:17
)


Lists handlers registered (3 variants):
Array
(
    [time] => 2026-03-12 09:19:17
)


OnProlog triggered - registering handlers:
Array
(
    [time] => 2026-03-12 09:19:19
)


Lists handlers registered (3 variants):
Array
(
    [time] => 2026-03-12 09:19:19
)


OnProlog triggered - registering handlers:
Array
(
    [time] => 2026-03-12 09:19:19
)


Lists handlers registered (3 variants):
Array
(
    [time] => 2026-03-12 09:19:19
)


OnProlog triggered - registering handlers:
Array
(
    [time] => 2026-03-13 10:04:52
)


Lists handlers registered (3 variants):
Array
(
    [time] => 2026-03-13 10:04:52
)


OnProlog triggered - registering handlers:
Array
(
    [time] => 2026-03-13 10:04:57
)


Lists handlers registered (3 variants):
Array
(
    [time] => 2026-03-13 10:04:57
)


OnProlog triggered - registering handlers:
Array
(
    [time] => 2026-03-13 10:04:58
)


Lists handlers registered (3 variants):
Array
(
    [time] => 2026-03-13 10:04:58
)


OnProlog triggered - registering handlers:
Array
(
    [time] => 2026-03-13 10:04:58
)


Lists handlers registered (3 variants):
Array
(
    [time] => 2026-03-13 10:04:58
)


OnProlog triggered - registering handlers:
Array
(
    [time] => 2026-03-13 10:04:58
)


Lists handlers registered (3 variants):
Array
(
    [time] => 2026-03-13 10:04:58
)


OnProlog triggered - registering handlers:
Array
(
    [time] => 2026-03-13 10:04:58
)


Lists handlers registered (3 variants):
Array
(
    [time] => 2026-03-13 10:04:58
)


OnProlog triggered - registering handlers:
Array
(
    [time] => 2026-03-13 10:05:02
)


Lists handlers registered (3 variants):
Array
(
    [time] => 2026-03-13 10:05:02
)


OnProlog triggered - registering handlers:
Array
(
    [time] => 2026-03-13 10:05:04
)


Lists handlers registered (3 variants):
Array
(
    [time] => 2026-03-13 10:05:04
)


OnProlog triggered - registering handlers:
Array
(
    [time] => 2026-03-13 10:05:06
)


Lists handlers registered (3 variants):
Array
(
    [time] => 2026-03-13 10:05:06
)


OnProlog triggered - registering handlers:
Array
(
    [time] => 2026-03-13 10:05:06
)


Lists handlers registered (3 variants):
Array
(
    [time] => 2026-03-13 10:05:06
)


OnProlog triggered - registering handlers:
Array
(
    [time] => 2026-03-13 10:05:06
)


Lists handlers registered (3 variants):
Array
(
    [time] => 2026-03-13 10:05:06
)


OnProlog triggered - registering handlers:
Array
(
    [time] => 2026-03-13 10:05:09
)


Lists handlers registered (3 variants):
Array
(
    [time] => 2026-03-13 10:05:09
)


OnProlog triggered - registering handlers:
Array
(
    [time] => 2026-03-13 10:05:10
)


Lists handlers registered (3 variants):
Array
(
    [time] => 2026-03-13 10:05:10
)


OnProlog triggered - registering handlers:
Array
(
    [time] => 2026-03-13 10:05:10
)


Lists handlers registered (3 variants):
Array
(
    [time] => 2026-03-13 10:05:10
)


OnProlog triggered - registering handlers:
Array
(
    [time] => 2026-03-13 10:05:14
)


Lists handlers registered (3 variants):
Array
(
    [time] => 2026-03-13 10:05:14
)


OnProlog triggered - registering handlers:
Array
(
    [time] => 2026-03-13 10:05:16
)


Lists handlers registered (3 variants):
Array
(
    [time] => 2026-03-13 10:05:16
)


OnProlog triggered - registering handlers:
Array
(
    [time] => 2026-03-13 10:05:16
)


Lists handlers registered (3 variants):
Array
(
    [time] => 2026-03-13 10:05:16
)


OnProlog triggered - registering handlers:
Array
(
    [time] => 2026-03-13 10:05:20
)


Lists handlers registered (3 variants):
Array
(
    [time] => 2026-03-13 10:05:20
)


OnProlog triggered - registering handlers:
Array
(
    [time] => 2026-03-13 10:05:21
)


Lists handlers registered (3 variants):
Array
(
    [time] => 2026-03-13 10:05:21
)


OnProlog triggered - registering handlers:
Array
(
    [time] => 2026-03-13 10:05:22
)


Lists handlers registered (3 variants):
Array
(
    [time] => 2026-03-13 10:05:22
)


OnProlog triggered - registering handlers:
Array
(
    [time] => 2026-03-13 10:05:22
)


Lists handlers registered (3 variants):
Array
(
    [time] => 2026-03-13 10:05:22
)


OnProlog triggered - registering handlers:
Array
(
    [time] => 2026-03-13 10:05:29
)


Lists handlers registered (3 variants):
Array
(
    [time] => 2026-03-13 10:05:29
)


OnProlog triggered - registering handlers:
Array
(
    [time] => 2026-03-13 10:05:31
)


Lists handlers registered (3 variants):
Array
(
    [time] => 2026-03-13 10:05:31
)


OnProlog triggered - registering handlers:
Array
(
    [time] => 2026-03-13 10:05:31
)


Lists handlers registered (3 variants):
Array
(
    [time] => 2026-03-13 10:05:31
)


OnProlog triggered - registering handlers:
Array
(
    [time] => 2026-03-13 10:05:33
)


Lists handlers registered (3 variants):
Array
(
    [time] => 2026-03-13 10:05:33
)


OnProlog triggered - registering handlers:
Array
(
    [time] => 2026-03-13 10:05:34
)


Lists handlers registered (3 variants):
Array
(
    [time] => 2026-03-13 10:05:34
)


OnProlog triggered - registering handlers:
Array
(
    [time] => 2026-03-13 10:05:35
)


Lists handlers registered (3 variants):
Array
(
    [time] => 2026-03-13 10:05:35
)


OnProlog triggered - registering handlers:
Array
(
    [time] => 2026-03-13 10:05:36
)


Lists handlers registered (3 variants):
Array
(
    [time] => 2026-03-13 10:05:36
)


OnProlog triggered - registering handlers:
Array
(
    [time] => 2026-03-13 10:05:38
)


Lists handlers registered (3 variants):
Array
(
    [time] => 2026-03-13 10:05:38
)


OnProlog triggered - registering handlers:
Array
(
    [time] => 2026-03-13 10:05:39
)


Lists handlers registered (3 variants):
Array
(
    [time] => 2026-03-13 10:05:39
)


OnProlog triggered - registering handlers:
Array
(
    [time] => 2026-03-13 10:06:07
)


Lists handlers registered (3 variants):
Array
(
    [time] => 2026-03-13 10:06:07
)


OnProlog triggered - registering handlers:
Array
(
    [time] => 2026-03-13 10:06:08
)


Lists handlers registered (3 variants):
Array
(
    [time] => 2026-03-13 10:06:08
)


OnProlog triggered - registering handlers:
Array
(
    [time] => 2026-03-13 10:06:09
)


Lists handlers registered (3 variants):
Array
(
    [time] => 2026-03-13 10:06:09
)


OnProlog triggered - registering handlers:
Array
(
    [time] => 2026-03-13 10:06:10
)


Lists handlers registered (3 variants):
Array
(
    [time] => 2026-03-13 10:06:10
)


OnProlog triggered - registering handlers:
Array
(
    [time] => 2026-03-13 10:06:25
)


Lists handlers registered (3 variants):
Array
(
    [time] => 2026-03-13 10:06:25
)


OnProlog triggered - registering handlers:
Array
(
    [time] => 2026-03-13 10:06:50
)


Lists handlers registered (3 variants):
Array
(
    [time] => 2026-03-13 10:06:50
)


OnProlog triggered - registering handlers:
Array
(
    [time] => 2026-03-13 10:07:05
)


Lists handlers registered (3 variants):
Array
(
    [time] => 2026-03-13 10:07:05
)


OnProlog triggered - registering handlers:
Array
(
    [time] => 2026-03-13 10:07:10
)


Lists handlers registered (3 variants):
Array
(
    [time] => 2026-03-13 10:07:10
)


OnProlog triggered - registering handlers:
Array
(
    [time] => 2026-03-13 10:07:39
)


Lists handlers registered (3 variants):
Array
(
    [time] => 2026-03-13 10:07:39
)


OnProlog triggered - registering handlers:
Array
(
    [time] => 2026-03-13 10:07:49
)


Lists handlers registered (3 variants):
Array
(
    [time] => 2026-03-13 10:07:49
)


OnProlog triggered - registering handlers:
Array
(
    [time] => 2026-03-13 10:08:10
)


Lists handlers registered (3 variants):
Array
(
    [time] => 2026-03-13 10:08:10
)


OnProlog triggered - registering handlers:
Array
(
    [time] => 2026-03-13 10:08:18
)


Lists handlers registered (3 variants):
Array
(
    [time] => 2026-03-13 10:08:18
)


OnProlog triggered - registering handlers:
Array
(
    [time] => 2026-03-13 10:08:20
)


Lists handlers registered (3 variants):
Array
(
    [time] => 2026-03-13 10:08:20
)


OnProlog triggered - registering handlers:
Array
(
    [time] => 2026-03-13 10:08:37
)


Lists handlers registered (3 variants):
Array
(
    [time] => 2026-03-13 10:08:37
)


OnProlog triggered - registering handlers:
Array
(
    [time] => 2026-03-13 10:08:44
)


Lists handlers registered (3 variants):
Array
(
    [time] => 2026-03-13 10:08:44
)


OnProlog triggered - registering handlers:
Array
(
    [time] => 2026-03-13 10:08:54
)


Lists handlers registered (3 variants):
Array
(
    [time] => 2026-03-13 10:08:54
)


OnProlog triggered - registering handlers:
Array
(
    [time] => 2026-03-13 10:09:02
)


Lists handlers registered (3 variants):
Array
(
    [time] => 2026-03-13 10:09:02
)


OnProlog triggered - registering handlers:
Array
(
    [time] => 2026-03-13 10:09:10
)


Lists handlers registered (3 variants):
Array
(
    [time] => 2026-03-13 10:09:10
)


OnProlog triggered - registering handlers:
Array
(
    [time] => 2026-03-13 10:09:14
)


Lists handlers registered (3 variants):
Array
(
    [time] => 2026-03-13 10:09:14
)


OnProlog triggered - registering handlers:
Array
(
    [time] => 2026-03-13 10:09:22
)


Lists handlers registered (3 variants):
Array
(
    [time] => 2026-03-13 10:09:22
)


OnProlog triggered - registering handlers:
Array
(
    [time] => 2026-03-13 10:09:57
)


Lists handlers registered (3 variants):
Array
(
    [time] => 2026-03-13 10:09:57
)


OnProlog triggered - registering handlers:
Array
(
    [time] => 2026-03-13 10:10:03
)


Lists handlers registered (3 variants):
Array
(
    [time] => 2026-03-13 10:10:03
)


OnProlog triggered - registering handlers:
Array
(
    [time] => 2026-03-13 10:10:10
)


Lists handlers registered (3 variants):
Array
(
    [time] => 2026-03-13 10:10:10
)


OnProlog triggered - registering handlers:
Array
(
    [time] => 2026-03-13 10:10:11
)


Lists handlers registered (3 variants):
Array
(
    [time] => 2026-03-13 10:10:11
)


OnProlog triggered - registering handlers:
Array
(
    [time] => 2026-03-13 10:10:27
)


Lists handlers registered (3 variants):
Array
(
    [time] => 2026-03-13 10:10:27
)


OnProlog triggered - registering handlers:
Array
(
    [time] => 2026-03-13 10:10:39
)


Lists handlers registered (3 variants):
Array
(
    [time] => 2026-03-13 10:10:39
)


OnProlog triggered - registering handlers:
Array
(
    [time] => 2026-03-13 10:10:40
)


Lists handlers registered (3 variants):
Array
(
    [time] => 2026-03-13 10:10:40
)


OnProlog triggered - registering handlers:
Array
(
    [time] => 2026-03-13 10:10:54
)


Lists handlers registered (3 variants):
Array
(
    [time] => 2026-03-13 10:10:54
)


OnProlog triggered - registering handlers:
Array
(
    [time] => 2026-03-13 10:11:10
)


Lists handlers registered (3 variants):
Array
(
    [time] => 2026-03-13 10:11:10
)


OnProlog triggered - registering handlers:
Array
(
    [time] => 2026-03-13 10:11:16
)


Lists handlers registered (3 variants):
Array
(
    [time] => 2026-03-13 10:11:16
)


OnProlog triggered - registering handlers:
Array
(
    [time] => 2026-03-13 10:11:33
)


Lists handlers registered (3 variants):
Array
(
    [time] => 2026-03-13 10:11:33
)


OnProlog triggered - registering handlers:
Array
(
    [time] => 2026-03-13 10:11:51
)


Lists handlers registered (3 variants):
Array
(
    [time] => 2026-03-13 10:11:51
)


OnProlog triggered - registering handlers:
Array
(
    [time] => 2026-03-13 10:12:10
)


Lists handlers registered (3 variants):
Array
(
    [time] => 2026-03-13 10:12:10
)


OnProlog triggered - registering handlers:
Array
(
    [time] => 2026-03-13 10:12:13
)


Lists handlers registered (3 variants):
Array
(
    [time] => 2026-03-13 10:12:13
)


OnProlog triggered - registering handlers:
Array
(
    [time] => 2026-03-13 10:12:18
)


Lists handlers registered (3 variants):
Array
(
    [time] => 2026-03-13 10:12:18
)


OnProlog triggered - registering handlers:
Array
(
    [time] => 2026-03-13 10:12:23
)


Lists handlers registered (3 variants):
Array
(
    [time] => 2026-03-13 10:12:23
)


OnProlog triggered - registering handlers:
Array
(
    [time] => 2026-03-13 10:12:42
)


Lists handlers registered (3 variants):
Array
(
    [time] => 2026-03-13 10:12:42
)


OnProlog triggered - registering handlers:
Array
(
    [time] => 2026-03-13 10:12:55
)


Lists handlers registered (3 variants):
Array
(
    [time] => 2026-03-13 10:12:55
)


OnProlog triggered - registering handlers:
Array
(
    [time] => 2026-03-13 10:12:56
)


Lists handlers registered (3 variants):
Array
(
    [time] => 2026-03-13 10:12:56
)


OnProlog triggered - registering handlers:
Array
(
    [time] => 2026-03-13 10:12:56
)


Lists handlers registered (3 variants):
Array
(
    [time] => 2026-03-13 10:12:56
)


OnProlog triggered - registering handlers:
Array
(
    [time] => 2026-03-13 10:12:56
)


Lists handlers registered (3 variants):
Array
(
    [time] => 2026-03-13 10:12:56
)


OnProlog triggered - registering handlers:
Array
(
    [time] => 2026-03-13 10:13:10
)


Lists handlers registered (3 variants):
Array
(
    [time] => 2026-03-13 10:13:10
)


OnProlog triggered - registering handlers:
Array
(
    [time] => 2026-03-13 10:13:30
)


Lists handlers registered (3 variants):
Array
(
    [time] => 2026-03-13 10:13:30
)


OnProlog triggered - registering handlers:
Array
(
    [time] => 2026-03-13 10:14:10
)


Lists handlers registered (3 variants):
Array
(
    [time] => 2026-03-13 10:14:10
)


OnProlog triggered - registering handlers:
Array
(
    [time] => 2026-03-13 10:15:00
)


Lists handlers registered (3 variants):
Array
(
    [time] => 2026-03-13 10:15:00
)


OnProlog triggered - registering handlers:
Array
(
    [time] => 2026-03-13 10:15:05
)


Lists handlers registered (3 variants):
Array
(
    [time] => 2026-03-13 10:15:05
)


OnProlog triggered - registering handlers:
Array
(
    [time] => 2026-03-13 10:15:08
)


Lists handlers registered (3 variants):
Array
(
    [time] => 2026-03-13 10:15:08
)


OnProlog triggered - registering handlers:
Array
(
    [time] => 2026-03-13 10:15:10
)


Lists handlers registered (3 variants):
Array
(
    [time] => 2026-03-13 10:15:10
)


OnProlog triggered - registering handlers:
Array
(
    [time] => 2026-03-13 10:15:10
)


Lists handlers registered (3 variants):
Array
(
    [time] => 2026-03-13 10:15:10
)


OnProlog triggered - registering handlers:
Array
(
    [time] => 2026-03-13 10:15:56
)


Lists handlers registered (3 variants):
Array
(
    [time] => 2026-03-13 10:15:56
)


OnProlog triggered - registering handlers:
Array
(
    [time] => 2026-03-13 10:15:57
)


Lists handlers registered (3 variants):
Array
(
    [time] => 2026-03-13 10:15:57
)


OnProlog triggered - registering handlers:
Array
(
    [time] => 2026-03-13 10:15:57
)


Lists handlers registered (3 variants):
Array
(
    [time] => 2026-03-13 10:15:57
)


OnProlog triggered - registering handlers:
Array
(
    [time] => 2026-03-13 10:15:57
)


Lists handlers registered (3 variants):
Array
(
    [time] => 2026-03-13 10:15:57
)


OnProlog triggered - registering handlers:
Array
(
    [time] => 2026-03-13 10:16:10
)


Lists handlers registered (3 variants):
Array
(
    [time] => 2026-03-13 10:16:10
)


OnProlog triggered - registering handlers:
Array
(
    [time] => 2026-03-13 10:16:12
)


Lists handlers registered (3 variants):
Array
(
    [time] => 2026-03-13 10:16:12
)


OnProlog triggered - registering handlers:
Array
(
    [time] => 2026-03-13 10:17:10
)


Lists handlers registered (3 variants):
Array
(
    [time] => 2026-03-13 10:17:10
)


OnProlog triggered - registering handlers:
Array
(
    [time] => 2026-03-13 10:17:44
)


Lists handlers registered (3 variants):
Array
(
    [time] => 2026-03-13 10:17:44
)


OnProlog triggered - registering handlers:
Array
(
    [time] => 2026-03-13 10:18:03
)


Lists handlers registered (3 variants):
Array
(
    [time] => 2026-03-13 10:18:03
)


OnProlog triggered - registering handlers:
Array
(
    [time] => 2026-03-13 10:18:04
)


Lists handlers registered (3 variants):
Array
(
    [time] => 2026-03-13 10:18:04
)


OnProlog triggered - registering handlers:
Array
(
    [time] => 2026-03-13 10:18:04
)


Lists handlers registered (3 variants):
Array
(
    [time] => 2026-03-13 10:18:04
)


OnProlog triggered - registering handlers:
Array
(
    [time] => 2026-03-13 10:18:04
)


Lists handlers registered (3 variants):
Array
(
    [time] => 2026-03-13 10:18:04
)


OnProlog triggered - registering handlers:
Array
(
    [time] => 2026-03-13 10:18:09
)


Lists handlers registered (3 variants):
Array
(
    [time] => 2026-03-13 10:18:09
)


OnProlog triggered - registering handlers:
Array
(
    [time] => 2026-03-13 10:18:09
)


Lists handlers registered (3 variants):
Array
(
    [time] => 2026-03-13 10:18:09
)


OnProlog triggered - registering handlers:
Array
(
    [time] => 2026-03-13 10:18:10
)


Lists handlers registered (3 variants):
Array
(
    [time] => 2026-03-13 10:18:10
)


OnProlog triggered - registering handlers:
Array
(
    [time] => 2026-03-13 10:18:10
)


Lists handlers registered (3 variants):
Array
(
    [time] => 2026-03-13 10:18:10
)


OnProlog triggered - registering handlers:
Array
(
    [time] => 2026-03-13 10:18:10
)


Lists handlers registered (3 variants):
Array
(
    [time] => 2026-03-13 10:18:10
)


OnProlog triggered - registering handlers:
Array
(
    [time] => 2026-03-13 10:18:18
)


Lists handlers registered (3 variants):
Array
(
    [time] => 2026-03-13 10:18:18
)


OnProlog triggered - registering handlers:
Array
(
    [time] => 2026-03-13 10:18:23
)


Lists handlers registered (3 variants):
Array
(
    [time] => 2026-03-13 10:18:23
)


OnProlog triggered - registering handlers:
Array
(
    [time] => 2026-03-13 10:18:24
)


Lists handlers registered (3 variants):
Array
(
    [time] => 2026-03-13 10:18:24
)


OnProlog triggered - registering handlers:
Array
(
    [time] => 2026-03-13 10:18:24
)


Lists handlers registered (3 variants):
Array
(
    [time] => 2026-03-13 10:18:24
)


OnProlog triggered - registering handlers:
Array
(
    [time] => 2026-03-13 10:18:24
)


Lists handlers registered (3 variants):
Array
(
    [time] => 2026-03-13 10:18:24
)


OnProlog triggered - registering handlers:
Array
(
    [time] => 2026-03-13 10:18:50
)


Lists handlers registered (3 variants):
Array
(
    [time] => 2026-03-13 10:18:50
)


OnProlog triggered - registering handlers:
Array
(
    [time] => 2026-03-13 10:18:52
)


Lists handlers registered (3 variants):
Array
(
    [time] => 2026-03-13 10:18:52
)


OnProlog triggered - registering handlers:
Array
(
    [time] => 2026-03-13 10:18:53
)


Lists handlers registered (3 variants):
Array
(
    [time] => 2026-03-13 10:18:53
)


OnProlog triggered - registering handlers:
Array
(
    [time] => 2026-03-13 10:18:53
)


Lists handlers registered (3 variants):
Array
(
    [time] => 2026-03-13 10:18:53
)


OnProlog triggered - registering handlers:
Array
(
    [time] => 2026-03-13 10:18:53
)


Lists handlers registered (3 variants):
Array
(
    [time] => 2026-03-13 10:18:53
)


OnProlog triggered - registering handlers:
Array
(
    [time] => 2026-03-13 10:19:00
)


Lists handlers registered (3 variants):
Array
(
    [time] => 2026-03-13 10:19:00
)


OnProlog triggered - registering handlers:
Array
(
    [time] => 2026-03-13 10:19:09
)


Lists handlers registered (3 variants):
Array
(
    [time] => 2026-03-13 10:19:09
)


OnProlog triggered - registering handlers:
Array
(
    [time] => 2026-03-13 10:19:31
)


Lists handlers registered (3 variants):
Array
(
    [time] => 2026-03-13 10:19:31
)


OnProlog triggered - registering handlers:
Array
(
    [time] => 2026-03-13 10:19:50
)


Lists handlers registered (3 variants):
Array
(
    [time] => 2026-03-13 10:19:50
)


OnProlog triggered - registering handlers:
Array
(
    [time] => 2026-03-13 10:19:58
)


Lists handlers registered (3 variants):
Array
(
    [time] => 2026-03-13 10:19:58
)


OnProlog triggered - registering handlers:
Array
(
    [time] => 2026-03-13 10:20:09
)


Lists handlers registered (3 variants):
Array
(
    [time] => 2026-03-13 10:20:09
)


OnProlog triggered - registering handlers:
Array
(
    [time] => 2026-03-13 10:20:10
)


Lists handlers registered (3 variants):
Array
(
    [time] => 2026-03-13 10:20:10
)


OnProlog triggered - registering handlers:
Array
(
    [time] => 2026-03-13 10:20:16
)


Lists handlers registered (3 variants):
Array
(
    [time] => 2026-03-13 10:20:16
)


OnProlog triggered - registering handlers:
Array
(
    [time] => 2026-03-13 10:20:39
)


Lists handlers registered (3 variants):
Array
(
    [time] => 2026-03-13 10:20:39
)


OnProlog triggered - registering handlers:
Array
(
    [time] => 2026-03-13 10:20:44
)


Lists handlers registered (3 variants):
Array
(
    [time] => 2026-03-13 10:20:44
)


OnProlog triggered - registering handlers:
Array
(
    [time] => 2026-03-13 10:21:09
)


Lists handlers registered (3 variants):
Array
(
    [time] => 2026-03-13 10:21:09
)


OnProlog triggered - registering handlers:
Array
(
    [time] => 2026-03-13 10:22:09
)


Lists handlers registered (3 variants):
Array
(
    [time] => 2026-03-13 10:22:09
)


OnProlog triggered - registering handlers:
Array
(
    [time] => 2026-03-13 10:23:10
)


Lists handlers registered (3 variants):
Array
(
    [time] => 2026-03-13 10:23:10
)


OnProlog triggered - registering handlers:
Array
(
    [time] => 2026-03-13 10:24:09
)


Lists handlers registered (3 variants):
Array
(
    [time] => 2026-03-13 10:24:09
)


OnProlog triggered - registering handlers:
Array
(
    [time] => 2026-03-13 10:25:09
)


Lists handlers registered (3 variants):
Array
(
    [time] => 2026-03-13 10:25:09
)


OnProlog triggered - registering handlers:
Array
(
    [time] => 2026-03-13 10:26:31
)


Lists handlers registered (3 variants):
Array
(
    [time] => 2026-03-13 10:26:31
)


OnProlog triggered - registering handlers:
Array
(
    [time] => 2026-03-13 10:27:31
)


Lists handlers registered (3 variants):
Array
(
    [time] => 2026-03-13 10:27:31
)


OnProlog triggered - registering handlers:
Array
(
    [time] => 2026-03-13 10:28:31
)


Lists handlers registered (3 variants):
Array
(
    [time] => 2026-03-13 10:28:31
)


OnProlog triggered - registering handlers:
Array
(
    [time] => 2026-03-13 10:29:31
)


Lists handlers registered (3 variants):
Array
(
    [time] => 2026-03-13 10:29:31
)


OnProlog triggered - registering handlers:
Array
(
    [time] => 2026-03-13 10:34:10
)


Lists handlers registered (3 variants):
Array
(
    [time] => 2026-03-13 10:34:10
)


OnProlog triggered - registering handlers:
Array
(
    [time] => 2026-03-13 10:35:03
)


Lists handlers registered (3 variants):
Array
(
    [time] => 2026-03-13 10:35:03
)


OnProlog triggered - registering handlers:
Array
(
    [time] => 2026-03-13 10:36:04
)


Lists handlers registered (3 variants):
Array
(
    [time] => 2026-03-13 10:36:04
)


OnProlog triggered - registering handlers:
Array
(
    [time] => 2026-03-13 10:48:10
)


Lists handlers registered (3 variants):
Array
(
    [time] => 2026-03-13 10:48:10
)


OnProlog triggered - registering handlers:
Array
(
    [time] => 2026-03-13 10:54:01
)


Lists handlers registered (3 variants):
Array
(
    [time] => 2026-03-13 10:54:01
)


OnProlog triggered - registering handlers:
Array
(
    [time] => 2026-03-13 10:55:02
)


Lists handlers registered (3 variants):
Array
(
    [time] => 2026-03-13 10:55:02
)


OnProlog triggered - registering handlers:
Array
(
    [time] => 2026-03-13 11:02:10
)


Lists handlers registered (3 variants):
Array
(
    [time] => 2026-03-13 11:02:10
)


OnProlog triggered - registering handlers:
Array
(
    [time] => 2026-03-13 11:14:13
)


Lists handlers registered (3 variants):
Array
(
    [time] => 2026-03-13 11:14:13
)


OnProlog triggered - registering handlers:
Array
(
    [time] => 2026-03-13 11:15:12
)


Lists handlers registered (3 variants):
Array
(
    [time] => 2026-03-13 11:15:12
)


OnProlog triggered - registering handlers:
Array
(
    [time] => 2026-03-13 11:15:22
)


Lists handlers registered (3 variants):
Array
(
    [time] => 2026-03-13 11:15:22
)


OnProlog triggered - registering handlers:
Array
(
    [time] => 2026-03-13 11:16:10
)


Lists handlers registered (3 variants):
Array
(
    [time] => 2026-03-13 11:16:10
)


OnProlog triggered - registering handlers:
Array
(
    [time] => 2026-03-13 11:16:12
)


Lists handlers registered (3 variants):
Array
(
    [time] => 2026-03-13 11:16:12
)


OnProlog triggered - registering handlers:
Array
(
    [time] => 2026-03-13 11:17:12
)


Lists handlers registered (3 variants):
Array
(
    [time] => 2026-03-13 11:17:12
)


OnProlog triggered - registering handlers:
Array
(
    [time] => 2026-03-13 11:18:12
)


Lists handlers registered (3 variants):
Array
(
    [time] => 2026-03-13 11:18:12
)


OnProlog triggered - registering handlers:
Array
(
    [time] => 2026-03-13 11:18:36
)


Lists handlers registered (3 variants):
Array
(
    [time] => 2026-03-13 11:18:36
)


OnProlog triggered - registering handlers:
Array
(
    [time] => 2026-03-13 11:18:42
)


Lists handlers registered (3 variants):
Array
(
    [time] => 2026-03-13 11:18:42
)


OnProlog triggered - registering handlers:
Array
(
    [time] => 2026-03-13 11:19:12
)


Lists handlers registered (3 variants):
Array
(
    [time] => 2026-03-13 11:19:12
)


OnProlog triggered - registering handlers:
Array
(
    [time] => 2026-03-13 11:19:16
)


Lists handlers registered (3 variants):
Array
(
    [time] => 2026-03-13 11:19:16
)


OnProlog triggered - registering handlers:
Array
(
    [time] => 2026-03-13 11:19:26
)


Lists handlers registered (3 variants):
Array
(
    [time] => 2026-03-13 11:19:26
)


OnProlog triggered - registering handlers:
Array
(
    [time] => 2026-03-13 11:19:26
)


Lists handlers registered (3 variants):
Array
(
    [time] => 2026-03-13 11:19:26
)


OnProlog triggered - registering handlers:
Array
(
    [time] => 2026-03-13 11:19:27
)


Lists handlers registered (3 variants):
Array
(
    [time] => 2026-03-13 11:19:27
)


OnProlog triggered - registering handlers:
Array
(
    [time] => 2026-03-13 11:19:28
)


Lists handlers registered (3 variants):
Array
(
    [time] => 2026-03-13 11:19:28
)


OnProlog triggered - registering handlers:
Array
(
    [time] => 2026-03-13 11:20:28
)


Lists handlers registered (3 variants):
Array
(
    [time] => 2026-03-13 11:20:28
)


OnProlog triggered - registering handlers:
Array
(
    [time] => 2026-03-13 11:20:32
)


Lists handlers registered (3 variants):
Array
(
    [time] => 2026-03-13 11:20:32
)


OnProlog triggered - registering handlers:
Array
(
    [time] => 2026-03-13 11:20:35
)


Lists handlers registered (3 variants):
Array
(
    [time] => 2026-03-13 11:20:35
)


OnProlog triggered - registering handlers:
Array
(
    [time] => 2026-03-13 11:20:45
)


Lists handlers registered (3 variants):
Array
(
    [time] => 2026-03-13 11:20:45
)


OnProlog triggered - registering handlers:
Array
(
    [time] => 2026-03-13 11:21:35
)


Lists handlers registered (3 variants):
Array
(
    [time] => 2026-03-13 11:21:35
)


OnProlog triggered - registering handlers:
Array
(
    [time] => 2026-03-13 11:22:59
)


Lists handlers registered (3 variants):
Array
(
    [time] => 2026-03-13 11:22:59
)


OnProlog triggered - registering handlers:
Array
(
    [time] => 2026-03-13 11:23:04
)


Lists handlers registered (3 variants):
Array
(
    [time] => 2026-03-13 11:23:04
)


OnProlog triggered - registering handlers:
Array
(
    [time] => 2026-03-13 11:23:05
)


Lists handlers registered (3 variants):
Array
(
    [time] => 2026-03-13 11:23:05
)


OnProlog triggered - registering handlers:
Array
(
    [time] => 2026-03-13 11:23:06
)


Lists handlers registered (3 variants):
Array
(
    [time] => 2026-03-13 11:23:06
)


OnProlog triggered - registering handlers:
Array
(
    [time] => 2026-03-13 11:23:07
)


Lists handlers registered (3 variants):
Array
(
    [time] => 2026-03-13 11:23:07
)


OnProlog triggered - registering handlers:
Array
(
    [time] => 2026-03-13 11:23:08
)


Lists handlers registered (3 variants):
Array
(
    [time] => 2026-03-13 11:23:08
)


OnProlog triggered - registering handlers:
Array
(
    [time] => 2026-03-13 11:23:09
)


Lists handlers registered (3 variants):
Array
(
    [time] => 2026-03-13 11:23:09
)


OnProlog triggered - registering handlers:
Array
(
    [time] => 2026-03-13 11:23:26
)


Lists handlers registered (3 variants):
Array
(
    [time] => 2026-03-13 11:23:26
)


OnProlog triggered - registering handlers:
Array
(
    [time] => 2026-03-13 11:23:26
)


Lists handlers registered (3 variants):
Array
(
    [time] => 2026-03-13 11:23:26
)


OnProlog triggered - registering handlers:
Array
(
    [time] => 2026-03-13 11:23:27
)


Lists handlers registered (3 variants):
Array
(
    [time] => 2026-03-13 11:23:27
)


OnProlog triggered - registering handlers:
Array
(
    [time] => 2026-03-13 11:23:28
)


Lists handlers registered (3 variants):
Array
(
    [time] => 2026-03-13 11:23:28
)


OnProlog triggered - registering handlers:
Array
(
    [time] => 2026-03-13 11:24:28
)


Lists handlers registered (3 variants):
Array
(
    [time] => 2026-03-13 11:24:28
)


OnProlog triggered - registering handlers:
Array
(
    [time] => 2026-03-13 11:25:47
)


Lists handlers registered (3 variants):
Array
(
    [time] => 2026-03-13 11:25:47
)


OnProlog triggered - registering handlers:
Array
(
    [time] => 2026-03-13 11:25:48
)


Lists handlers registered (3 variants):
Array
(
    [time] => 2026-03-13 11:25:48
)


OnProlog triggered - registering handlers:
Array
(
    [time] => 2026-03-13 11:25:49
)


Lists handlers registered (3 variants):
Array
(
    [time] => 2026-03-13 11:25:49
)


OnProlog triggered - registering handlers:
Array
(
    [time] => 2026-03-13 11:25:49
)


Lists handlers registered (3 variants):
Array
(
    [time] => 2026-03-13 11:25:49
)


OnProlog triggered - registering handlers:
Array
(
    [time] => 2026-03-13 11:25:49
)


Lists handlers registered (3 variants):
Array
(
    [time] => 2026-03-13 11:25:49
)


OnProlog triggered - registering handlers:
Array
(
    [time] => 2026-03-13 11:25:51
)


Lists handlers registered (3 variants):
Array
(
    [time] => 2026-03-13 11:25:51
)


OnProlog triggered - registering handlers:
Array
(
    [time] => 2026-03-13 11:25:52
)


Lists handlers registered (3 variants):
Array
(
    [time] => 2026-03-13 11:25:52
)


OnProlog triggered - registering handlers:
Array
(
    [time] => 2026-03-13 11:25:52
)


Lists handlers registered (3 variants):
Array
(
    [time] => 2026-03-13 11:25:52
)


OnProlog triggered - registering handlers:
Array
(
    [time] => 2026-03-13 11:25:52
)


Lists handlers registered (3 variants):
Array
(
    [time] => 2026-03-13 11:25:52
)


OnProlog triggered - registering handlers:
Array
(
    [time] => 2026-03-13 11:25:57
)


Lists handlers registered (3 variants):
Array
(
    [time] => 2026-03-13 11:25:57
)


OnProlog triggered - registering handlers:
Array
(
    [time] => 2026-03-13 11:25:58
)


Lists handlers registered (3 variants):
Array
(
    [time] => 2026-03-13 11:25:58
)


OnProlog triggered - registering handlers:
Array
(
    [time] => 2026-03-13 11:25:59
)


Lists handlers registered (3 variants):
Array
(
    [time] => 2026-03-13 11:25:59
)


OnProlog triggered - registering handlers:
Array
(
    [time] => 2026-03-13 11:25:59
)


Lists handlers registered (3 variants):
Array
(
    [time] => 2026-03-13 11:25:59
)


OnProlog triggered - registering handlers:
Array
(
    [time] => 2026-03-13 11:26:00
)


Lists handlers registered (3 variants):
Array
(
    [time] => 2026-03-13 11:26:00
)


OnProlog triggered - registering handlers:
Array
(
    [time] => 2026-03-13 11:26:01
)


Lists handlers registered (3 variants):
Array
(
    [time] => 2026-03-13 11:26:01
)


OnProlog triggered - registering handlers:
Array
(
    [time] => 2026-03-13 11:26:01
)


Lists handlers registered (3 variants):
Array
(
    [time] => 2026-03-13 11:26:01
)


OnProlog triggered - registering handlers:
Array
(
    [time] => 2026-03-13 11:27:00
)


Lists handlers registered (3 variants):
Array
(
    [time] => 2026-03-13 11:27:00
)


OnProlog triggered - registering handlers:
Array
(
    [time] => 2026-03-13 11:29:09
)


Lists handlers registered (3 variants):
Array
(
    [time] => 2026-03-13 11:29:09
)


OnProlog triggered - registering handlers:
Array
(
    [time] => 2026-03-13 11:30:05
)


Lists handlers registered (3 variants):
Array
(
    [time] => 2026-03-13 11:30:05
)


OnProlog triggered - registering handlers:
Array
(
    [time] => 2026-03-13 11:30:07
)


Lists handlers registered (3 variants):
Array
(
    [time] => 2026-03-13 11:30:07
)


OnProlog triggered - registering handlers:
Array
(
    [time] => 2026-03-13 11:30:07
)


Lists handlers registered (3 variants):
Array
(
    [time] => 2026-03-13 11:30:07
)


OnProlog triggered - registering handlers:
Array
(
    [time] => 2026-03-13 11:30:07
)


Lists handlers registered (3 variants):
Array
(
    [time] => 2026-03-13 11:30:07
)


OnProlog triggered - registering handlers:
Array
(
    [time] => 2026-03-13 11:30:08
)


Lists handlers registered (3 variants):
Array
(
    [time] => 2026-03-13 11:30:08
)


OnProlog triggered - registering handlers:
Array
(
    [time] => 2026-03-13 11:30:08
)


Lists handlers registered (3 variants):
Array
(
    [time] => 2026-03-13 11:30:08
)


OnProlog triggered - registering handlers:
Array
(
    [time] => 2026-03-13 11:30:08
)


Lists handlers registered (3 variants):
Array
(
    [time] => 2026-03-13 11:30:08
)


OnProlog triggered - registering handlers:
Array
(
    [time] => 2026-03-13 11:30:08
)


Lists handlers registered (3 variants):
Array
(
    [time] => 2026-03-13 11:30:08
)


OnProlog triggered - registering handlers:
Array
(
    [time] => 2026-03-13 11:30:09
)


Lists handlers registered (3 variants):
Array
(
    [time] => 2026-03-13 11:30:09
)


OnProlog triggered - registering handlers:
Array
(
    [time] => 2026-03-13 11:30:09
)


Lists handlers registered (3 variants):
Array
(
    [time] => 2026-03-13 11:30:09
)


OnProlog triggered - registering handlers:
Array
(
    [time] => 2026-03-13 11:30:09
)


Lists handlers registered (3 variants):
Array
(
    [time] => 2026-03-13 11:30:09
)


OnProlog triggered - registering handlers:
Array
(
    [time] => 2026-03-13 11:30:10
)


Lists handlers registered (3 variants):
Array
(
    [time] => 2026-03-13 11:30:10
)


OnProlog triggered - registering handlers:
Array
(
    [time] => 2026-03-13 11:30:10
)


Lists handlers registered (3 variants):
Array
(
    [time] => 2026-03-13 11:30:10
)


OnProlog triggered - registering handlers:
Array
(
    [time] => 2026-03-13 11:30:10
)


Lists handlers registered (3 variants):
Array
(
    [time] => 2026-03-13 11:30:10
)


OnProlog triggered - registering handlers:
Array
(
    [time] => 2026-03-13 11:30:10
)


Lists handlers registered (3 variants):
Array
(
    [time] => 2026-03-13 11:30:10
)


OnProlog triggered - registering handlers:
Array
(
    [time] => 2026-03-13 11:30:11
)


Lists handlers registered (3 variants):
Array
(
    [time] => 2026-03-13 11:30:11
)


OnProlog triggered - registering handlers:
Array
(
    [time] => 2026-03-13 11:30:11
)


Lists handlers registered (3 variants):
Array
(
    [time] => 2026-03-13 11:30:11
)


OnProlog triggered - registering handlers:
Array
(
    [time] => 2026-03-13 11:30:14
)


Lists handlers registered (3 variants):
Array
(
    [time] => 2026-03-13 11:30:14
)


OnProlog triggered - registering handlers:
Array
(
    [time] => 2026-03-13 11:30:29
)


Lists handlers registered (3 variants):
Array
(
    [time] => 2026-03-13 11:30:29
)


OnProlog triggered - registering handlers:
Array
(
    [time] => 2026-03-13 11:30:29
)


Lists handlers registered (3 variants):
Array
(
    [time] => 2026-03-13 11:30:29
)


OnProlog triggered - registering handlers:
Array
(
    [time] => 2026-03-13 11:30:29
)


Lists handlers registered (3 variants):
Array
(
    [time] => 2026-03-13 11:30:29
)


OnProlog triggered - registering handlers:
Array
(
    [time] => 2026-03-13 11:30:30
)


Lists handlers registered (3 variants):
Array
(
    [time] => 2026-03-13 11:30:30
)


OnProlog triggered - registering handlers:
Array
(
    [time] => 2026-03-13 11:30:31
)


Lists handlers registered (3 variants):
Array
(
    [time] => 2026-03-13 11:30:31
)


OnProlog triggered - registering handlers:
Array
(
    [time] => 2026-03-13 11:30:32
)


Lists handlers registered (3 variants):
Array
(
    [time] => 2026-03-13 11:30:32
)


OnProlog triggered - registering handlers:
Array
(
    [time] => 2026-03-13 11:30:36
)


Lists handlers registered (3 variants):
Array
(
    [time] => 2026-03-13 11:30:36
)


OnProlog triggered - registering handlers:
Array
(
    [time] => 2026-03-13 11:30:37
)


Lists handlers registered (3 variants):
Array
(
    [time] => 2026-03-13 11:30:37
)


OnProlog triggered - registering handlers:
Array
(
    [time] => 2026-03-13 11:30:37
)


Lists handlers registered (3 variants):
Array
(
    [time] => 2026-03-13 11:30:37
)


OnProlog triggered - registering handlers:
Array
(
    [time] => 2026-03-13 11:30:38
)


Lists handlers registered (3 variants):
Array
(
    [time] => 2026-03-13 11:30:38
)


OnProlog triggered - registering handlers:
Array
(
    [time] => 2026-03-13 11:30:47
)


Lists handlers registered (3 variants):
Array
(
    [time] => 2026-03-13 11:30:47
)


OnProlog triggered - registering handlers:
Array
(
    [time] => 2026-03-13 11:30:47
)


Lists handlers registered (3 variants):
Array
(
    [time] => 2026-03-13 11:30:47
)


OnProlog triggered - registering handlers:
Array
(
    [time] => 2026-03-13 11:30:48
)


Lists handlers registered (3 variants):
Array
(
    [time] => 2026-03-13 11:30:48
)


OnProlog triggered - registering handlers:
Array
(
    [time] => 2026-03-13 11:30:49
)


Lists handlers registered (3 variants):
Array
(
    [time] => 2026-03-13 11:30:49
)


OnProlog triggered - registering handlers:
Array
(
    [time] => 2026-03-13 11:30:54
)


Lists handlers registered (3 variants):
Array
(
    [time] => 2026-03-13 11:30:54
)


OnProlog triggered - registering handlers:
Array
(
    [time] => 2026-03-13 11:30:54
)


Lists handlers registered (3 variants):
Array
(
    [time] => 2026-03-13 11:30:54
)


OnProlog triggered - registering handlers:
Array
(
    [time] => 2026-03-13 11:30:54
)


Lists handlers registered (3 variants):
Array
(
    [time] => 2026-03-13 11:30:54
)


OnProlog triggered - registering handlers:
Array
(
    [time] => 2026-03-13 11:30:59
)


Lists handlers registered (3 variants):
Array
(
    [time] => 2026-03-13 11:30:59
)


OnProlog triggered - registering handlers:
Array
(
    [time] => 2026-03-13 11:30:59
)


Lists handlers registered (3 variants):
Array
(
    [time] => 2026-03-13 11:30:59
)


OnProlog triggered - registering handlers:
Array
(
    [time] => 2026-03-13 11:31:49
)


Lists handlers registered (3 variants):
Array
(
    [time] => 2026-03-13 11:31:49
)


OnProlog triggered - registering handlers:
Array
(
    [time] => 2026-03-13 11:32:32
)


Lists handlers registered (3 variants):
Array
(
    [time] => 2026-03-13 11:32:32
)


OnProlog triggered - registering handlers:
Array
(
    [time] => 2026-03-13 11:32:33
)


Lists handlers registered (3 variants):
Array
(
    [time] => 2026-03-13 11:32:33
)


OnProlog triggered - registering handlers:
Array
(
    [time] => 2026-03-13 11:32:34
)


Lists handlers registered (3 variants):
Array
(
    [time] => 2026-03-13 11:32:34
)


OnProlog triggered - registering handlers:
Array
(
    [time] => 2026-03-13 11:32:37
)


Lists handlers registered (3 variants):
Array
(
    [time] => 2026-03-13 11:32:37
)


OnProlog triggered - registering handlers:
Array
(
    [time] => 2026-03-13 11:32:39
)


Lists handlers registered (3 variants):
Array
(
    [time] => 2026-03-13 11:32:39
)


OnProlog triggered - registering handlers:
Array
(
    [time] => 2026-03-13 11:32:39
)


Lists handlers registered (3 variants):
Array
(
    [time] => 2026-03-13 11:32:39
)


OnProlog triggered - registering handlers:
Array
(
    [time] => 2026-03-13 11:32:49
)


Lists handlers registered (3 variants):
Array
(
    [time] => 2026-03-13 11:32:49
)


OnProlog triggered - registering handlers:
Array
(
    [time] => 2026-03-13 11:33:17
)


Lists handlers registered (3 variants):
Array
(
    [time] => 2026-03-13 11:33:17
)


OnProlog triggered - registering handlers:
Array
(
    [time] => 2026-03-13 11:33:19
)


Lists handlers registered (3 variants):
Array
(
    [time] => 2026-03-13 11:33:19
)


OnProlog triggered - registering handlers:
Array
(
    [time] => 2026-03-13 11:33:19
)


Lists handlers registered (3 variants):
Array
(
    [time] => 2026-03-13 11:33:19
)


OnProlog triggered - registering handlers:
Array
(
    [time] => 2026-03-13 11:33:29
)


Lists handlers registered (3 variants):
Array
(
    [time] => 2026-03-13 11:33:29
)


OnProlog triggered - registering handlers:
Array
(
    [time] => 2026-03-13 11:33:31
)


Lists handlers registered (3 variants):
Array
(
    [time] => 2026-03-13 11:33:31
)


OnProlog triggered - registering handlers:
Array
(
    [time] => 2026-03-13 11:33:31
)


Lists handlers registered (3 variants):
Array
(
    [time] => 2026-03-13 11:33:31
)


OnProlog triggered - registering handlers:
Array
(
    [time] => 2026-03-13 11:33:33
)


Lists handlers registered (3 variants):
Array
(
    [time] => 2026-03-13 11:33:33
)


OnProlog triggered - registering handlers:
Array
(
    [time] => 2026-03-13 11:33:34
)


Lists handlers registered (3 variants):
Array
(
    [time] => 2026-03-13 11:33:34
)


OnProlog triggered - registering handlers:
Array
(
    [time] => 2026-03-13 11:33:35
)


Lists handlers registered (3 variants):
Array
(
    [time] => 2026-03-13 11:33:35
)


OnProlog triggered - registering handlers:
Array
(
    [time] => 2026-03-13 11:33:36
)


Lists handlers registered (3 variants):
Array
(
    [time] => 2026-03-13 11:33:36
)


OnProlog triggered - registering handlers:
Array
(
    [time] => 2026-03-13 11:33:37
)


Lists handlers registered (3 variants):
Array
(
    [time] => 2026-03-13 11:33:37
)


OnProlog triggered - registering handlers:
Array
(
    [time] => 2026-03-13 11:33:37
)


Lists handlers registered (3 variants):
Array
(
    [time] => 2026-03-13 11:33:37
)


OnProlog triggered - registering handlers:
Array
(
    [time] => 2026-03-13 11:33:39
)


Lists handlers registered (3 variants):
Array
(
    [time] => 2026-03-13 11:33:39
)


OnProlog triggered - registering handlers:
Array
(
    [time] => 2026-03-13 11:33:43
)


Lists handlers registered (3 variants):
Array
(
    [time] => 2026-03-13 11:33:43
)


OnProlog triggered - registering handlers:
Array
(
    [time] => 2026-03-13 11:33:49
)


Lists handlers registered (3 variants):
Array
(
    [time] => 2026-03-13 11:33:49
)


OnProlog triggered - registering handlers:
Array
(
    [time] => 2026-03-13 11:33:54
)


Lists handlers registered (3 variants):
Array
(
    [time] => 2026-03-13 11:33:54
)


OnProlog triggered - registering handlers:
Array
(
    [time] => 2026-03-13 11:33:55
)


Lists handlers registered (3 variants):
Array
(
    [time] => 2026-03-13 11:33:55
)


OnProlog triggered - registering handlers:
Array
(
    [time] => 2026-03-13 11:33:56
)


Lists handlers registered (3 variants):
Array
(
    [time] => 2026-03-13 11:33:56
)


OnProlog triggered - registering handlers:
Array
(
    [time] => 2026-03-13 11:33:56
)


Lists handlers registered (3 variants):
Array
(
    [time] => 2026-03-13 11:33:56
)


OnProlog triggered - registering handlers:
Array
(
    [time] => 2026-03-13 11:34:05
)


Lists handlers registered (3 variants):
Array
(
    [time] => 2026-03-13 11:34:05
)


OnProlog triggered - registering handlers:
Array
(
    [time] => 2026-03-13 11:34:32
)


Lists handlers registered (3 variants):
Array
(
    [time] => 2026-03-13 11:34:32
)


OnProlog triggered - registering handlers:
Array
(
    [time] => 2026-03-13 11:34:32
)


Lists handlers registered (3 variants):
Array
(
    [time] => 2026-03-13 11:34:32
)


OnProlog triggered - registering handlers:
Array
(
    [time] => 2026-03-13 11:34:32
)


Lists handlers registered (3 variants):
Array
(
    [time] => 2026-03-13 11:34:32
)


OnProlog triggered - registering handlers:
Array
(
    [time] => 2026-03-13 11:34:34
)


Lists handlers registered (3 variants):
Array
(
    [time] => 2026-03-13 11:34:34
)


OnProlog triggered - registering handlers:
Array
(
    [time] => 2026-03-13 11:34:34
)


Lists handlers registered (3 variants):
Array
(
    [time] => 2026-03-13 11:34:34
)


OnProlog triggered - registering handlers:
Array
(
    [time] => 2026-03-13 11:34:36
)


Lists handlers registered (3 variants):
Array
(
    [time] => 2026-03-13 11:34:36
)


OnProlog triggered - registering handlers:
Array
(
    [time] => 2026-03-13 11:34:37
)


Lists handlers registered (3 variants):
Array
(
    [time] => 2026-03-13 11:34:37
)


OnProlog triggered - registering handlers:
Array
(
    [time] => 2026-03-13 11:34:39
)


Lists handlers registered (3 variants):
Array
(
    [time] => 2026-03-13 11:34:39
)


OnProlog triggered - registering handlers:
Array
(
    [time] => 2026-03-13 11:34:39
)


Lists handlers registered (3 variants):
Array
(
    [time] => 2026-03-13 11:34:39
)


OnProlog triggered - registering handlers:
Array
(
    [time] => 2026-03-13 11:34:46
)


Lists handlers registered (3 variants):
Array
(
    [time] => 2026-03-13 11:34:46
)


OnProlog triggered - registering handlers:
Array
(
    [time] => 2026-03-13 11:34:47
)


Lists handlers registered (3 variants):
Array
(
    [time] => 2026-03-13 11:34:47
)


OnProlog triggered - registering handlers:
Array
(
    [time] => 2026-03-13 11:34:47
)


Lists handlers registered (3 variants):
Array
(
    [time] => 2026-03-13 11:34:47
)


OnProlog triggered - registering handlers:
Array
(
    [time] => 2026-03-13 11:34:47
)


Lists handlers registered (3 variants):
Array
(
    [time] => 2026-03-13 11:34:47
)


OnProlog triggered - registering handlers:
Array
(
    [time] => 2026-03-13 11:34:57
)


Lists handlers registered (3 variants):
Array
(
    [time] => 2026-03-13 11:34:57
)


OnProlog triggered - registering handlers:
Array
(
    [time] => 2026-03-13 11:34:58
)


Lists handlers registered (3 variants):
Array
(
    [time] => 2026-03-13 11:34:58
)


OnProlog triggered - registering handlers:
Array
(
    [time] => 2026-03-13 11:34:59
)


Lists handlers registered (3 variants):
Array
(
    [time] => 2026-03-13 11:34:59
)


OnProlog triggered - registering handlers:
Array
(
    [time] => 2026-03-13 11:34:59
)


Lists handlers registered (3 variants):
Array
(
    [time] => 2026-03-13 11:34:59
)


OnProlog triggered - registering handlers:
Array
(
    [time] => 2026-03-13 11:35:01
)


Lists handlers registered (3 variants):
Array
(
    [time] => 2026-03-13 11:35:01
)


OnProlog triggered - registering handlers:
Array
(
    [time] => 2026-03-13 11:35:03
)


Lists handlers registered (3 variants):
Array
(
    [time] => 2026-03-13 11:35:03
)


OnProlog triggered - registering handlers:
Array
(
    [time] => 2026-03-13 11:35:03
)


Lists handlers registered (3 variants):
Array
(
    [time] => 2026-03-13 11:35:03
)


OnProlog triggered - registering handlers:
Array
(
    [time] => 2026-03-13 11:35:07
)


Lists handlers registered (3 variants):
Array
(
    [time] => 2026-03-13 11:35:07
)


OnProlog triggered - registering handlers:
Array
(
    [time] => 2026-03-13 11:35:08
)


Lists handlers registered (3 variants):
Array
(
    [time] => 2026-03-13 11:35:08
)


OnProlog triggered - registering handlers:
Array
(
    [time] => 2026-03-13 11:35:09
)


Lists handlers registered (3 variants):
Array
(
    [time] => 2026-03-13 11:35:09
)


OnProlog triggered - registering handlers:
Array
(
    [time] => 2026-03-13 11:35:09
)


Lists handlers registered (3 variants):
Array
(
    [time] => 2026-03-13 11:35:09
)


OnProlog triggered - registering handlers:
Array
(
    [time] => 2026-03-13 11:35:10
)


Lists handlers registered (3 variants):
Array
(
    [time] => 2026-03-13 11:35:10
)


OnProlog triggered - registering handlers:
Array
(
    [time] => 2026-03-13 11:35:11
)


Lists handlers registered (3 variants):
Array
(
    [time] => 2026-03-13 11:35:11
)


OnProlog triggered - registering handlers:
Array
(
    [time] => 2026-03-13 11:35:13
)


Lists handlers registered (3 variants):
Array
(
    [time] => 2026-03-13 11:35:13
)


OnProlog triggered - registering handlers:
Array
(
    [time] => 2026-03-13 11:35:14
)


Lists handlers registered (3 variants):
Array
(
    [time] => 2026-03-13 11:35:14
)


OnProlog triggered - registering handlers:
Array
(
    [time] => 2026-03-13 11:35:16
)


Lists handlers registered (3 variants):
Array
(
    [time] => 2026-03-13 11:35:16
)


OnProlog triggered - registering handlers:
Array
(
    [time] => 2026-03-13 11:35:17
)


Lists handlers registered (3 variants):
Array
(
    [time] => 2026-03-13 11:35:17
)


OnProlog triggered - registering handlers:
Array
(
    [time] => 2026-03-13 11:35:25
)


Lists handlers registered (3 variants):
Array
(
    [time] => 2026-03-13 11:35:25
)


OnProlog triggered - registering handlers:
Array
(
    [time] => 2026-03-13 11:35:29
)


Lists handlers registered (3 variants):
Array
(
    [time] => 2026-03-13 11:35:29
)


OnProlog triggered - registering handlers:
Array
(
    [time] => 2026-03-13 11:35:31
)


Lists handlers registered (3 variants):
Array
(
    [time] => 2026-03-13 11:35:31
)


OnProlog triggered - registering handlers:
Array
(
    [time] => 2026-03-13 11:35:33
)


Lists handlers registered (3 variants):
Array
(
    [time] => 2026-03-13 11:35:33
)


OnProlog triggered - registering handlers:
Array
(
    [time] => 2026-03-13 11:35:34
)


Lists handlers registered (3 variants):
Array
(
    [time] => 2026-03-13 11:35:34
)


OnProlog triggered - registering handlers:
Array
(
    [time] => 2026-03-13 11:35:35
)


Lists handlers registered (3 variants):
Array
(
    [time] => 2026-03-13 11:35:35
)


OnProlog triggered - registering handlers:
Array
(
    [time] => 2026-03-13 11:35:35
)


Lists handlers registered (3 variants):
Array
(
    [time] => 2026-03-13 11:35:35
)


OnProlog triggered - registering handlers:
Array
(
    [time] => 2026-03-13 11:35:35
)


Lists handlers registered (3 variants):
Array
(
    [time] => 2026-03-13 11:35:35
)


OnProlog triggered - registering handlers:
Array
(
    [time] => 2026-03-13 11:35:38
)


Lists handlers registered (3 variants):
Array
(
    [time] => 2026-03-13 11:35:38
)


OnProlog triggered - registering handlers:
Array
(
    [time] => 2026-03-13 11:35:39
)


Lists handlers registered (3 variants):
Array
(
    [time] => 2026-03-13 11:35:39
)


OnProlog triggered - registering handlers:
Array
(
    [time] => 2026-03-13 11:35:40
)


Lists handlers registered (3 variants):
Array
(
    [time] => 2026-03-13 11:35:40
)


OnProlog triggered - registering handlers:
Array
(
    [time] => 2026-03-13 11:35:40
)


Lists handlers registered (3 variants):
Array
(
    [time] => 2026-03-13 11:35:40
)


OnProlog triggered - registering handlers:
Array
(
    [time] => 2026-03-13 11:35:44
)


Lists handlers registered (3 variants):
Array
(
    [time] => 2026-03-13 11:35:44
)


OnProlog triggered - registering handlers:
Array
(
    [time] => 2026-03-13 11:35:45
)


Lists handlers registered (3 variants):
Array
(
    [time] => 2026-03-13 11:35:45
)


OnProlog triggered - registering handlers:
Array
(
    [time] => 2026-03-13 11:35:45
)


Lists handlers registered (3 variants):
Array
(
    [time] => 2026-03-13 11:35:45
)


OnProlog triggered - registering handlers:
Array
(
    [time] => 2026-03-13 11:35:47
)


Lists handlers registered (3 variants):
Array
(
    [time] => 2026-03-13 11:35:47
)


OnProlog triggered - registering handlers:
Array
(
    [time] => 2026-03-13 11:35:48
)


Lists handlers registered (3 variants):
Array
(
    [time] => 2026-03-13 11:35:48
)


OnProlog triggered - registering handlers:
Array
(
    [time] => 2026-03-13 11:35:49
)


Lists handlers registered (3 variants):
Array
(
    [time] => 2026-03-13 11:35:49
)


OnProlog triggered - registering handlers:
Array
(
    [time] => 2026-03-13 11:35:51
)


Lists handlers registered (3 variants):
Array
(
    [time] => 2026-03-13 11:35:51
)


OnProlog triggered - registering handlers:
Array
(
    [time] => 2026-03-13 11:35:52
)


Lists handlers registered (3 variants):
Array
(
    [time] => 2026-03-13 11:35:52
)


OnProlog triggered - registering handlers:
Array
(
    [time] => 2026-03-13 11:35:53
)


Lists handlers registered (3 variants):
Array
(
    [time] => 2026-03-13 11:35:53
)


OnProlog triggered - registering handlers:
Array
(
    [time] => 2026-03-13 11:35:59
)


Lists handlers registered (3 variants):
Array
(
    [time] => 2026-03-13 11:35:59
)


OnProlog triggered - registering handlers:
Array
(
    [time] => 2026-03-13 11:36:00
)


Lists handlers registered (3 variants):
Array
(
    [time] => 2026-03-13 11:36:00
)


OnProlog triggered - registering handlers:
Array
(
    [time] => 2026-03-13 11:36:00
)


Lists handlers registered (3 variants):
Array
(
    [time] => 2026-03-13 11:36:00
)


OnProlog triggered - registering handlers:
Array
(
    [time] => 2026-03-13 11:36:01
)


Lists handlers registered (3 variants):
Array
(
    [time] => 2026-03-13 11:36:01
)


OnProlog triggered - registering handlers:
Array
(
    [time] => 2026-03-13 11:36:11
)


Lists handlers registered (3 variants):
Array
(
    [time] => 2026-03-13 11:36:11
)


OnProlog triggered - registering handlers:
Array
(
    [time] => 2026-03-13 11:36:12
)


Lists handlers registered (3 variants):
Array
(
    [time] => 2026-03-13 11:36:12
)


OnProlog triggered - registering handlers:
Array
(
    [time] => 2026-03-13 11:36:16
)


Lists handlers registered (3 variants):
Array
(
    [time] => 2026-03-13 11:36:16
)


OnProlog triggered - registering handlers:
Array
(
    [time] => 2026-03-13 11:36:16
)


Lists handlers registered (3 variants):
Array
(
    [time] => 2026-03-13 11:36:16
)


OnProlog triggered - registering handlers:
Array
(
    [time] => 2026-03-13 11:36:20
)


Lists handlers registered (3 variants):
Array
(
    [time] => 2026-03-13 11:36:20
)


OnProlog triggered - registering handlers:
Array
(
    [time] => 2026-03-13 11:36:22
)


Lists handlers registered (3 variants):
Array
(
    [time] => 2026-03-13 11:36:22
)


OnProlog triggered - registering handlers:
Array
(
    [time] => 2026-03-13 11:36:22
)


Lists handlers registered (3 variants):
Array
(
    [time] => 2026-03-13 11:36:22
)


OnProlog triggered - registering handlers:
Array
(
    [time] => 2026-03-13 11:36:26
)


Lists handlers registered (3 variants):
Array
(
    [time] => 2026-03-13 11:36:26
)


OnProlog triggered - registering handlers:
Array
(
    [time] => 2026-03-13 11:36:27
)


Lists handlers registered (3 variants):
Array
(
    [time] => 2026-03-13 11:36:27
)


OnProlog triggered - registering handlers:
Array
(
    [time] => 2026-03-13 11:36:28
)


Lists handlers registered (3 variants):
Array
(
    [time] => 2026-03-13 11:36:28
)


OnProlog triggered - registering handlers:
Array
(
    [time] => 2026-03-13 11:36:28
)


Lists handlers registered (3 variants):
Array
(
    [time] => 2026-03-13 11:36:28
)


OnProlog triggered - registering handlers:
Array
(
    [time] => 2026-03-13 11:37:01
)


Lists handlers registered (3 variants):
Array
(
    [time] => 2026-03-13 11:37:01
)


OnProlog triggered - registering handlers:
Array
(
    [time] => 2026-03-13 11:38:30
)


Lists handlers registered (3 variants):
Array
(
    [time] => 2026-03-13 11:38:30
)


OnProlog triggered - registering handlers:
Array
(
    [time] => 2026-03-13 11:40:14
)


Lists handlers registered (3 variants):
Array
(
    [time] => 2026-03-13 11:40:14
)


OnProlog triggered - registering handlers:
Array
(
    [time] => 2026-03-13 11:41:22
)


Lists handlers registered (3 variants):
Array
(
    [time] => 2026-03-13 11:41:22
)


OnProlog triggered - registering handlers:
Array
(
    [time] => 2026-03-13 11:46:00
)


Lists handlers registered (3 variants):
Array
(
    [time] => 2026-03-13 11:46:00
)


OnProlog triggered - registering handlers:
Array
(
    [time] => 2026-03-13 11:46:06
)


Lists handlers registered (3 variants):
Array
(
    [time] => 2026-03-13 11:46:06
)


OnProlog triggered - registering handlers:
Array
(
    [time] => 2026-03-13 11:46:07
)


Lists handlers registered (3 variants):
Array
(
    [time] => 2026-03-13 11:46:07
)


OnProlog triggered - registering handlers:
Array
(
    [time] => 2026-03-13 11:46:09
)


Lists handlers registered (3 variants):
Array
(
    [time] => 2026-03-13 11:46:09
)


OnProlog triggered - registering handlers:
Array
(
    [time] => 2026-03-13 11:46:09
)


Lists handlers registered (3 variants):
Array
(
    [time] => 2026-03-13 11:46:09
)


OnProlog triggered - registering handlers:
Array
(
    [time] => 2026-03-13 11:46:11
)


Lists handlers registered (3 variants):
Array
(
    [time] => 2026-03-13 11:46:11
)


OnProlog triggered - registering handlers:
Array
(
    [time] => 2026-03-13 11:46:12
)


Lists handlers registered (3 variants):
Array
(
    [time] => 2026-03-13 11:46:12
)


OnProlog triggered - registering handlers:
Array
(
    [time] => 2026-03-13 11:46:12
)


Lists handlers registered (3 variants):
Array
(
    [time] => 2026-03-13 11:46:12
)


OnProlog triggered - registering handlers:
Array
(
    [time] => 2026-03-13 11:46:16
)


Lists handlers registered (3 variants):
Array
(
    [time] => 2026-03-13 11:46:16
)


OnProlog triggered - registering handlers:
Array
(
    [time] => 2026-03-13 11:46:18
)


Lists handlers registered (3 variants):
Array
(
    [time] => 2026-03-13 11:46:18
)


OnProlog triggered - registering handlers:
Array
(
    [time] => 2026-03-13 11:46:19
)


Lists handlers registered (3 variants):
Array
(
    [time] => 2026-03-13 11:46:19
)


OnProlog triggered - registering handlers:
Array
(
    [time] => 2026-03-13 11:46:38
)


Lists handlers registered (3 variants):
Array
(
    [time] => 2026-03-13 11:46:38
)


OnProlog triggered - registering handlers:
Array
(
    [time] => 2026-03-13 11:46:39
)


Lists handlers registered (3 variants):
Array
(
    [time] => 2026-03-13 11:46:39
)


OnProlog triggered - registering handlers:
Array
(
    [time] => 2026-03-13 11:46:39
)


Lists handlers registered (3 variants):
Array
(
    [time] => 2026-03-13 11:46:39
)


OnProlog triggered - registering handlers:
Array
(
    [time] => 2026-03-13 11:46:41
)


Lists handlers registered (3 variants):
Array
(
    [time] => 2026-03-13 11:46:41
)


OnProlog triggered - registering handlers:
Array
(
    [time] => 2026-03-13 11:46:41
)


Lists handlers registered (3 variants):
Array
(
    [time] => 2026-03-13 11:46:41
)


OnProlog triggered - registering handlers:
Array
(
    [time] => 2026-03-13 11:46:43
)


Lists handlers registered (3 variants):
Array
(
    [time] => 2026-03-13 11:46:43
)


OnProlog triggered - registering handlers:
Array
(
    [time] => 2026-03-13 11:46:45
)


Lists handlers registered (3 variants):
Array
(
    [time] => 2026-03-13 11:46:45
)


OnProlog triggered - registering handlers:
Array
(
    [time] => 2026-03-13 11:46:47
)


Lists handlers registered (3 variants):
Array
(
    [time] => 2026-03-13 11:46:47
)


OnProlog triggered - registering handlers:
Array
(
    [time] => 2026-03-13 11:46:47
)


Lists handlers registered (3 variants):
Array
(
    [time] => 2026-03-13 11:46:47
)


OnProlog triggered - registering handlers:
Array
(
    [time] => 2026-03-13 11:46:59
)


Lists handlers registered (3 variants):
Array
(
    [time] => 2026-03-13 11:46:59
)


OnProlog triggered - registering handlers:
Array
(
    [time] => 2026-03-13 11:47:01
)


Lists handlers registered (3 variants):
Array
(
    [time] => 2026-03-13 11:47:01
)


OnProlog triggered - registering handlers:
Array
(
    [time] => 2026-03-13 11:47:01
)


Lists handlers registered (3 variants):
Array
(
    [time] => 2026-03-13 11:47:01
)


OnProlog triggered - registering handlers:
Array
(
    [time] => 2026-03-13 11:47:01
)


Lists handlers registered (3 variants):
Array
(
    [time] => 2026-03-13 11:47:01
)


OnProlog triggered - registering handlers:
Array
(
    [time] => 2026-03-13 11:47:01
)


Lists handlers registered (3 variants):
Array
(
    [time] => 2026-03-13 11:47:01
)


OnProlog triggered - registering handlers:
Array
(
    [time] => 2026-03-13 11:47:12
)


Lists handlers registered (3 variants):
Array
(
    [time] => 2026-03-13 11:47:12
)


OnProlog triggered - registering handlers:
Array
(
    [time] => 2026-03-13 11:48:33
)


Lists handlers registered (3 variants):
Array
(
    [time] => 2026-03-13 11:48:33
)


OnProlog triggered - registering handlers:
Array
(
    [time] => 2026-03-13 11:48:59
)


Lists handlers registered (3 variants):
Array
(
    [time] => 2026-03-13 11:48:59
)


OnProlog triggered - registering handlers:
Array
(
    [time] => 2026-03-13 11:49:00
)


Lists handlers registered (3 variants):
Array
(
    [time] => 2026-03-13 11:49:00
)


OnProlog triggered - registering handlers:
Array
(
    [time] => 2026-03-13 11:49:02
)


Lists handlers registered (3 variants):
Array
(
    [time] => 2026-03-13 11:49:02
)


OnProlog triggered - registering handlers:
Array
(
    [time] => 2026-03-13 11:49:02
)


Lists handlers registered (3 variants):
Array
(
    [time] => 2026-03-13 11:49:02
)


OnProlog triggered - registering handlers:
Array
(
    [time] => 2026-03-13 11:49:09
)


Lists handlers registered (3 variants):
Array
(
    [time] => 2026-03-13 11:49:09
)


OnProlog triggered - registering handlers:
Array
(
    [time] => 2026-03-13 11:49:10
)


Lists handlers registered (3 variants):
Array
(
    [time] => 2026-03-13 11:49:10
)


OnProlog triggered - registering handlers:
Array
(
    [time] => 2026-03-13 11:49:11
)


Lists handlers registered (3 variants):
Array
(
    [time] => 2026-03-13 11:49:11
)


OnProlog triggered - registering handlers:
Array
(
    [time] => 2026-03-13 11:49:11
)


Lists handlers registered (3 variants):
Array
(
    [time] => 2026-03-13 11:49:11
)


OnProlog triggered - registering handlers:
Array
(
    [time] => 2026-03-13 11:49:12
)


Lists handlers registered (3 variants):
Array
(
    [time] => 2026-03-13 11:49:12
)


OnProlog triggered - registering handlers:
Array
(
    [time] => 2026-03-13 11:49:13
)


Lists handlers registered (3 variants):
Array
(
    [time] => 2026-03-13 11:49:13
)


OnProlog triggered - registering handlers:
Array
(
    [time] => 2026-03-13 11:49:13
)


Lists handlers registered (3 variants):
Array
(
    [time] => 2026-03-13 11:49:13
)


OnProlog triggered - registering handlers:
Array
(
    [time] => 2026-03-13 11:49:16
)


Lists handlers registered (3 variants):
Array
(
    [time] => 2026-03-13 11:49:16
)


OnProlog triggered - registering handlers:
Array
(
    [time] => 2026-03-13 11:49:20
)


Lists handlers registered (3 variants):
Array
(
    [time] => 2026-03-13 11:49:20
)


OnProlog triggered - registering handlers:
Array
(
    [time] => 2026-03-13 11:49:20
)


Lists handlers registered (3 variants):
Array
(
    [time] => 2026-03-13 11:49:20
)


OnProlog triggered - registering handlers:
Array
(
    [time] => 2026-03-13 11:49:20
)


Lists handlers registered (3 variants):
Array
(
    [time] => 2026-03-13 11:49:20
)


OnProlog triggered - registering handlers:
Array
(
    [time] => 2026-03-13 11:49:22
)


Lists handlers registered (3 variants):
Array
(
    [time] => 2026-03-13 11:49:22
)


OnProlog triggered - registering handlers:
Array
(
    [time] => 2026-03-13 11:49:22
)


Lists handlers registered (3 variants):
Array
(
    [time] => 2026-03-13 11:49:22
)


OnProlog triggered - registering handlers:
Array
(
    [time] => 2026-03-13 11:49:24
)


Lists handlers registered (3 variants):
Array
(
    [time] => 2026-03-13 11:49:24
)


OnProlog triggered - registering handlers:
Array
(
    [time] => 2026-03-13 11:49:26
)


Lists handlers registered (3 variants):
Array
(
    [time] => 2026-03-13 11:49:26
)


OnProlog triggered - registering handlers:
Array
(
    [time] => 2026-03-13 11:49:27
)


Lists handlers registered (3 variants):
Array
(
    [time] => 2026-03-13 11:49:27
)


OnProlog triggered - registering handlers:
Array
(
    [time] => 2026-03-13 11:49:28
)


Lists handlers registered (3 variants):
Array
(
    [time] => 2026-03-13 11:49:28
)


OnProlog triggered - registering handlers:
Array
(
    [time] => 2026-03-13 11:49:35
)


Lists handlers registered (3 variants):
Array
(
    [time] => 2026-03-13 11:49:35
)


OnProlog triggered - registering handlers:
Array
(
    [time] => 2026-03-13 11:49:36
)


Lists handlers registered (3 variants):
Array
(
    [time] => 2026-03-13 11:49:36
)


OnProlog triggered - registering handlers:
Array
(
    [time] => 2026-03-13 11:49:36
)


Lists handlers registered (3 variants):
Array
(
    [time] => 2026-03-13 11:49:36
)


OnProlog triggered - registering handlers:
Array
(
    [time] => 2026-03-13 11:49:36
)


Lists handlers registered (3 variants):
Array
(
    [time] => 2026-03-13 11:49:36
)


OnProlog triggered - registering handlers:
Array
(
    [time] => 2026-03-13 11:49:42
)


Lists handlers registered (3 variants):
Array
(
    [time] => 2026-03-13 11:49:42
)


OnProlog triggered - registering handlers:
Array
(
    [time] => 2026-03-13 11:49:43
)


Lists handlers registered (3 variants):
Array
(
    [time] => 2026-03-13 11:49:43
)


OnProlog triggered - registering handlers:
Array
(
    [time] => 2026-03-13 11:49:44
)


Lists handlers registered (3 variants):
Array
(
    [time] => 2026-03-13 11:49:44
)


OnProlog triggered - registering handlers:
Array
(
    [time] => 2026-03-13 11:49:44
)


Lists handlers registered (3 variants):
Array
(
    [time] => 2026-03-13 11:49:44
)


OnProlog triggered - registering handlers:
Array
(
    [time] => 2026-03-13 11:49:48
)


Lists handlers registered (3 variants):
Array
(
    [time] => 2026-03-13 11:49:48
)


OnProlog triggered - registering handlers:
Array
(
    [time] => 2026-03-13 11:49:49
)


Lists handlers registered (3 variants):
Array
(
    [time] => 2026-03-13 11:49:49
)


OnProlog triggered - registering handlers:
Array
(
    [time] => 2026-03-13 11:49:49
)


Lists handlers registered (3 variants):
Array
(
    [time] => 2026-03-13 11:49:49
)


OnProlog triggered - registering handlers:
Array
(
    [time] => 2026-03-13 11:49:53
)


Lists handlers registered (3 variants):
Array
(
    [time] => 2026-03-13 11:49:53
)


OnProlog triggered - registering handlers:
Array
(
    [time] => 2026-03-13 11:49:55
)


Lists handlers registered (3 variants):
Array
(
    [time] => 2026-03-13 11:49:55
)


OnProlog triggered - registering handlers:
Array
(
    [time] => 2026-03-13 11:49:56
)


Lists handlers registered (3 variants):
Array
(
    [time] => 2026-03-13 11:49:56
)


OnProlog triggered - registering handlers:
Array
(
    [time] => 2026-03-13 11:50:14
)


Lists handlers registered (3 variants):
Array
(
    [time] => 2026-03-13 11:50:14
)


OnProlog triggered - registering handlers:
Array
(
    [time] => 2026-03-13 11:50:16
)


Lists handlers registered (3 variants):
Array
(
    [time] => 2026-03-13 11:50:16
)


OnProlog triggered - registering handlers:
Array
(
    [time] => 2026-03-13 11:50:16
)


Lists handlers registered (3 variants):
Array
(
    [time] => 2026-03-13 11:50:16
)


OnProlog triggered - registering handlers:
Array
(
    [time] => 2026-03-13 11:50:22
)


Lists handlers registered (3 variants):
Array
(
    [time] => 2026-03-13 11:50:22
)


OnProlog triggered - registering handlers:
Array
(
    [time] => 2026-03-13 11:50:22
)


Lists handlers registered (3 variants):
Array
(
    [time] => 2026-03-13 11:50:22
)


OnProlog triggered - registering handlers:
Array
(
    [time] => 2026-03-13 11:50:23
)


Lists handlers registered (3 variants):
Array
(
    [time] => 2026-03-13 11:50:23
)


OnProlog triggered - registering handlers:
Array
(
    [time] => 2026-03-13 11:50:24
)


Lists handlers registered (3 variants):
Array
(
    [time] => 2026-03-13 11:50:24
)


OnProlog triggered - registering handlers:
Array
(
    [time] => 2026-03-13 11:50:25
)


Lists handlers registered (3 variants):
Array
(
    [time] => 2026-03-13 11:50:25
)


OnProlog triggered - registering handlers:
Array
(
    [time] => 2026-03-13 11:50:26
)


Lists handlers registered (3 variants):
Array
(
    [time] => 2026-03-13 11:50:26
)


OnProlog triggered - registering handlers:
Array
(
    [time] => 2026-03-13 11:50:30
)


Lists handlers registered (3 variants):
Array
(
    [time] => 2026-03-13 11:50:30
)


OnProlog triggered - registering handlers:
Array
(
    [time] => 2026-03-13 11:50:31
)


Lists handlers registered (3 variants):
Array
(
    [time] => 2026-03-13 11:50:31
)


OnProlog triggered - registering handlers:
Array
(
    [time] => 2026-03-13 11:50:31
)


Lists handlers registered (3 variants):
Array
(
    [time] => 2026-03-13 11:50:31
)


OnProlog triggered - registering handlers:
Array
(
    [time] => 2026-03-13 11:50:32
)


Lists handlers registered (3 variants):
Array
(
    [time] => 2026-03-13 11:50:32
)


OnProlog triggered - registering handlers:
Array
(
    [time] => 2026-03-13 11:50:45
)


Lists handlers registered (3 variants):
Array
(
    [time] => 2026-03-13 11:50:45
)


OnProlog triggered - registering handlers:
Array
(
    [time] => 2026-03-13 11:50:46
)


Lists handlers registered (3 variants):
Array
(
    [time] => 2026-03-13 11:50:46
)


OnProlog triggered - registering handlers:
Array
(
    [time] => 2026-03-13 11:50:47
)


Lists handlers registered (3 variants):
Array
(
    [time] => 2026-03-13 11:50:47
)


OnProlog triggered - registering handlers:
Array
(
    [time] => 2026-03-13 11:50:48
)


Lists handlers registered (3 variants):
Array
(
    [time] => 2026-03-13 11:50:48
)


OnProlog triggered - registering handlers:
Array
(
    [time] => 2026-03-13 11:50:48
)


Lists handlers registered (3 variants):
Array
(
    [time] => 2026-03-13 11:50:48
)


OnProlog triggered - registering handlers:
Array
(
    [time] => 2026-03-13 11:50:49
)


Lists handlers registered (3 variants):
Array
(
    [time] => 2026-03-13 11:50:49
)


OnProlog triggered - registering handlers:
Array
(
    [time] => 2026-03-13 11:50:51
)


Lists handlers registered (3 variants):
Array
(
    [time] => 2026-03-13 11:50:51
)


OnProlog triggered - registering handlers:
Array
(
    [time] => 2026-03-13 11:50:53
)


Lists handlers registered (3 variants):
Array
(
    [time] => 2026-03-13 11:50:53
)


OnProlog triggered - registering handlers:
Array
(
    [time] => 2026-03-13 11:50:54
)


Lists handlers registered (3 variants):
Array
(
    [time] => 2026-03-13 11:50:54
)


OnProlog triggered - registering handlers:
Array
(
    [time] => 2026-03-13 11:50:55
)


Lists handlers registered (3 variants):
Array
(
    [time] => 2026-03-13 11:50:55
)


OnProlog triggered - registering handlers:
Array
(
    [time] => 2026-03-13 11:50:55
)


Lists handlers registered (3 variants):
Array
(
    [time] => 2026-03-13 11:50:55
)


OnProlog triggered - registering handlers:
Array
(
    [time] => 2026-03-13 11:51:03
)


Lists handlers registered (3 variants):
Array
(
    [time] => 2026-03-13 11:51:03
)


OnProlog triggered - registering handlers:
Array
(
    [time] => 2026-03-13 11:51:04
)


Lists handlers registered (3 variants):
Array
(
    [time] => 2026-03-13 11:51:04
)


OnProlog triggered - registering handlers:
Array
(
    [time] => 2026-03-13 11:51:05
)


Lists handlers registered (3 variants):
Array
(
    [time] => 2026-03-13 11:51:05
)


OnProlog triggered - registering handlers:
Array
(
    [time] => 2026-03-13 11:51:08
)


Lists handlers registered (3 variants):
Array
(
    [time] => 2026-03-13 11:51:08
)


OnProlog triggered - registering handlers:
Array
(
    [time] => 2026-03-13 11:51:09
)


Lists handlers registered (3 variants):
Array
(
    [time] => 2026-03-13 11:51:09
)


OnProlog triggered - registering handlers:
Array
(
    [time] => 2026-03-13 11:51:09
)


Lists handlers registered (3 variants):
Array
(
    [time] => 2026-03-13 11:51:09
)


OnProlog triggered - registering handlers:
Array
(
    [time] => 2026-03-13 11:51:10
)


Lists handlers registered (3 variants):
Array
(
    [time] => 2026-03-13 11:51:10
)


OnProlog triggered - registering handlers:
Array
(
    [time] => 2026-03-13 11:51:10
)


Lists handlers registered (3 variants):
Array
(
    [time] => 2026-03-13 11:51:10
)


OnProlog triggered - registering handlers:
Array
(
    [time] => 2026-03-13 11:51:11
)


Lists handlers registered (3 variants):
Array
(
    [time] => 2026-03-13 11:51:11
)


OnProlog triggered - registering handlers:
Array
(
    [time] => 2026-03-13 11:51:14
)


Lists handlers registered (3 variants):
Array
(
    [time] => 2026-03-13 11:51:14
)


OnProlog triggered - registering handlers:
Array
(
    [time] => 2026-03-13 11:51:15
)


Lists handlers registered (3 variants):
Array
(
    [time] => 2026-03-13 11:51:15
)


OnProlog triggered - registering handlers:
Array
(
    [time] => 2026-03-13 11:51:16
)


Lists handlers registered (3 variants):
Array
(
    [time] => 2026-03-13 11:51:16
)


OnProlog triggered - registering handlers:
Array
(
    [time] => 2026-03-13 11:51:16
)


Lists handlers registered (3 variants):
Array
(
    [time] => 2026-03-13 11:51:16
)


OnProlog triggered - registering handlers:
Array
(
    [time] => 2026-03-13 11:51:16
)


Lists handlers registered (3 variants):
Array
(
    [time] => 2026-03-13 11:51:16
)


OnProlog triggered - registering handlers:
Array
(
    [time] => 2026-03-13 11:51:27
)


Lists handlers registered (3 variants):
Array
(
    [time] => 2026-03-13 11:51:27
)


OnProlog triggered - registering handlers:
Array
(
    [time] => 2026-03-13 11:51:28
)


Lists handlers registered (3 variants):
Array
(
    [time] => 2026-03-13 11:51:28
)


OnProlog triggered - registering handlers:
Array
(
    [time] => 2026-03-13 11:51:29
)


Lists handlers registered (3 variants):
Array
(
    [time] => 2026-03-13 11:51:29
)


OnProlog triggered - registering handlers:
Array
(
    [time] => 2026-03-13 11:51:29
)


Lists handlers registered (3 variants):
Array
(
    [time] => 2026-03-13 11:51:29
)


OnProlog triggered - registering handlers:
Array
(
    [time] => 2026-03-13 11:51:30
)


Lists handlers registered (3 variants):
Array
(
    [time] => 2026-03-13 11:51:30
)


OnProlog triggered - registering handlers:
Array
(
    [time] => 2026-03-13 11:51:41
)


Lists handlers registered (3 variants):
Array
(
    [time] => 2026-03-13 11:51:41
)


OnProlog triggered - registering handlers:
Array
(
    [time] => 2026-03-13 11:51:42
)


Lists handlers registered (3 variants):
Array
(
    [time] => 2026-03-13 11:51:42
)


OnProlog triggered - registering handlers:
Array
(
    [time] => 2026-03-13 11:51:43
)


Lists handlers registered (3 variants):
Array
(
    [time] => 2026-03-13 11:51:43
)


OnProlog triggered - registering handlers:
Array
(
    [time] => 2026-03-13 11:51:46
)


Lists handlers registered (3 variants):
Array
(
    [time] => 2026-03-13 11:51:46
)


OnProlog triggered - registering handlers:
Array
(
    [time] => 2026-03-13 11:51:47
)


Lists handlers registered (3 variants):
Array
(
    [time] => 2026-03-13 11:51:47
)


OnProlog triggered - registering handlers:
Array
(
    [time] => 2026-03-13 11:51:48
)


Lists handlers registered (3 variants):
Array
(
    [time] => 2026-03-13 11:51:48
)


OnProlog triggered - registering handlers:
Array
(
    [time] => 2026-03-13 11:51:49
)


Lists handlers registered (3 variants):
Array
(
    [time] => 2026-03-13 11:51:49
)


OnProlog triggered - registering handlers:
Array
(
    [time] => 2026-03-13 11:51:51
)


Lists handlers registered (3 variants):
Array
(
    [time] => 2026-03-13 11:51:51
)


OnProlog triggered - registering handlers:
Array
(
    [time] => 2026-03-13 11:51:52
)


Lists handlers registered (3 variants):
Array
(
    [time] => 2026-03-13 11:51:52
)


OnProlog triggered - registering handlers:
Array
(
    [time] => 2026-03-13 11:51:53
)


Lists handlers registered (3 variants):
Array
(
    [time] => 2026-03-13 11:51:53
)


OnProlog triggered - registering handlers:
Array
(
    [time] => 2026-03-13 11:51:53
)


Lists handlers registered (3 variants):
Array
(
    [time] => 2026-03-13 11:51:53
)


OnProlog triggered - registering handlers:
Array
(
    [time] => 2026-03-13 11:51:54
)


Lists handlers registered (3 variants):
Array
(
    [time] => 2026-03-13 11:51:54
)


OnProlog triggered - registering handlers:
Array
(
    [time] => 2026-03-13 11:51:55
)


Lists handlers registered (3 variants):
Array
(
    [time] => 2026-03-13 11:51:55
)


OnProlog triggered - registering handlers:
Array
(
    [time] => 2026-03-13 11:52:00
)


Lists handlers registered (3 variants):
Array
(
    [time] => 2026-03-13 11:52:00
)


OnProlog triggered - registering handlers:
Array
(
    [time] => 2026-03-13 11:52:01
)


Lists handlers registered (3 variants):
Array
(
    [time] => 2026-03-13 11:52:01
)


OnProlog triggered - registering handlers:
Array
(
    [time] => 2026-03-13 11:52:02
)


Lists handlers registered (3 variants):
Array
(
    [time] => 2026-03-13 11:52:02
)


OnProlog triggered - registering handlers:
Array
(
    [time] => 2026-03-13 11:52:03
)


Lists handlers registered (3 variants):
Array
(
    [time] => 2026-03-13 11:52:03
)


OnProlog triggered - registering handlers:
Array
(
    [time] => 2026-03-13 11:52:03
)


Lists handlers registered (3 variants):
Array
(
    [time] => 2026-03-13 11:52:03
)


OnProlog triggered - registering handlers:
Array
(
    [time] => 2026-03-13 11:52:07
)


Lists handlers registered (3 variants):
Array
(
    [time] => 2026-03-13 11:52:07
)


OnProlog triggered - registering handlers:
Array
(
    [time] => 2026-03-13 11:52:09
)


Lists handlers registered (3 variants):
Array
(
    [time] => 2026-03-13 11:52:09
)


OnProlog triggered - registering handlers:
Array
(
    [time] => 2026-03-13 11:52:09
)


Lists handlers registered (3 variants):
Array
(
    [time] => 2026-03-13 11:52:09
)


OnProlog triggered - registering handlers:
Array
(
    [time] => 2026-03-13 11:52:13
)


Lists handlers registered (3 variants):
Array
(
    [time] => 2026-03-13 11:52:13
)


OnProlog triggered - registering handlers:
Array
(
    [time] => 2026-03-13 11:52:14
)


Lists handlers registered (3 variants):
Array
(
    [time] => 2026-03-13 11:52:14
)


OnProlog triggered - registering handlers:
Array
(
    [time] => 2026-03-13 11:52:24
)


Lists handlers registered (3 variants):
Array
(
    [time] => 2026-03-13 11:52:24
)


OnProlog triggered - registering handlers:
Array
(
    [time] => 2026-03-13 11:52:25
)


Lists handlers registered (3 variants):
Array
(
    [time] => 2026-03-13 11:52:25
)


OnProlog triggered - registering handlers:
Array
(
    [time] => 2026-03-13 11:52:25
)


Lists handlers registered (3 variants):
Array
(
    [time] => 2026-03-13 11:52:25
)


OnProlog triggered - registering handlers:
Array
(
    [time] => 2026-03-13 11:52:30
)


Lists handlers registered (3 variants):
Array
(
    [time] => 2026-03-13 11:52:30
)


OnProlog triggered - registering handlers:
Array
(
    [time] => 2026-03-13 11:52:35
)


Lists handlers registered (3 variants):
Array
(
    [time] => 2026-03-13 11:52:35
)


OnProlog triggered - registering handlers:
Array
(
    [time] => 2026-03-13 11:52:48
)


Lists handlers registered (3 variants):
Array
(
    [time] => 2026-03-13 11:52:48
)


OnProlog triggered - registering handlers:
Array
(
    [time] => 2026-03-13 11:52:49
)


Lists handlers registered (3 variants):
Array
(
    [time] => 2026-03-13 11:52:49
)


OnProlog triggered - registering handlers:
Array
(
    [time] => 2026-03-13 11:52:50
)


Lists handlers registered (3 variants):
Array
(
    [time] => 2026-03-13 11:52:50
)


OnProlog triggered - registering handlers:
Array
(
    [time] => 2026-03-13 11:52:50
)


Lists handlers registered (3 variants):
Array
(
    [time] => 2026-03-13 11:52:50
)


OnProlog triggered - registering handlers:
Array
(
    [time] => 2026-03-13 11:52:51
)


Lists handlers registered (3 variants):
Array
(
    [time] => 2026-03-13 11:52:51
)


OnProlog triggered - registering handlers:
Array
(
    [time] => 2026-03-13 11:52:57
)


Lists handlers registered (3 variants):
Array
(
    [time] => 2026-03-13 11:52:57
)


OnProlog triggered - registering handlers:
Array
(
    [time] => 2026-03-13 11:52:58
)


Lists handlers registered (3 variants):
Array
(
    [time] => 2026-03-13 11:52:58
)


OnProlog triggered - registering handlers:
Array
(
    [time] => 2026-03-13 11:52:58
)


Lists handlers registered (3 variants):
Array
(
    [time] => 2026-03-13 11:52:58
)


OnProlog triggered - registering handlers:
Array
(
    [time] => 2026-03-13 11:53:13
)


Lists handlers registered (3 variants):
Array
(
    [time] => 2026-03-13 11:53:13
)


OnProlog triggered - registering handlers:
Array
(
    [time] => 2026-03-13 11:53:14
)


Lists handlers registered (3 variants):
Array
(
    [time] => 2026-03-13 11:53:14
)


OnProlog triggered - registering handlers:
Array
(
    [time] => 2026-03-13 11:53:16
)


Lists handlers registered (3 variants):
Array
(
    [time] => 2026-03-13 11:53:16
)


OnProlog triggered - registering handlers:
Array
(
    [time] => 2026-03-13 11:53:16
)


Lists handlers registered (3 variants):
Array
(
    [time] => 2026-03-13 11:53:16
)


OnProlog triggered - registering handlers:
Array
(
    [time] => 2026-03-13 11:53:19
)


Lists handlers registered (3 variants):
Array
(
    [time] => 2026-03-13 11:53:19
)


OnProlog triggered - registering handlers:
Array
(
    [time] => 2026-03-13 11:53:20
)


Lists handlers registered (3 variants):
Array
(
    [time] => 2026-03-13 11:53:20
)


OnProlog triggered - registering handlers:
Array
(
    [time] => 2026-03-13 11:53:21
)


Lists handlers registered (3 variants):
Array
(
    [time] => 2026-03-13 11:53:21
)


OnProlog triggered - registering handlers:
Array
(
    [time] => 2026-03-13 11:53:25
)


Lists handlers registered (3 variants):
Array
(
    [time] => 2026-03-13 11:53:25
)


OnProlog triggered - registering handlers:
Array
(
    [time] => 2026-03-13 11:54:21
)


Lists handlers registered (3 variants):
Array
(
    [time] => 2026-03-13 11:54:21
)


OnProlog triggered - registering handlers:
Array
(
    [time] => 2026-03-13 11:56:22
)


Lists handlers registered (3 variants):
Array
(
    [time] => 2026-03-13 11:56:22
)


OnProlog triggered - registering handlers:
Array
(
    [time] => 2026-03-13 11:56:36
)


Lists handlers registered (3 variants):
Array
(
    [time] => 2026-03-13 11:56:36
)


OnProlog triggered - registering handlers:
Array
(
    [time] => 2026-03-13 11:56:37
)


Lists handlers registered (3 variants):
Array
(
    [time] => 2026-03-13 11:56:37
)


OnProlog triggered - registering handlers:
Array
(
    [time] => 2026-03-13 11:56:38
)


Lists handlers registered (3 variants):
Array
(
    [time] => 2026-03-13 11:56:38
)


OnProlog triggered - registering handlers:
Array
(
    [time] => 2026-03-13 11:56:38
)


Lists handlers registered (3 variants):
Array
(
    [time] => 2026-03-13 11:56:38
)


OnProlog triggered - registering handlers:
Array
(
    [time] => 2026-03-16 09:29:53
)


Lists handlers registered (3 variants):
Array
(
    [time] => 2026-03-16 09:29:53
)


OnProlog triggered - registering handlers:
Array
(
    [time] => 2026-03-16 09:29:54
)


Lists handlers registered (3 variants):
Array
(
    [time] => 2026-03-16 09:29:54
)


OnProlog triggered - registering handlers:
Array
(
    [time] => 2026-03-16 09:30:43
)


Lists handlers registered (3 variants):
Array
(
    [time] => 2026-03-16 09:30:43
)


OnProlog triggered - registering handlers:
Array
(
    [time] => 2026-03-16 09:30:46
)


Lists handlers registered (3 variants):
Array
(
    [time] => 2026-03-16 09:30:46
)


OnProlog triggered - registering handlers:
Array
(
    [time] => 2026-03-16 09:30:46
)


Lists handlers registered (3 variants):
Array
(
    [time] => 2026-03-16 09:30:46
)


OnProlog triggered - registering handlers:
Array
(
    [time] => 2026-03-16 09:30:52
)


Lists handlers registered (3 variants):
Array
(
    [time] => 2026-03-16 09:30:52
)


OnProlog triggered - registering handlers:
Array
(
    [time] => 2026-03-16 09:30:52
)


Lists handlers registered (3 variants):
Array
(
    [time] => 2026-03-16 09:30:52
)


OnProlog triggered - registering handlers:
Array
(
    [time] => 2026-03-16 09:30:52
)


Lists handlers registered (3 variants):
Array
(
    [time] => 2026-03-16 09:30:52
)


OnProlog triggered - registering handlers:
Array
(
    [time] => 2026-03-16 09:30:53
)


Lists handlers registered (3 variants):
Array
(
    [time] => 2026-03-16 09:30:53
)


OnProlog triggered - registering handlers:
Array
(
    [time] => 2026-03-16 09:30:53
)


Lists handlers registered (3 variants):
Array
(
    [time] => 2026-03-16 09:30:53
)


OnProlog triggered - registering handlers:
Array
(
    [time] => 2026-03-16 09:30:57
)


Lists handlers registered (3 variants):
Array
(
    [time] => 2026-03-16 09:30:57
)


OnProlog triggered - registering handlers:
Array
(
    [time] => 2026-03-16 09:36:01
)


Lists handlers registered (3 variants):
Array
(
    [time] => 2026-03-16 09:36:01
)


OnProlog triggered - registering handlers:
Array
(
    [time] => 2026-03-16 09:36:24
)


Lists handlers registered (3 variants):
Array
(
    [time] => 2026-03-16 09:36:24
)


OnProlog triggered - registering handlers:
Array
(
    [time] => 2026-03-16 09:36:25
)


Lists handlers registered (3 variants):
Array
(
    [time] => 2026-03-16 09:36:25
)


OnProlog triggered - registering handlers:
Array
(
    [time] => 2026-03-16 09:36:25
)


Lists handlers registered (3 variants):
Array
(
    [time] => 2026-03-16 09:36:25
)


OnProlog triggered - registering handlers:
Array
(
    [time] => 2026-03-16 09:36:27
)


Lists handlers registered (3 variants):
Array
(
    [time] => 2026-03-16 09:36:27
)


OnProlog triggered - registering handlers:
Array
(
    [time] => 2026-03-16 09:36:28
)


Lists handlers registered (3 variants):
Array
(
    [time] => 2026-03-16 09:36:28
)


OnProlog triggered - registering handlers:
Array
(
    [time] => 2026-03-16 09:36:29
)


Lists handlers registered (3 variants):
Array
(
    [time] => 2026-03-16 09:36:29
)


OnProlog triggered - registering handlers:
Array
(
    [time] => 2026-03-16 09:36:29
)


Lists handlers registered (3 variants):
Array
(
    [time] => 2026-03-16 09:36:29
)


OnProlog triggered - registering handlers:
Array
(
    [time] => 2026-03-16 09:36:29
)


Lists handlers registered (3 variants):
Array
(
    [time] => 2026-03-16 09:36:29
)


OnProlog triggered - registering handlers:
Array
(
    [time] => 2026-03-16 09:36:30
)


Lists handlers registered (3 variants):
Array
(
    [time] => 2026-03-16 09:36:30
)


OnProlog triggered - registering handlers:
Array
(
    [time] => 2026-03-16 09:36:30
)


Lists handlers registered (3 variants):
Array
(
    [time] => 2026-03-16 09:36:30
)


OnProlog triggered - registering handlers:
Array
(
    [time] => 2026-03-16 09:36:33
)


Lists handlers registered (3 variants):
Array
(
    [time] => 2026-03-16 09:36:33
)


OnProlog triggered - registering handlers:
Array
(
    [time] => 2026-03-16 09:36:35
)


Lists handlers registered (3 variants):
Array
(
    [time] => 2026-03-16 09:36:35
)


OnProlog triggered - registering handlers:
Array
(
    [time] => 2026-03-16 09:36:35
)


Lists handlers registered (3 variants):
Array
(
    [time] => 2026-03-16 09:36:35
)


OnProlog triggered - registering handlers:
Array
(
    [time] => 2026-03-16 09:36:35
)


Lists handlers registered (3 variants):
Array
(
    [time] => 2026-03-16 09:36:35
)


OnProlog triggered - registering handlers:
Array
(
    [time] => 2026-03-16 09:36:48
)


Lists handlers registered (3 variants):
Array
(
    [time] => 2026-03-16 09:36:48
)


OnProlog triggered - registering handlers:
Array
(
    [time] => 2026-03-16 09:36:50
)


Lists handlers registered (3 variants):
Array
(
    [time] => 2026-03-16 09:36:50
)


OnProlog triggered - registering handlers:
Array
(
    [time] => 2026-03-16 09:36:50
)


Lists handlers registered (3 variants):
Array
(
    [time] => 2026-03-16 09:36:50
)


OnProlog triggered - registering handlers:
Array
(
    [time] => 2026-03-16 09:37:15
)


Lists handlers registered (3 variants):
Array
(
    [time] => 2026-03-16 09:37:15
)


OnProlog triggered - registering handlers:
Array
(
    [time] => 2026-03-16 09:37:16
)


Lists handlers registered (3 variants):
Array
(
    [time] => 2026-03-16 09:37:16
)


OnProlog triggered - registering handlers:
Array
(
    [time] => 2026-03-16 09:37:16
)


Lists handlers registered (3 variants):
Array
(
    [time] => 2026-03-16 09:37:16
)


OnProlog triggered - registering handlers:
Array
(
    [time] => 2026-03-16 09:37:17
)


Lists handlers registered (3 variants):
Array
(
    [time] => 2026-03-16 09:37:17
)


OnProlog triggered - registering handlers:
Array
(
    [time] => 2026-03-16 09:37:18
)


Lists handlers registered (3 variants):
Array
(
    [time] => 2026-03-16 09:37:18
)


OnProlog triggered - registering handlers:
Array
(
    [time] => 2026-03-16 09:37:23
)


Lists handlers registered (3 variants):
Array
(
    [time] => 2026-03-16 09:37:23
)


OnProlog triggered - registering handlers:
Array
(
    [time] => 2026-03-16 09:37:24
)


Lists handlers registered (3 variants):
Array
(
    [time] => 2026-03-16 09:37:24
)


OnProlog triggered - registering handlers:
Array
(
    [time] => 2026-03-16 09:37:25
)


Lists handlers registered (3 variants):
Array
(
    [time] => 2026-03-16 09:37:25
)


OnProlog triggered - registering handlers:
Array
(
    [time] => 2026-03-16 09:37:56
)


Lists handlers registered (3 variants):
Array
(
    [time] => 2026-03-16 09:37:56
)


OnProlog triggered - registering handlers:
Array
(
    [time] => 2026-03-16 09:37:58
)


Lists handlers registered (3 variants):
Array
(
    [time] => 2026-03-16 09:37:58
)


OnProlog triggered - registering handlers:
Array
(
    [time] => 2026-03-16 09:37:58
)


Lists handlers registered (3 variants):
Array
(
    [time] => 2026-03-16 09:37:58
)


OnProlog triggered - registering handlers:
Array
(
    [time] => 2026-03-16 09:38:05
)


Lists handlers registered (3 variants):
Array
(
    [time] => 2026-03-16 09:38:05
)


WorkOrderBeforeAdd (iblock):
Array
(
    [iblock_id] => 22
)


WorkOrderAfterAdd (iblock):
Array
(
    [iblock_id] => 22
    [id] => 211
)


Name updated:
Array
(
    [order_id] => 211
)


OnProlog triggered - registering handlers:
Array
(
    [time] => 2026-03-16 09:38:07
)


Lists handlers registered (3 variants):
Array
(
    [time] => 2026-03-16 09:38:07
)


OnProlog triggered - registering handlers:
Array
(
    [time] => 2026-03-16 09:38:08
)


Lists handlers registered (3 variants):
Array
(
    [time] => 2026-03-16 09:38:08
)


OnProlog triggered - registering handlers:
Array
(
    [time] => 2026-03-16 09:38:09
)


Lists handlers registered (3 variants):
Array
(
    [time] => 2026-03-16 09:38:09
)


OnProlog triggered - registering handlers:
Array
(
    [time] => 2026-03-16 09:38:09
)


Lists handlers registered (3 variants):
Array
(
    [time] => 2026-03-16 09:38:09
)


OnProlog triggered - registering handlers:
Array
(
    [time] => 2026-03-16 09:38:10
)


Lists handlers registered (3 variants):
Array
(
    [time] => 2026-03-16 09:38:10
)


OnProlog triggered - registering handlers:
Array
(
    [time] => 2026-03-16 09:38:10
)


Lists handlers registered (3 variants):
Array
(
    [time] => 2026-03-16 09:38:10
)


OnProlog triggered - registering handlers:
Array
(
    [time] => 2026-03-16 09:39:09
)


Lists handlers registered (3 variants):
Array
(
    [time] => 2026-03-16 09:39:09
)


OnProlog triggered - registering handlers:
Array
(
    [time] => 2026-03-16 11:09:48
)


Lists handlers registered (3 variants):
Array
(
    [time] => 2026-03-16 11:09:48
)


OnProlog triggered - registering handlers:
Array
(
    [time] => 2026-03-16 11:09:49
)


Lists handlers registered (3 variants):
Array
(
    [time] => 2026-03-16 11:09:49
)


OnProlog triggered - registering handlers:
Array
(
    [time] => 2026-03-16 11:09:51
)


Lists handlers registered (3 variants):
Array
(
    [time] => 2026-03-16 11:09:51
)


OnProlog triggered - registering handlers:
Array
(
    [time] => 2026-03-16 11:09:52
)


Lists handlers registered (3 variants):
Array
(
    [time] => 2026-03-16 11:09:52
)


OnProlog triggered - registering handlers:
Array
(
    [time] => 2026-03-16 11:09:53
)


Lists handlers registered (3 variants):
Array
(
    [time] => 2026-03-16 11:09:53
)


OnProlog triggered - registering handlers:
Array
(
    [time] => 2026-03-16 11:09:55
)


Lists handlers registered (3 variants):
Array
(
    [time] => 2026-03-16 11:09:55
)


OnProlog triggered - registering handlers:
Array
(
    [time] => 2026-03-16 11:09:56
)


Lists handlers registered (3 variants):
Array
(
    [time] => 2026-03-16 11:09:56
)


OnProlog triggered - registering handlers:
Array
(
    [time] => 2026-03-16 11:09:56
)


Lists handlers registered (3 variants):
Array
(
    [time] => 2026-03-16 11:09:56
)


OnProlog triggered - registering handlers:
Array
(
    [time] => 2026-03-17 00:10:56
)


Lists handlers registered (3 variants):
Array
(
    [time] => 2026-03-17 00:10:56
)


OnProlog triggered - registering handlers:
Array
(
    [time] => 2026-03-17 03:10:00
)


Lists handlers registered (3 variants):
Array
(
    [time] => 2026-03-17 03:10:00
)


OnProlog triggered - registering handlers:
Array
(
    [time] => 2026-03-17 03:10:08
)


Lists handlers registered (3 variants):
Array
(
    [time] => 2026-03-17 03:10:08
)


OnProlog triggered - registering handlers:
Array
(
    [time] => 2026-03-17 03:10:17
)


Lists handlers registered (3 variants):
Array
(
    [time] => 2026-03-17 03:10:17
)


OnProlog triggered - registering handlers:
Array
(
    [time] => 2026-03-17 03:10:28
)


Lists handlers registered (3 variants):
Array
(
    [time] => 2026-03-17 03:10:28
)


